pool_name,query_jid,query_formula,candidate_jid,formula,reduced_formula,material_type,dataset_kind,chemical_system,composition_family,material_family,formula_family,prototype_family,structure_variant,family_confidence,same_formula_family,same_prototype_family,same_structure_variant,elements,element_overlap_count,element_overlap_fraction_query,same_chemical_system,same_composition_family,same_material_family,spacegroup_number,spacegroup_symbol,crystal_system_code,symmetry_match,symmetry_distance,formation_energy,formation_energy_peratom,energy_above_hull,known_synthesized,stability_label,selection_reason,selection_score,rank_in_pool,missing_fields
adjacent_family,JVASP-140218,Li7Mn2Co3O12,JVASP-12171,MnCo2O6,Mn(CoO3)2,bulk,dft_3d,Co-Mn-O,oxide,oxide,ABO3,perovskite_like,perovskite_like_unknown_variant,0.7,False,False,False,Co;Mn;O,3,0.75,False,True,True,64,,3,False,56.0,-1.2350700000000001,-1.2350700000000001,0.0887,,stable_or_known,shares elements or related family context but is not the same chemical system/variant,4.758771929824562,1,known_synthesized
adjacent_family,JVASP-140218,Li7Mn2Co3O12,JVASP-47888,LiMn2O4,LiMn2O4,bulk,dft_3d,Li-Mn-O,oxide,oxide,AB2O4,spinel_like,distorted_battery_spinel_derivative,0.82,False,False,False,Li;Mn;O,3,0.75,False,True,True,74,,3,False,66.0,-1.94689,-1.94689,0.096,,stable_or_known,shares elements or related family context but is not the same chemical system/variant,4.757462686567164,2,known_synthesized
adjacent_family,JVASP-140218,Li7Mn2Co3O12,JVASP-12606,MnCoO3,MnCoO3,bulk,dft_3d,Co-Mn-O,oxide,oxide,ABO3,perovskite_like,perovskite_like_unknown_variant,0.7,False,False,False,Co;Mn;O,3,0.75,False,True,True,148,,5,False,140.0,-1.41346,-1.41346,0.0697,True,stable_or_known,shares elements or related family context but is not the same chemical system/variant,4.75354609929078,3,
adjacent_family,JVASP-140218,Li7Mn2Co3O12,JVASP-111394,MnCoO3,MnCoO3,bulk,dft_3d,Co-Mn-O,oxide,oxide,ABO3,perovskite_like,perovskite_like_unknown_variant,0.7,False,False,False,Co;Mn;O,3,0.75,False,True,True,148,,5,False,140.0,-1.4250800000000001,-1.4250800000000001,0.058100000000000006,,stable_or_known,shares elements or related family context but is not the same chemical system/variant,4.75354609929078,4,known_synthesized
adjacent_family,JVASP-140218,Li7Mn2Co3O12,JVASP-141644,LiMn2O4,LiMn2O4,bulk,dft_3d,Li-Mn-O,oxide,oxide,AB2O4,spinel_like,distorted_battery_spinel_derivative,0.82,False,False,False,Li;Mn;O,3,0.75,False,True,True,186,,6,False,178.0,-1.9910400000000001,-1.9910400000000001,0.0519,,stable_or_known,shares elements or related family context but is not the same chemical system/variant,4.7527932960893855,5,known_synthesized
adjacent_family,JVASP-140218,Li7Mn2Co3O12,JVASP-34813,LiMn2O4,LiMn2O4,bulk,dft_3d,Li-Mn-O,oxide,oxide,AB2O4,spinel_like,cubic_battery_spinel,0.86,False,False,False,Li;Mn;O,3,0.75,False,True,True,227,,7,False,219.0,-2.0259,-2.0259,0.017,True,stable_or_known,shares elements or related family context but is not the same chemical system/variant,4.752272727272727,6,
adjacent_family,JVASP-140218,Li7Mn2Co3O12,JVASP-141792,LiMn2O4,LiMn2O4,bulk,dft_3d,Li-Mn-O,oxide,oxide,AB2O4,spinel_like,cubic_battery_spinel,0.86,False,False,False,Li;Mn;O,3,0.75,False,True,True,227,,7,False,219.0,-2.0429,-2.0429,0.0,,stable_or_known,shares elements or related family context but is not the same chemical system/variant,4.752272727272727,7,known_synthesized
adjacent_family,JVASP-140218,Li7Mn2Co3O12,JVASP-116677,Mn2CoO4,Mn2CoO4,bulk,dft_3d,Co-Mn-O,oxide,oxide,AB2O4,spinel_like,cubic_spinel,0.86,False,False,False,Co;Mn;O,3,0.75,False,True,True,227,,7,False,219.0,-1.5818,-1.5818,0.0,,stable_or_known,shares elements or related family context but is not the same chemical system/variant,4.752272727272727,8,known_synthesized
adjacent_family,JVASP-140218,Li7Mn2Co3O12,JVASP-140537,CaMn2O4,CaMn2O4,bulk,dft_3d,Ca-Mn-O,oxide,oxide,AB2O4,spinel_like,spinel_like_unknown_variant,0.7,False,False,False,Ca;Mn;O,2,0.5,False,True,True,8,,2,True,0.0,-2.17547,-2.17547,0.079,,stable_or_known,shares elements or related family context but is not the same chemical system/variant,4.5,9,known_synthesized
adjacent_family,JVASP-140218,Li7Mn2Co3O12,JVASP-48221,LiFeO3,LiFeO3,bulk,dft_3d,Fe-Li-O,oxide,oxide,ABO3,perovskite_like,perovskite_like_unknown_variant,0.7,False,False,False,Fe;Li;O,2,0.5,False,True,True,9,,2,False,1.0,-1.54516,-1.54516,0.056,,stable_or_known,shares elements or related family context but is not the same chemical system/variant,4.25,10,known_synthesized
adjacent_family,JVASP-140218,Li7Mn2Co3O12,JVASP-121699,MnP3O9,Mn(PO3)3,bulk,dft_3d,Mn-O-P,oxide,oxide,ABO3,perovskite_like,perovskite_like_unknown_variant,0.7,False,False,False,Mn;O;P,2,0.5,False,True,True,9,,2,False,1.0,-2.06043,-2.06043,0.0,,stable_or_known,shares elements or related family context but is not the same chemical system/variant,4.25,11,known_synthesized
adjacent_family,JVASP-140218,Li7Mn2Co3O12,JVASP-108829,LiV2O4,LiV2O4,bulk,dft_3d,Li-O-V,oxide,oxide,AB2O4,spinel_like,distorted_spinel_derivative,0.8,False,False,False,Li;O;V,2,0.5,False,True,True,10,,2,False,2.0,-2.46048,-2.46048,0.0796,,stable_or_known,shares elements or related family context but is not the same chemical system/variant,4.166666666666667,12,known_synthesized
adjacent_family,JVASP-140218,Li7Mn2Co3O12,JVASP-105096,LiCr2O4,LiCr2O4,bulk,dft_3d,Cr-Li-O,oxide,oxide,AB2O4,spinel_like,distorted_spinel_derivative,0.8,False,False,False,Cr;Li;O,2,0.5,False,True,True,10,,2,False,2.0,-2.14508,-2.14508,0.0455,,stable_or_known,shares elements or related family context but is not the same chemical system/variant,4.166666666666667,13,known_synthesized
adjacent_family,JVASP-140218,Li7Mn2Co3O12,JVASP-85006,NaMn2O4,NaMn2O4,bulk,dft_3d,Mn-Na-O,oxide,oxide,AB2O4,spinel_like,distorted_spinel_derivative,0.8,False,False,False,Mn;Na;O,2,0.5,False,True,True,10,,2,False,2.0,-1.8943800000000002,-1.8943800000000002,0.0,,stable_or_known,shares elements or related family context but is not the same chemical system/variant,4.166666666666667,14,known_synthesized
adjacent_family,JVASP-140218,Li7Mn2Co3O12,JVASP-94828,NaMn2O4,NaMn2O4,bulk,dft_3d,Mn-Na-O,oxide,oxide,AB2O4,spinel_like,distorted_spinel_derivative,0.8,False,False,False,Mn;Na;O,2,0.5,False,True,True,10,,2,False,2.0,-1.89294,-1.89294,0.0014,,stable_or_known,shares elements or related family context but is not the same chemical system/variant,4.166666666666667,15,known_synthesized
adjacent_family,JVASP-140218,Li7Mn2Co3O12,JVASP-8377,LiMn2O4,LiMn2O4,bulk,dft_3d,Li-Mn-O,oxide,oxide,AB2O4,spinel_like,distorted_battery_spinel_derivative,0.82,False,False,False,Li;Mn;O,3,0.75,False,True,True,10,,2,False,2.0,-1.9373200000000002,-1.9373200000000002,0.1056,,unknown_or_less_stable,shares elements or related family context but is not the same chemical system/variant,4.166666666666667,16,known_synthesized
adjacent_family,JVASP-140218,Li7Mn2Co3O12,JVASP-38749,LiTi2O4,LiTi2O4,bulk,dft_3d,Li-O-Ti,oxide,oxide,AB2O4,spinel_like,spinel_like_unknown_variant,0.7,False,False,False,Li;O;Ti,2,0.5,False,True,True,11,,2,False,3.0,-3.04757,-3.04757,0.0219,True,stable_or_known,shares elements or related family context but is not the same chemical system/variant,4.125,17,
adjacent_family,JVASP-140218,Li7Mn2Co3O12,JVASP-109819,LiVO3,LiVO3,bulk,dft_3d,Li-O-V,oxide,oxide,ABO3,perovskite_like,perovskite_like_unknown_variant,0.7,False,False,False,Li;O;V,2,0.5,False,True,True,12,,2,False,4.0,-2.4015,-2.4015,0.0845,,stable_or_known,shares elements or related family context but is not the same chemical system/variant,4.1,18,known_synthesized
adjacent_family,JVASP-140218,Li7Mn2Co3O12,JVASP-97461,MnI2O6,Mn(IO3)2,bulk,dft_3d,I-Mn-O,oxide,oxide,ABO3,perovskite_like,perovskite_like_unknown_variant,0.7,False,False,False,I;Mn;O,2,0.5,False,True,True,4,,2,False,4.0,-0.6959500000000001,-0.6959500000000001,0.11130000000000001,True,stable_or_known,shares elements or related family context but is not the same chemical system/variant,4.1,19,
adjacent_family,JVASP-140218,Li7Mn2Co3O12,JVASP-100701,LiVO3,LiVO3,bulk,dft_3d,Li-O-V,oxide,oxide,ABO3,perovskite_like,perovskite_like_unknown_variant,0.7,False,False,False,Li;O;V,2,0.5,False,True,True,12,,2,False,4.0,-2.40795,-2.40795,0.078,,stable_or_known,shares elements or related family context but is not the same chemical system/variant,4.1,20,known_synthesized
adjacent_family,JVASP-140218,Li7Mn2Co3O12,JVASP-137276,Mn2V2O7,Mn2V2O7,bulk,dft_3d,Mn-O-V,oxide,oxide,A2B2O7,pyrochlore_like,pyrochlore_like_unknown_variant,0.72,False,False,False,Mn;O;V,2,0.5,False,True,True,12,,2,False,4.0,-2.19989,-2.19989,0.0021000000000000003,,stable_or_known,shares elements or related family context but is not the same chemical system/variant,4.1,21,known_synthesized
adjacent_family,JVASP-140218,Li7Mn2Co3O12,JVASP-11790,Mn2V2O7,Mn2V2O7,bulk,dft_3d,Mn-O-V,oxide,oxide,A2B2O7,pyrochlore_like,pyrochlore_like_unknown_variant,0.72,False,False,False,Mn;O;V,2,0.5,False,True,True,12,,2,False,4.0,-2.20196,-2.20196,0.0,True,stable_or_known,shares elements or related family context but is not the same chemical system/variant,4.1,22,
adjacent_family,JVASP-140218,Li7Mn2Co3O12,JVASP-85817,TiMnO3,TiMnO3,bulk,dft_3d,Mn-O-Ti,oxide,oxide,ABO3,perovskite_like,perovskite_like_unknown_variant,0.7,False,False,False,Mn;O;Ti,2,0.5,False,True,True,12,,2,False,4.0,-2.42361,-2.42361,0.15130000000000002,True,stable_or_known,shares elements or related family context but is not the same chemical system/variant,4.1,23,
adjacent_family,JVASP-140218,Li7Mn2Co3O12,JVASP-12614,Co2P2O7,Co2P2O7,bulk,dft_3d,Co-O-P,oxide,oxide,A2B2O7,pyrochlore_like,pyrochlore_like_unknown_variant,0.72,False,False,False,Co;O;P,2,0.5,False,True,True,12,,2,False,4.0,-1.72085,-1.72085,0.016900000000000002,True,stable_or_known,shares elements or related family context but is not the same chemical system/variant,4.1,24,
adjacent_family,JVASP-140218,Li7Mn2Co3O12,JVASP-48661,LiFeO3,LiFeO3,bulk,dft_3d,Fe-Li-O,oxide,oxide,ABO3,perovskite_like,perovskite_like_unknown_variant,0.7,False,False,False,Fe;Li;O,2,0.5,False,True,True,12,,2,False,4.0,-1.51664,-1.51664,0.0845,,stable_or_known,shares elements or related family context but is not the same chemical system/variant,4.1,25,known_synthesized
adjacent_family,JVASP-140218,Li7Mn2Co3O12,JVASP-48270,LiFeO3,LiFeO3,bulk,dft_3d,Fe-Li-O,oxide,oxide,ABO3,perovskite_like,perovskite_like_unknown_variant,0.7,False,False,False,Fe;Li;O,2,0.5,False,True,True,12,,2,False,4.0,-1.51469,-1.51469,0.0864,,stable_or_known,shares elements or related family context but is not the same chemical system/variant,4.1,26,known_synthesized
adjacent_family,JVASP-140218,Li7Mn2Co3O12,JVASP-30229,FeCo2O6,Fe(CoO3)2,bulk,dft_3d,Co-Fe-O,oxide,oxide,ABO3,perovskite_like,perovskite_like_unknown_variant,0.7,False,False,False,Co;Fe;O,2,0.5,False,True,True,12,,2,False,4.0,-1.09539,-1.09539,0.0959,,stable_or_known,shares elements or related family context but is not the same chemical system/variant,4.1,27,known_synthesized
adjacent_family,JVASP-140218,Li7Mn2Co3O12,JVASP-11471,Mn2P2O7,Mn2P2O7,bulk,dft_3d,Mn-O-P,oxide,oxide,A2B2O7,pyrochlore_like,pyrochlore_like_unknown_variant,0.72,False,False,False,Mn;O;P,2,0.5,False,True,True,12,,2,False,4.0,-2.06058,-2.06058,0.0058000000000000005,True,stable_or_known,shares elements or related family context but is not the same chemical system/variant,4.1,28,
adjacent_family,JVASP-140218,Li7Mn2Co3O12,JVASP-140408,Mn2P2O7,Mn2P2O7,bulk,dft_3d,Mn-O-P,oxide,oxide,A2B2O7,pyrochlore_like,pyrochlore_like_unknown_variant,0.72,False,False,False,Mn;O;P,2,0.5,False,True,True,12,,2,False,4.0,-2.06642,-2.06642,0.0,,stable_or_known,shares elements or related family context but is not the same chemical system/variant,4.1,29,known_synthesized
adjacent_family,JVASP-140218,Li7Mn2Co3O12,JVASP-30237,MnCo2O6,Mn(CoO3)2,bulk,dft_3d,Co-Mn-O,oxide,oxide,ABO3,perovskite_like,perovskite_like_unknown_variant,0.7,False,False,False,Co;Mn;O,3,0.75,False,True,True,12,,2,False,4.0,-1.14297,-1.14297,0.18080000000000002,,unknown_or_less_stable,shares elements or related family context but is not the same chemical system/variant,4.1,30,known_synthesized
adjacent_family,JVASP-140218,Li7Mn2Co3O12,JVASP-112900,MnPbO3,MnPbO3,bulk,dft_3d,Mn-O-Pb,oxide,oxide,ABO3,perovskite_like,perovskite_like_unknown_variant,0.7,False,False,False,Mn;O;Pb,2,0.5,False,True,True,13,,2,False,5.0,-1.5437,-1.5437,0.0608,,stable_or_known,shares elements or related family context but is not the same chemical system/variant,4.083333333333333,31,known_synthesized
adjacent_family,JVASP-140218,Li7Mn2Co3O12,JVASP-119691,CoAgO3,CoAgO3,bulk,dft_3d,Ag-Co-O,oxide,oxide,ABO3,perovskite_like,perovskite_like_unknown_variant,0.7,False,False,False,Ag;Co;O,2,0.5,False,True,True,2,,1,False,6.0,-0.71357,-0.71357,0.0253,,stable_or_known,shares elements or related family context but is not the same chemical system/variant,4.071428571428571,32,known_synthesized
adjacent_family,JVASP-140218,Li7Mn2Co3O12,JVASP-87207,MnSe2O6,Mn(SeO3)2,bulk,dft_3d,Mn-O-Se,oxide,oxide,ABO3,perovskite_like,perovskite_like_unknown_variant,0.7,False,False,False,Mn;O;Se,2,0.5,False,True,True,14,,2,False,6.0,-1.13327,-1.13327,0.012100000000000001,True,stable_or_known,shares elements or related family context but is not the same chemical system/variant,4.071428571428571,33,
adjacent_family,JVASP-140218,Li7Mn2Co3O12,JVASP-137598,MnCO3,MnCO3,bulk,dft_3d,C-Mn-O,oxide,oxide,ABO3,perovskite_like,perovskite_like_unknown_variant,0.7,False,False,False,C;Mn;O,2,0.5,False,True,True,14,,2,False,6.0,-1.42477,-1.42477,0.0644,,stable_or_known,shares elements or related family context but is not the same chemical system/variant,4.071428571428571,34,known_synthesized
adjacent_family,JVASP-140218,Li7Mn2Co3O12,JVASP-154636,LiCO2,LiCO2,bulk,dft_3d,C-Li-O,oxide,oxide,ABC2,max_phase_like,layered_carbide_nitride_candidate,0.58,False,False,False,C;Li;O,2,0.5,False,True,True,14,,2,False,6.0,-1.74342,-1.74342,0.0251,,stable_or_known,shares elements or related family context but is not the same chemical system/variant,4.071428571428571,35,known_synthesized
adjacent_family,JVASP-140218,Li7Mn2Co3O12,JVASP-96820,La2CoO4,La2CoO4,bulk,dft_3d,Co-La-O,oxide,oxide,AB2O4,spinel_like,spinel_like_unknown_variant,0.7,False,False,False,Co;La;O,2,0.5,False,True,True,14,,2,False,6.0,-2.86659,-2.86659,0.097,True,stable_or_known,shares elements or related family context but is not the same chemical system/variant,4.071428571428571,36,
adjacent_family,JVASP-140218,Li7Mn2Co3O12,JVASP-21003,Li2SO4,Li2SO4,bulk,dft_3d,Li-O-S,oxide,oxide,AB2O4,spinel_like,spinel_like_unknown_variant,0.7,False,False,False,Li;O;S,2,0.5,False,True,True,14,,2,False,6.0,-2.00925,-2.00925,0.0,True,stable_or_known,shares elements or related family context but is not the same chemical system/variant,4.071428571428571,37,
adjacent_family,JVASP-140218,Li7Mn2Co3O12,JVASP-141549,CoP3O9,Co(PO3)3,bulk,dft_3d,Co-O-P,oxide,oxide,ABO3,perovskite_like,perovskite_like_unknown_variant,0.7,False,False,False,Co;O;P,2,0.5,False,True,True,2,,1,False,6.0,-1.85789,-1.85789,0.0041,,stable_or_known,shares elements or related family context but is not the same chemical system/variant,4.071428571428571,38,known_synthesized
adjacent_family,JVASP-140218,Li7Mn2Co3O12,JVASP-146551,MnSe2O6,Mn(SeO3)2,bulk,dft_3d,Mn-O-Se,oxide,oxide,ABO3,perovskite_like,perovskite_like_unknown_variant,0.7,False,False,False,Mn;O;Se,2,0.5,False,True,True,14,,2,False,6.0,-1.14534,-1.14534,0.0,,stable_or_known,shares elements or related family context but is not the same chemical system/variant,4.071428571428571,39,known_synthesized
adjacent_family,JVASP-140218,Li7Mn2Co3O12,JVASP-98217,Co2P2O7,Co2P2O7,bulk,dft_3d,Co-O-P,oxide,oxide,A2B2O7,pyrochlore_like,low_symmetry_pyrochlore_related_candidate,0.72,False,False,False,Co;O;P,2,0.5,False,True,True,14,,2,False,6.0,-1.73777,-1.73777,0.0,True,stable_or_known,shares elements or related family context but is not the same chemical system/variant,4.071428571428571,40,
adjacent_family,JVASP-140218,Li7Mn2Co3O12,JVASP-57549,Co2P2O7,Co2P2O7,bulk,dft_3d,Co-O-P,oxide,oxide,A2B2O7,pyrochlore_like,pyrochlore_like_unknown_variant,0.72,False,False,False,Co;O;P,2,0.5,False,True,True,2,,1,False,6.0,-1.72086,-1.72086,0.016900000000000002,True,stable_or_known,shares elements or related family context but is not the same chemical system/variant,4.071428571428571,41,
adjacent_family,JVASP-140218,Li7Mn2Co3O12,JVASP-11795,LaMnO3,LaMnO3,bulk,dft_3d,La-Mn-O,oxide,oxide,ABO3,perovskite_like,perovskite_like_unknown_variant,0.7,False,False,False,La;Mn;O,2,0.5,False,True,True,15,,2,False,7.0,-2.8652800000000003,-2.8652800000000003,0.0238,True,stable_or_known,shares elements or related family context but is not the same chemical system/variant,4.0625,42,
adjacent_family,JVASP-140218,Li7Mn2Co3O12,JVASP-116861,LiCr2O4,LiCr2O4,bulk,dft_3d,Cr-Li-O,oxide,oxide,AB2O4,spinel_like,spinel_like_unknown_variant,0.7,False,False,False,Cr;Li;O,2,0.5,False,True,True,15,,2,False,7.0,-2.15347,-2.15347,0.037200000000000004,,stable_or_known,shares elements or related family context but is not the same chemical system/variant,4.0625,43,known_synthesized
adjacent_family,JVASP-140218,Li7Mn2Co3O12,JVASP-116885,CdCoO3,CdCoO3,bulk,dft_3d,Cd-Co-O,oxide,oxide,ABO3,perovskite_like,perovskite_like_unknown_variant,0.7,False,False,False,Cd;Co;O,2,0.5,False,True,True,15,,2,False,7.0,-1.07101,-1.07101,0.0376,,stable_or_known,shares elements or related family context but is not the same chemical system/variant,4.0625,44,known_synthesized
adjacent_family,JVASP-140218,Li7Mn2Co3O12,JVASP-120414,MnBiO3,MnBiO3,bulk,dft_3d,Bi-Mn-O,oxide,oxide,ABO3,perovskite_like,perovskite_like_unknown_variant,0.7,False,False,False,Bi;Mn;O,2,0.5,False,True,True,15,,2,False,7.0,-1.59532,-1.59532,0.0092,,stable_or_known,shares elements or related family context but is not the same chemical system/variant,4.0625,45,known_synthesized
adjacent_family,JVASP-140218,Li7Mn2Co3O12,JVASP-44380,Li2Cr2O7,Li2Cr2O7,bulk,dft_3d,Cr-Li-O,oxide,oxide,A2B2O7,pyrochlore_like,pyrochlore_like_unknown_variant,0.72,False,False,False,Cr;Li;O,2,0.5,False,True,True,1,,1,False,7.0,-2.00876,-2.00876,0.0063,,stable_or_known,shares elements or related family context but is not the same chemical system/variant,4.0625,46,known_synthesized
adjacent_family,JVASP-140218,Li7Mn2Co3O12,JVASP-154863,MnBiO3,MnBiO3,bulk,dft_3d,Bi-Mn-O,oxide,oxide,ABO3,perovskite_like,perovskite_like_unknown_variant,0.7,False,False,False,Bi;Mn;O,2,0.5,False,True,True,15,,2,False,7.0,-1.59528,-1.59528,0.0092,,stable_or_known,shares elements or related family context but is not the same chemical system/variant,4.0625,47,known_synthesized
adjacent_family,JVASP-140218,Li7Mn2Co3O12,JVASP-47059,ZnCoO3,ZnCoO3,bulk,dft_3d,Co-O-Zn,oxide,oxide,ABO3,perovskite_like,perovskite_like_unknown_variant,0.7,False,False,False,Co;O;Zn,2,0.5,False,True,True,15,,2,False,7.0,-1.22766,-1.22766,0.06280000000000001,,stable_or_known,shares elements or related family context but is not the same chemical system/variant,4.0625,48,known_synthesized
adjacent_family,JVASP-140218,Li7Mn2Co3O12,JVASP-11659,MgMn2O4,MgMn2O4,bulk,dft_3d,Mg-Mn-O,oxide,oxide,AB2O4,spinel_like,spinel_like_unknown_variant,0.7,False,False,False,Mg;Mn;O,2,0.5,False,True,True,15,,2,False,7.0,-2.05551,-2.05551,0.0771,,stable_or_known,shares elements or related family context but is not the same chemical system/variant,4.0625,49,known_synthesized
adjacent_family,JVASP-140218,Li7Mn2Co3O12,JVASP-147475,MnSi2O6,Mn(SiO3)2,bulk,dft_3d,Mn-O-Si,oxide,oxide,ABO3,perovskite_like,perovskite_like_unknown_variant,0.7,False,False,False,Mn;O;Si,2,0.5,False,True,True,15,,2,False,7.0,-2.45845,-2.45845,0.07740000000000001,,stable_or_known,shares elements or related family context but is not the same chemical system/variant,4.0625,50,known_synthesized
adjacent_family,JVASP-140218,Li7Mn2Co3O12,JVASP-57531,LiAsO3,LiAsO3,bulk,dft_3d,As-Li-O,oxide,oxide,ABO3,perovskite_like,perovskite_like_unknown_variant,0.7,False,False,False,As;Li;O,2,0.5,False,True,True,15,,2,False,7.0,-1.62918,-1.62918,0.0516,True,stable_or_known,shares elements or related family context but is not the same chemical system/variant,4.0625,51,
adjacent_family,JVASP-140218,Li7Mn2Co3O12,JVASP-96052,CoGeO3,CoGeO3,bulk,dft_3d,Co-Ge-O,oxide,oxide,ABO3,perovskite_like,perovskite_like_unknown_variant,0.7,False,False,False,Co;Ge;O,2,0.5,False,True,True,15,,2,False,7.0,-1.33397,-1.33397,0.12140000000000001,True,stable_or_known,shares elements or related family context but is not the same chemical system/variant,4.0625,52,
adjacent_family,JVASP-140218,Li7Mn2Co3O12,JVASP-46283,Li2CrO4,Li2CrO4,bulk,dft_3d,Cr-Li-O,oxide,oxide,AB2O4,spinel_like,spinel_like_unknown_variant,0.7,False,False,False,Cr;Li;O,2,0.5,False,True,True,1,,1,False,7.0,-2.16538,-2.16538,0.026600000000000002,,stable_or_known,shares elements or related family context but is not the same chemical system/variant,4.0625,53,known_synthesized
adjacent_family,JVASP-140218,Li7Mn2Co3O12,JVASP-112278,MnGeO3,MnGeO3,bulk,dft_3d,Ge-Mn-O,oxide,oxide,ABO3,perovskite_like,perovskite_like_unknown_variant,0.7,False,False,False,Ge;Mn;O,2,0.5,False,True,True,15,,2,False,7.0,-1.65019,-1.65019,0.033600000000000005,,stable_or_known,shares elements or related family context but is not the same chemical system/variant,4.0625,54,known_synthesized
adjacent_family,JVASP-140218,Li7Mn2Co3O12,JVASP-116796,MnPbO3,MnPbO3,bulk,dft_3d,Mn-O-Pb,oxide,oxide,ABO3,perovskite_like,perovskite_like_unknown_variant,0.7,False,False,False,Mn;O;Pb,2,0.5,False,True,True,15,,2,False,7.0,-1.60454,-1.60454,0.0,,stable_or_known,shares elements or related family context but is not the same chemical system/variant,4.0625,55,known_synthesized
adjacent_family,JVASP-140218,Li7Mn2Co3O12,JVASP-91467,MnP2O6,Mn(PO3)2,bulk,dft_3d,Mn-O-P,oxide,oxide,ABO3,perovskite_like,perovskite_like_unknown_variant,0.7,False,False,False,Mn;O;P,2,0.5,False,True,True,15,,2,False,7.0,-2.08914,-2.08914,0.0,True,stable_or_known,shares elements or related family context but is not the same chemical system/variant,4.0625,56,
adjacent_family,JVASP-140218,Li7Mn2Co3O12,JVASP-146924,MnSb4O12,Mn(SbO3)4,bulk,dft_3d,Mn-O-Sb,oxide,oxide,ABO3,perovskite_like,perovskite_like_unknown_variant,0.7,False,False,False,Mn;O;Sb,2,0.5,False,True,True,1,,1,False,7.0,-1.41099,-1.41099,0.029500000000000002,,stable_or_known,shares elements or related family context but is not the same chemical system/variant,4.0625,57,known_synthesized
adjacent_family,JVASP-140218,Li7Mn2Co3O12,JVASP-153088,Li2WO4,Li2WO4,bulk,dft_3d,Li-O-W,oxide,oxide,AB2O4,spinel_like,spinel_like_unknown_variant,0.7,False,False,False,Li;O;W,2,0.5,False,True,True,15,,2,False,7.0,-2.37337,-2.37337,0.0687,,stable_or_known,shares elements or related family context but is not the same chemical system/variant,4.0625,58,known_synthesized
adjacent_family,JVASP-140218,Li7Mn2Co3O12,JVASP-122296,MnBiO3,MnBiO3,bulk,dft_3d,Bi-Mn-O,oxide,oxide,ABO3,perovskite_like,perovskite_like_unknown_variant,0.7,False,False,False,Bi;Mn;O,2,0.5,False,True,True,15,,2,False,7.0,-1.5955300000000001,-1.5955300000000001,0.009000000000000001,,stable_or_known,shares elements or related family context but is not the same chemical system/variant,4.0625,59,known_synthesized
adjacent_family,JVASP-140218,Li7Mn2Co3O12,JVASP-44658,AlCoO3,AlCoO3,bulk,dft_3d,Al-Co-O,oxide,oxide,ABO3,perovskite_like,perovskite_like_unknown_variant,0.7,False,False,False,Al;Co;O,2,0.5,False,True,True,15,,2,False,7.0,-2.13957,-2.13957,0.07880000000000001,,stable_or_known,shares elements or related family context but is not the same chemical system/variant,4.0625,60,known_synthesized
adjacent_family,JVASP-140218,Li7Mn2Co3O12,JVASP-146606,Li2CrO4,Li2CrO4,bulk,dft_3d,Cr-Li-O,oxide,oxide,AB2O4,spinel_like,spinel_like_unknown_variant,0.7,False,False,False,Cr;Li;O,2,0.5,False,True,True,1,,1,False,7.0,-2.19195,-2.19195,0.0,,stable_or_known,shares elements or related family context but is not the same chemical system/variant,4.0625,61,known_synthesized
adjacent_family,JVASP-140218,Li7Mn2Co3O12,JVASP-152937,Li2WO4,Li2WO4,bulk,dft_3d,Li-O-W,oxide,oxide,AB2O4,spinel_like,spinel_like_unknown_variant,0.7,False,False,False,Li;O;W,2,0.5,False,True,True,15,,2,False,7.0,-2.37318,-2.37318,0.0689,,stable_or_known,shares elements or related family context but is not the same chemical system/variant,4.0625,62,known_synthesized
adjacent_family,JVASP-140218,Li7Mn2Co3O12,JVASP-132961,LiFeO3,LiFeO3,bulk,dft_3d,Fe-Li-O,oxide,oxide,ABO3,perovskite_like,perovskite_like_unknown_variant,0.7,False,False,False,Fe;Li;O,2,0.5,False,True,True,15,,2,False,7.0,-1.54421,-1.54421,0.056900000000000006,,stable_or_known,shares elements or related family context but is not the same chemical system/variant,4.0625,63,known_synthesized
adjacent_family,JVASP-140218,Li7Mn2Co3O12,JVASP-44705,MnSb4O12,Mn(SbO3)4,bulk,dft_3d,Mn-O-Sb,oxide,oxide,ABO3,perovskite_like,perovskite_like_unknown_variant,0.7,False,False,False,Mn;O;Sb,2,0.5,False,True,True,1,,1,False,7.0,-1.40222,-1.40222,0.0383,,stable_or_known,shares elements or related family context but is not the same chemical system/variant,4.0625,64,known_synthesized
adjacent_family,JVASP-140218,Li7Mn2Co3O12,JVASP-20839,Li2CO3,Li2CO3,bulk,dft_3d,C-Li-O,oxide,oxide,AB2C3,max_phase_like,layered_carbide_nitride_candidate,0.58,False,False,False,C;Li;O,2,0.5,False,True,True,15,,2,False,7.0,-2.02833,-2.02833,0.0,True,stable_or_known,shares elements or related family context but is not the same chemical system/variant,4.0625,65,
adjacent_family,JVASP-140218,Li7Mn2Co3O12,JVASP-144727,MgMn2O4,MgMn2O4,bulk,dft_3d,Mg-Mn-O,oxide,oxide,AB2O4,spinel_like,spinel_like_unknown_variant,0.7,False,False,False,Mg;Mn;O,2,0.5,False,True,True,1,,1,False,7.0,-2.07828,-2.07828,0.0543,,stable_or_known,shares elements or related family context but is not the same chemical system/variant,4.0625,66,known_synthesized
adjacent_family,JVASP-140218,Li7Mn2Co3O12,JVASP-146728,SrMnO3,SrMnO3,bulk,dft_3d,Mn-O-Sr,oxide,oxide,ABO3,perovskite_like,perovskite_like_unknown_variant,0.7,False,False,False,Mn;O;Sr,2,0.5,False,True,True,20,,3,False,12.0,-2.52348,-2.52348,0.0,,stable_or_known,shares elements or related family context but is not the same chemical system/variant,4.038461538461538,67,known_synthesized
adjacent_family,JVASP-140218,Li7Mn2Co3O12,JVASP-88495,SrMnO3,SrMnO3,bulk,dft_3d,Mn-O-Sr,oxide,oxide,ABO3,perovskite_like,perovskite_like_unknown_variant,0.7,False,False,False,Mn;O;Sr,2,0.5,False,True,True,20,,3,False,12.0,-2.50847,-2.50847,0.015,True,stable_or_known,shares elements or related family context but is not the same chemical system/variant,4.038461538461538,68,
adjacent_family,JVASP-140218,Li7Mn2Co3O12,JVASP-54698,Mn2HO4,Mn2HO4,bulk,dft_3d,H-Mn-O,oxide,oxide,AB2O4,spinel_like,spinel_like_unknown_variant,0.7,False,False,False,H;Mn;O,2,0.5,False,True,True,26,,3,False,18.0,-1.61927,-1.61927,0.0017000000000000001,True,stable_or_known,shares elements or related family context but is not the same chemical system/variant,4.026315789473684,69,
adjacent_family,JVASP-140218,Li7Mn2Co3O12,JVASP-46250,Li2CrO4,Li2CrO4,bulk,dft_3d,Cr-Li-O,oxide,oxide,AB2O4,spinel_like,spinel_like_unknown_variant,0.7,False,False,False,Cr;Li;O,2,0.5,False,True,True,31,,3,False,23.0,-2.1826,-2.1826,0.009300000000000001,,stable_or_known,shares elements or related family context but is not the same chemical system/variant,4.020833333333333,70,known_synthesized
adjacent_family,JVASP-140218,Li7Mn2Co3O12,JVASP-55606,LiIO3,LiIO3,bulk,dft_3d,I-Li-O,oxide,oxide,ABO3,perovskite_like,perovskite_like_unknown_variant,0.7,False,False,False,I;Li;O,2,0.5,False,True,True,33,,3,False,25.0,-1.06078,-1.06078,0.01,True,stable_or_known,shares elements or related family context but is not the same chemical system/variant,4.019230769230769,71,
adjacent_family,JVASP-140218,Li7Mn2Co3O12,JVASP-50073,LiTeO3,LiTeO3,bulk,dft_3d,Li-O-Te,oxide,oxide,ABO3,perovskite_like,perovskite_like_unknown_variant,0.7,False,False,False,Li;O;Te,2,0.5,False,True,True,34,,3,False,26.0,-1.4519900000000001,-1.4519900000000001,0.0591,,stable_or_known,shares elements or related family context but is not the same chemical system/variant,4.018518518518518,72,known_synthesized
adjacent_family,JVASP-140218,Li7Mn2Co3O12,JVASP-85961,MnClO3,MnClO3,bulk,dft_3d,Cl-Mn-O,oxide,oxide,ABO3,perovskite_like,perovskite_like_unknown_variant,0.7,False,False,False,Cl;Mn;O,2,0.5,False,True,True,36,,3,False,28.0,-1.00917,-1.00917,0.0761,True,stable_or_known,shares elements or related family context but is not the same chemical system/variant,4.017241379310345,73,
adjacent_family,JVASP-140218,Li7Mn2Co3O12,JVASP-86560,MnClO3,MnClO3,bulk,dft_3d,Cl-Mn-O,oxide,oxide,ABO3,perovskite_like,perovskite_like_unknown_variant,0.7,False,False,False,Cl;Mn;O,2,0.5,False,True,True,36,,3,False,28.0,-1.00964,-1.00964,0.0757,True,stable_or_known,shares elements or related family context but is not the same chemical system/variant,4.017241379310345,74,
adjacent_family,JVASP-140218,Li7Mn2Co3O12,JVASP-137368,CaMn2O4,CaMn2O4,bulk,dft_3d,Ca-Mn-O,oxide,oxide,AB2O4,spinel_like,spinel_like_unknown_variant,0.7,False,False,False,Ca;Mn;O,2,0.5,False,True,True,43,,3,False,35.0,-2.22174,-2.22174,0.0328,,stable_or_known,shares elements or related family context but is not the same chemical system/variant,4.013888888888889,75,known_synthesized
adjacent_family,JVASP-140218,Li7Mn2Co3O12,JVASP-109907,LiNO2,LiNO2,bulk,dft_3d,Li-N-O,oxide,oxide,ABC2,max_phase_like,layered_carbide_nitride_candidate,0.58,False,False,False,Li;N;O,2,0.5,False,True,True,44,,3,False,36.0,-0.9994900000000001,-0.9994900000000001,0.09670000000000001,,stable_or_known,shares elements or related family context but is not the same chemical system/variant,4.013513513513513,76,known_synthesized
adjacent_family,JVASP-140218,Li7Mn2Co3O12,JVASP-48200,KMn2O4,KMn2O4,bulk,dft_3d,K-Mn-O,oxide,oxide,AB2O4,spinel_like,distorted_spinel_derivative,0.8,False,False,False,K;Mn;O,2,0.5,False,True,True,51,,3,False,43.0,-1.89569,-1.89569,0.0,,stable_or_known,shares elements or related family context but is not the same chemical system/variant,4.011363636363637,77,known_synthesized
adjacent_family,JVASP-140218,Li7Mn2Co3O12,JVASP-45240,LiFeO3,LiFeO3,bulk,dft_3d,Fe-Li-O,oxide,oxide,ABO3,perovskite_like,perovskite_like_unknown_variant,0.7,False,False,False,Fe;Li;O,2,0.5,False,True,True,52,,3,False,44.0,-1.55384,-1.55384,0.0473,,stable_or_known,shares elements or related family context but is not the same chemical system/variant,4.011111111111111,78,known_synthesized
adjacent_family,JVASP-140218,Li7Mn2Co3O12,JVASP-21258,LiSbO3,LiSbO3,bulk,dft_3d,Li-O-Sb,oxide,oxide,ABO3,perovskite_like,perovskite_like_unknown_variant,0.7,False,False,False,Li;O;Sb,2,0.5,False,True,True,52,,3,False,44.0,-1.82902,-1.82902,0.0,True,stable_or_known,shares elements or related family context but is not the same chemical system/variant,4.011111111111111,79,
adjacent_family,JVASP-140218,Li7Mn2Co3O12,JVASP-141026,LiFeO3,LiFeO3,bulk,dft_3d,Fe-Li-O,oxide,oxide,ABO3,perovskite_like,perovskite_like_unknown_variant,0.7,False,False,False,Fe;Li;O,2,0.5,False,True,True,52,,3,False,44.0,-1.5741100000000001,-1.5741100000000001,0.027,,stable_or_known,shares elements or related family context but is not the same chemical system/variant,4.011111111111111,80,known_synthesized
adjacent_family,JVASP-140218,Li7Mn2Co3O12,JVASP-146002,LiTi2O4,LiTi2O4,bulk,dft_3d,Li-O-Ti,oxide,oxide,AB2O4,spinel_like,spinel_like_unknown_variant,0.7,False,False,False,Li;O;Ti,2,0.5,False,True,True,53,,3,False,45.0,-3.05511,-3.05511,0.014400000000000001,,stable_or_known,shares elements or related family context but is not the same chemical system/variant,4.010869565217392,81,known_synthesized
adjacent_family,JVASP-140218,Li7Mn2Co3O12,JVASP-144464,LiTi2O4,LiTi2O4,bulk,dft_3d,Li-O-Ti,oxide,oxide,AB2O4,spinel_like,spinel_like_unknown_variant,0.7,False,False,False,Li;O;Ti,2,0.5,False,True,True,53,,3,False,45.0,-3.05511,-3.05511,0.014400000000000001,,stable_or_known,shares elements or related family context but is not the same chemical system/variant,4.010869565217392,82,known_synthesized
adjacent_family,JVASP-140218,Li7Mn2Co3O12,JVASP-12651,Mn2GeO4,Mn2GeO4,bulk,dft_3d,Ge-Mn-O,oxide,oxide,AB2O4,spinel_like,spinel_like_unknown_variant,0.7,False,False,False,Ge;Mn;O,2,0.5,False,True,True,55,,3,False,47.0,-1.54875,-1.54875,0.0947,True,stable_or_known,shares elements or related family context but is not the same chemical system/variant,4.010416666666667,83,
adjacent_family,JVASP-140218,Li7Mn2Co3O12,JVASP-142839,Mn2GeO4,Mn2GeO4,bulk,dft_3d,Ge-Mn-O,oxide,oxide,AB2O4,spinel_like,spinel_like_unknown_variant,0.7,False,False,False,Ge;Mn;O,2,0.5,False,True,True,55,,3,False,47.0,-1.56089,-1.56089,0.0825,,stable_or_known,shares elements or related family context but is not the same chemical system/variant,4.010416666666667,84,known_synthesized
adjacent_family,JVASP-140218,Li7Mn2Co3O12,JVASP-91352,LiBiO3,LiBiO3,bulk,dft_3d,Bi-Li-O,oxide,oxide,ABO3,perovskite_like,perovskite_like_unknown_variant,0.7,False,False,False,Bi;Li;O,2,0.5,False,True,True,56,,3,False,48.0,-1.36758,-1.36758,0.0068000000000000005,True,stable_or_known,shares elements or related family context but is not the same chemical system/variant,4.010204081632653,85,
adjacent_family,JVASP-140218,Li7Mn2Co3O12,JVASP-49683,MgMnO3,MgMnO3,bulk,dft_3d,Mg-Mn-O,oxide,oxide,ABO3,perovskite_like,distorted_perovskite,0.78,False,False,False,Mg;Mn;O,2,0.5,False,True,True,62,,3,False,54.0,-2.29724,-2.29724,0.0507,,stable_or_known,shares elements or related family context but is not the same chemical system/variant,4.009090909090909,86,known_synthesized
adjacent_family,JVASP-140218,Li7Mn2Co3O12,JVASP-97607,Mn2GeO4,Mn2GeO4,bulk,dft_3d,Ge-Mn-O,oxide,oxide,AB2O4,spinel_like,distorted_spinel_derivative,0.8,False,False,False,Ge;Mn;O,2,0.5,False,True,True,62,,3,False,54.0,-1.56782,-1.56782,0.0756,True,stable_or_known,shares elements or related family context but is not the same chemical system/variant,4.009090909090909,87,
adjacent_family,JVASP-140218,Li7Mn2Co3O12,JVASP-119530,NdCoO3,NdCoO3,bulk,dft_3d,Co-Nd-O,oxide,oxide,ABO3,perovskite_like,distorted_perovskite,0.78,False,False,False,Co;Nd;O,2,0.5,False,True,True,62,,3,False,54.0,-2.44675,-2.44675,0.0,,stable_or_known,shares elements or related family context but is not the same chemical system/variant,4.009090909090909,88,known_synthesized
adjacent_family,JVASP-140218,Li7Mn2Co3O12,JVASP-55829,Co2SiO4,Co2SiO4,bulk,dft_3d,Co-O-Si,oxide,oxide,AB2O4,spinel_like,distorted_spinel_derivative,0.8,False,False,False,Co;O;Si,2,0.5,False,True,True,62,,3,False,54.0,-1.6336,-1.6336,0.165,True,stable_or_known,shares elements or related family context but is not the same chemical system/variant,4.009090909090909,89,
adjacent_family,JVASP-140218,Li7Mn2Co3O12,JVASP-141541,DyCoO3,DyCoO3,bulk,dft_3d,Co-Dy-O,oxide,oxide,ABO3,perovskite_like,distorted_perovskite,0.78,False,False,False,Co;Dy;O,2,0.5,False,True,True,62,,3,False,54.0,-2.55199,-2.55199,0.0,,stable_or_known,shares elements or related family context but is not the same chemical system/variant,4.009090909090909,90,known_synthesized
adjacent_family,JVASP-140218,Li7Mn2Co3O12,JVASP-144478,PrCoO3,PrCoO3,bulk,dft_3d,Co-O-Pr,oxide,oxide,ABO3,perovskite_like,distorted_perovskite,0.78,False,False,False,Co;O;Pr,2,0.5,False,True,True,62,,3,False,54.0,-2.42628,-2.42628,0.0,,stable_or_known,shares elements or related family context but is not the same chemical system/variant,4.009090909090909,91,known_synthesized
adjacent_family,JVASP-140218,Li7Mn2Co3O12,JVASP-46362,MgCoO3,MgCoO3,bulk,dft_3d,Co-Mg-O,oxide,oxide,ABO3,perovskite_like,distorted_perovskite,0.78,False,False,False,Co;Mg;O,2,0.5,False,True,True,62,,3,False,54.0,-1.79599,-1.79599,0.0591,,stable_or_known,shares elements or related family context but is not the same chemical system/variant,4.009090909090909,92,known_synthesized
adjacent_family,JVASP-140218,Li7Mn2Co3O12,JVASP-14208,DyCoO3,DyCoO3,bulk,dft_3d,Co-Dy-O,oxide,oxide,ABO3,perovskite_like,distorted_perovskite,0.78,False,False,False,Co;Dy;O,2,0.5,False,True,True,62,,3,False,54.0,-2.54305,-2.54305,0.0089,True,stable_or_known,shares elements or related family context but is not the same chemical system/variant,4.009090909090909,93,
adjacent_family,JVASP-140218,Li7Mn2Co3O12,JVASP-154994,YMnO3,YMnO3,bulk,dft_3d,Mn-O-Y,oxide,oxide,ABO3,perovskite_like,distorted_perovskite,0.78,False,False,False,Mn;O;Y,2,0.5,False,True,True,62,,3,False,54.0,-2.88779,-2.88779,0.0,,stable_or_known,shares elements or related family context but is not the same chemical system/variant,4.009090909090909,94,known_synthesized
adjacent_family,JVASP-140218,Li7Mn2Co3O12,JVASP-154956,CaMnO3,CaMnO3,bulk,dft_3d,Ca-Mn-O,oxide,oxide,ABO3,perovskite_like,distorted_perovskite,0.78,False,False,False,Ca;Mn;O,2,0.5,False,True,True,62,,3,False,54.0,-2.53435,-2.53435,0.0,,stable_or_known,shares elements or related family context but is not the same chemical system/variant,4.009090909090909,95,known_synthesized
adjacent_family,JVASP-140218,Li7Mn2Co3O12,JVASP-57198,LuCoO3,LuCoO3,bulk,dft_3d,Co-Lu-O,oxide,oxide,ABO3,perovskite_like,distorted_perovskite,0.78,False,False,False,Co;Lu;O,2,0.5,False,True,True,62,,3,False,54.0,-2.593,-2.593,0.0,True,stable_or_known,shares elements or related family context but is not the same chemical system/variant,4.009090909090909,96,
adjacent_family,JVASP-140218,Li7Mn2Co3O12,JVASP-91269,ErMnO3,ErMnO3,bulk,dft_3d,Er-Mn-O,oxide,oxide,ABO3,perovskite_like,distorted_perovskite,0.78,False,False,False,Er;Mn;O,2,0.5,False,True,True,62,,3,False,54.0,-2.88721,-2.88721,0.0,True,stable_or_known,shares elements or related family context but is not the same chemical system/variant,4.009090909090909,97,
adjacent_family,JVASP-140218,Li7Mn2Co3O12,JVASP-147140,HfMnO3,HfMnO3,bulk,dft_3d,Hf-Mn-O,oxide,oxide,ABO3,perovskite_like,distorted_perovskite,0.78,False,False,False,Hf;Mn;O,2,0.5,False,True,True,62,,3,False,54.0,-2.7970800000000002,-2.7970800000000002,0.0781,,stable_or_known,shares elements or related family context but is not the same chemical system/variant,4.009090909090909,98,known_synthesized
adjacent_family,JVASP-140218,Li7Mn2Co3O12,JVASP-96051,NdCoO3,NdCoO3,bulk,dft_3d,Co-Nd-O,oxide,oxide,ABO3,perovskite_like,distorted_perovskite,0.78,False,False,False,Co;Nd;O,2,0.5,False,True,True,62,,3,False,54.0,-2.43473,-2.43473,0.012,True,stable_or_known,shares elements or related family context but is not the same chemical system/variant,4.009090909090909,99,
adjacent_family,JVASP-140218,Li7Mn2Co3O12,JVASP-133596,YbMnO3,YbMnO3,bulk,dft_3d,Mn-O-Yb,oxide,oxide,ABO3,perovskite_like,distorted_perovskite,0.78,False,False,False,Mn;O;Yb,2,0.5,False,True,True,62,,3,False,54.0,-2.7478000000000002,-2.7478000000000002,0.0,,stable_or_known,shares elements or related family context but is not the same chemical system/variant,4.009090909090909,100,known_synthesized
adjacent_family,JVASP-140218,Li7Mn2Co3O12,JVASP-140555,CoSeO3,CoSeO3,bulk,dft_3d,Co-O-Se,oxide,oxide,ABO3,perovskite_like,distorted_perovskite,0.78,False,False,False,Co;O;Se,2,0.5,False,True,True,62,,3,False,54.0,-0.8288000000000001,-0.8288000000000001,0.067,,stable_or_known,shares elements or related family context but is not the same chemical system/variant,4.009090909090909,101,known_synthesized
adjacent_family,JVASP-140218,Li7Mn2Co3O12,JVASP-55753,DyCoO3,DyCoO3,bulk,dft_3d,Co-Dy-O,oxide,oxide,ABO3,perovskite_like,distorted_perovskite,0.78,False,False,False,Co;Dy;O,2,0.5,False,True,True,62,,3,False,54.0,-2.54305,-2.54305,0.0089,True,stable_or_known,shares elements or related family context but is not the same chemical system/variant,4.009090909090909,102,
adjacent_family,JVASP-140218,Li7Mn2Co3O12,JVASP-154742,CaMnO3,CaMnO3,bulk,dft_3d,Ca-Mn-O,oxide,oxide,ABO3,perovskite_like,distorted_perovskite,0.78,False,False,False,Ca;Mn;O,2,0.5,False,True,True,62,,3,False,54.0,-2.53433,-2.53433,0.0,,stable_or_known,shares elements or related family context but is not the same chemical system/variant,4.009090909090909,103,known_synthesized
adjacent_family,JVASP-140218,Li7Mn2Co3O12,JVASP-14118,SmCoO3,SmCoO3,bulk,dft_3d,Co-O-Sm,oxide,oxide,ABO3,perovskite_like,distorted_perovskite,0.78,False,False,False,Co;O;Sm,2,0.5,False,True,True,62,,3,False,54.0,-2.47253,-2.47253,0.0,True,stable_or_known,shares elements or related family context but is not the same chemical system/variant,4.009090909090909,104,
adjacent_family,JVASP-140218,Li7Mn2Co3O12,JVASP-91439,Co2SiO4,Co2SiO4,bulk,dft_3d,Co-O-Si,oxide,oxide,AB2O4,spinel_like,distorted_spinel_derivative,0.8,False,False,False,Co;O;Si,2,0.5,False,True,True,62,,3,False,54.0,-1.63359,-1.63359,0.165,True,stable_or_known,shares elements or related family context but is not the same chemical system/variant,4.009090909090909,105,
adjacent_family,JVASP-140218,Li7Mn2Co3O12,JVASP-98485,HoMnO3,HoMnO3,bulk,dft_3d,Ho-Mn-O,oxide,oxide,ABO3,perovskite_like,distorted_perovskite,0.78,False,False,False,Ho;Mn;O,2,0.5,False,True,True,62,,3,False,54.0,-2.8898900000000003,-2.8898900000000003,0.0,True,stable_or_known,shares elements or related family context but is not the same chemical system/variant,4.009090909090909,106,
adjacent_family,JVASP-140218,Li7Mn2Co3O12,JVASP-45380,Li2UO4,Li2UO4,bulk,dft_3d,Li-O-U,oxide,oxide,AB2O4,spinel_like,distorted_spinel_derivative,0.8,False,False,False,Li;O;U,2,0.5,False,True,True,62,,3,False,54.0,-2.94952,-2.94952,0.0,True,stable_or_known,shares elements or related family context but is not the same chemical system/variant,4.009090909090909,107,
adjacent_family,JVASP-140218,Li7Mn2Co3O12,JVASP-43506,HfMnO3,HfMnO3,bulk,dft_3d,Hf-Mn-O,oxide,oxide,ABO3,perovskite_like,distorted_perovskite,0.78,False,False,False,Hf;Mn;O,2,0.5,False,True,True,62,,3,False,54.0,-2.78851,-2.78851,0.08660000000000001,,stable_or_known,shares elements or related family context but is not the same chemical system/variant,4.009090909090909,108,known_synthesized
adjacent_family,JVASP-140218,Li7Mn2Co3O12,JVASP-146898,SmMnO3,SmMnO3,bulk,dft_3d,Mn-O-Sm,oxide,oxide,ABO3,perovskite_like,distorted_perovskite,0.78,False,False,False,Mn;O;Sm,2,0.5,False,True,True,62,,3,False,54.0,-2.8390400000000002,-2.8390400000000002,0.0,,stable_or_known,shares elements or related family context but is not the same chemical system/variant,4.009090909090909,109,known_synthesized
adjacent_family,JVASP-140218,Li7Mn2Co3O12,JVASP-117407,TbMnO3,TbMnO3,bulk,dft_3d,Mn-O-Tb,oxide,oxide,ABO3,perovskite_like,distorted_perovskite,0.78,False,False,False,Mn;O;Tb,2,0.5,False,True,True,62,,3,False,54.0,-2.8773,-2.8773,0.0,,stable_or_known,shares elements or related family context but is not the same chemical system/variant,4.009090909090909,110,known_synthesized
adjacent_family,JVASP-140218,Li7Mn2Co3O12,JVASP-46363,InCoO3,InCoO3,bulk,dft_3d,Co-In-O,oxide,oxide,ABO3,perovskite_like,distorted_perovskite,0.78,False,False,False,Co;In;O,2,0.5,False,True,True,62,,3,False,54.0,-1.37544,-1.37544,0.037700000000000004,,stable_or_known,shares elements or related family context but is not the same chemical system/variant,4.009090909090909,111,known_synthesized
adjacent_family,JVASP-140218,Li7Mn2Co3O12,JVASP-19372,MnZnO3,MnZnO3,bulk,dft_3d,Mn-O-Zn,oxide,oxide,ABO3,perovskite_like,distorted_perovskite,0.78,False,False,False,Mn;O;Zn,2,0.5,False,True,True,62,,3,False,54.0,-1.6710500000000001,-1.6710500000000001,0.0857,,stable_or_known,shares elements or related family context but is not the same chemical system/variant,4.009090909090909,112,known_synthesized
adjacent_family,JVASP-140218,Li7Mn2Co3O12,JVASP-144521,MnBiO3,MnBiO3,bulk,dft_3d,Bi-Mn-O,oxide,oxide,ABO3,perovskite_like,distorted_perovskite,0.78,False,False,False,Bi;Mn;O,2,0.5,False,True,True,62,,3,False,54.0,-1.6044800000000001,-1.6044800000000001,0.0,,stable_or_known,shares elements or related family context but is not the same chemical system/variant,4.009090909090909,113,known_synthesized
adjacent_family,JVASP-140218,Li7Mn2Co3O12,JVASP-144732,TbCoO3,TbCoO3,bulk,dft_3d,Co-O-Tb,oxide,oxide,ABO3,perovskite_like,distorted_perovskite,0.78,False,False,False,Co;O;Tb,2,0.5,False,True,True,62,,3,False,54.0,-2.53905,-2.53905,0.0,,stable_or_known,shares elements or related family context but is not the same chemical system/variant,4.009090909090909,114,known_synthesized
adjacent_family,JVASP-140218,Li7Mn2Co3O12,JVASP-51537,ErCoO3,ErCoO3,bulk,dft_3d,Co-Er-O,oxide,oxide,ABO3,perovskite_like,distorted_perovskite,0.78,False,False,False,Co;Er;O,2,0.5,False,True,True,62,,3,False,54.0,-2.56456,-2.56456,0.007500000000000001,True,stable_or_known,shares elements or related family context but is not the same chemical system/variant,4.009090909090909,115,
adjacent_family,JVASP-140218,Li7Mn2Co3O12,JVASP-57382,TiMnO3,TiMnO3,bulk,dft_3d,Mn-O-Ti,oxide,oxide,ABO3,perovskite_like,distorted_perovskite,0.78,False,False,False,Mn;O;Ti,2,0.5,False,True,True,62,,3,False,54.0,-2.519,-2.519,0.055900000000000005,True,stable_or_known,shares elements or related family context but is not the same chemical system/variant,4.009090909090909,116,
adjacent_family,JVASP-140218,Li7Mn2Co3O12,JVASP-55798,LuMnO3,LuMnO3,bulk,dft_3d,Lu-Mn-O,oxide,oxide,ABO3,perovskite_like,distorted_perovskite,0.78,False,False,False,Lu;Mn;O,2,0.5,False,True,True,62,,3,False,54.0,-2.90025,-2.90025,0.022,True,stable_or_known,shares elements or related family context but is not the same chemical system/variant,4.009090909090909,117,
adjacent_family,JVASP-140218,Li7Mn2Co3O12,JVASP-144886,TlCoO3,TlCoO3,bulk,dft_3d,Co-O-Tl,oxide,oxide,ABO3,perovskite_like,distorted_perovskite,0.78,False,False,False,Co;O;Tl,2,0.5,False,True,True,62,,3,False,54.0,-0.9194,-0.9194,0.0379,,stable_or_known,shares elements or related family context but is not the same chemical system/variant,4.009090909090909,118,known_synthesized
adjacent_family,JVASP-140218,Li7Mn2Co3O12,JVASP-141846,InCoO3,InCoO3,bulk,dft_3d,Co-In-O,oxide,oxide,ABO3,perovskite_like,distorted_perovskite,0.78,False,False,False,Co;In;O,2,0.5,False,True,True,62,,3,False,54.0,-1.38437,-1.38437,0.028800000000000003,,stable_or_known,shares elements or related family context but is not the same chemical system/variant,4.009090909090909,119,known_synthesized
adjacent_family,JVASP-140218,Li7Mn2Co3O12,JVASP-141822,ErCoO3,ErCoO3,bulk,dft_3d,Co-Er-O,oxide,oxide,ABO3,perovskite_like,distorted_perovskite,0.78,False,False,False,Co;Er;O,2,0.5,False,True,True,62,,3,False,54.0,-2.57211,-2.57211,0.0,,stable_or_known,shares elements or related family context but is not the same chemical system/variant,4.009090909090909,120,known_synthesized
adjacent_family,JVASP-140218,Li7Mn2Co3O12,JVASP-141161,MgMnO3,MgMnO3,bulk,dft_3d,Mg-Mn-O,oxide,oxide,ABO3,perovskite_like,distorted_perovskite,0.78,False,False,False,Mg;Mn;O,2,0.5,False,True,True,62,,3,False,54.0,-2.31062,-2.31062,0.0374,,stable_or_known,shares elements or related family context but is not the same chemical system/variant,4.009090909090909,121,known_synthesized
adjacent_family,JVASP-140218,Li7Mn2Co3O12,JVASP-133591,YMnO3,YMnO3,bulk,dft_3d,Mn-O-Y,oxide,oxide,ABO3,perovskite_like,distorted_perovskite,0.78,False,False,False,Mn;O;Y,2,0.5,False,True,True,62,,3,False,54.0,-2.87852,-2.87852,0.009300000000000001,,stable_or_known,shares elements or related family context but is not the same chemical system/variant,4.009090909090909,122,known_synthesized
adjacent_family,JVASP-140218,Li7Mn2Co3O12,JVASP-133634,ScCoO3,ScCoO3,bulk,dft_3d,Co-O-Sc,oxide,oxide,ABO3,perovskite_like,distorted_perovskite,0.78,False,False,False,Co;O;Sc,2,0.5,False,True,True,62,,3,False,54.0,-2.4801,-2.4801,0.0,,stable_or_known,shares elements or related family context but is not the same chemical system/variant,4.009090909090909,123,known_synthesized
adjacent_family,JVASP-140218,Li7Mn2Co3O12,JVASP-96923,Rb2MnO4,Rb2MnO4,bulk,dft_3d,Mn-O-Rb,oxide,oxide,AB2O4,spinel_like,distorted_spinel_derivative,0.8,False,False,False,Mn;O;Rb,2,0.5,False,True,True,62,,3,False,54.0,-1.8955300000000002,-1.8955300000000002,0.0,True,stable_or_known,shares elements or related family context but is not the same chemical system/variant,4.009090909090909,124,
adjacent_family,JVASP-140218,Li7Mn2Co3O12,JVASP-99020,PrMnO3,PrMnO3,bulk,dft_3d,Mn-O-Pr,oxide,oxide,ABO3,perovskite_like,distorted_perovskite,0.78,False,False,False,Mn;O;Pr,2,0.5,False,True,True,62,,3,False,54.0,-2.79237,-2.79237,0.0,True,stable_or_known,shares elements or related family context but is not the same chemical system/variant,4.009090909090909,125,
adjacent_family,JVASP-140218,Li7Mn2Co3O12,JVASP-116939,CoBiO3,CoBiO3,bulk,dft_3d,Bi-Co-O,oxide,oxide,ABO3,perovskite_like,distorted_perovskite,0.78,False,False,False,Bi;Co;O,2,0.5,False,True,True,62,,3,False,54.0,-1.23307,-1.23307,0.0106,,stable_or_known,shares elements or related family context but is not the same chemical system/variant,4.009090909090909,126,known_synthesized
adjacent_family,JVASP-140218,Li7Mn2Co3O12,JVASP-148118,LiTaO3,LiTaO3,bulk,dft_3d,Li-O-Ta,oxide,oxide,ABO3,perovskite_like,distorted_perovskite,0.78,False,False,False,Li;O;Ta,2,0.5,False,True,True,62,,3,False,54.0,-2.83366,-2.83366,0.093,,stable_or_known,shares elements or related family context but is not the same chemical system/variant,4.009090909090909,127,known_synthesized
adjacent_family,JVASP-140218,Li7Mn2Co3O12,JVASP-96050,TbCoO3,TbCoO3,bulk,dft_3d,Co-O-Tb,oxide,oxide,ABO3,perovskite_like,distorted_perovskite,0.78,False,False,False,Co;O;Tb,2,0.5,False,True,True,62,,3,False,54.0,-2.53071,-2.53071,0.0083,True,stable_or_known,shares elements or related family context but is not the same chemical system/variant,4.009090909090909,128,
adjacent_family,JVASP-140218,Li7Mn2Co3O12,JVASP-142639,MgCoO3,MgCoO3,bulk,dft_3d,Co-Mg-O,oxide,oxide,ABO3,perovskite_like,distorted_perovskite,0.78,False,False,False,Co;Mg;O,2,0.5,False,True,True,62,,3,False,54.0,-1.81031,-1.81031,0.0448,,stable_or_known,shares elements or related family context but is not the same chemical system/variant,4.009090909090909,129,known_synthesized
adjacent_family,JVASP-140218,Li7Mn2Co3O12,JVASP-55758,CoSeO3,CoSeO3,bulk,dft_3d,Co-O-Se,oxide,oxide,ABO3,perovskite_like,distorted_perovskite,0.78,False,False,False,Co;O;Se,2,0.5,False,True,True,62,,3,False,54.0,-0.81779,-0.81779,0.078,True,stable_or_known,shares elements or related family context but is not the same chemical system/variant,4.009090909090909,130,
adjacent_family,JVASP-140218,Li7Mn2Co3O12,JVASP-111631,MnVO3,MnVO3,bulk,dft_3d,Mn-O-V,oxide,oxide,ABO3,perovskite_like,distorted_perovskite,0.78,False,False,False,Mn;O;V,2,0.5,False,True,True,62,,3,False,54.0,-2.09536,-2.09536,0.044700000000000004,,stable_or_known,shares elements or related family context but is not the same chemical system/variant,4.009090909090909,131,known_synthesized
adjacent_family,JVASP-140218,Li7Mn2Co3O12,JVASP-55801,MnSeO3,MnSeO3,bulk,dft_3d,Mn-O-Se,oxide,oxide,ABO3,perovskite_like,distorted_perovskite,0.78,False,False,False,Mn;O;Se,2,0.5,False,True,True,62,,3,False,54.0,-1.12893,-1.12893,0.19870000000000002,True,stable_or_known,shares elements or related family context but is not the same chemical system/variant,4.009090909090909,132,
adjacent_family,JVASP-140218,Li7Mn2Co3O12,JVASP-55793,DyMnO3,DyMnO3,bulk,dft_3d,Dy-Mn-O,oxide,oxide,ABO3,perovskite_like,distorted_perovskite,0.78,False,False,False,Dy;Mn;O,2,0.5,False,True,True,62,,3,False,54.0,-2.87583,-2.87583,0.0,True,stable_or_known,shares elements or related family context but is not the same chemical system/variant,4.009090909090909,133,
adjacent_family,JVASP-140218,Li7Mn2Co3O12,JVASP-142823,YCoO3,YCoO3,bulk,dft_3d,Co-O-Y,oxide,oxide,ABO3,perovskite_like,distorted_perovskite,0.78,False,False,False,Co;O;Y,2,0.5,False,True,True,62,,3,False,54.0,-2.55574,-2.55574,0.0,,stable_or_known,shares elements or related family context but is not the same chemical system/variant,4.009090909090909,134,known_synthesized
adjacent_family,JVASP-140218,Li7Mn2Co3O12,JVASP-141264,NdMnO3,NdMnO3,bulk,dft_3d,Mn-Nd-O,oxide,oxide,ABO3,perovskite_like,distorted_perovskite,0.78,False,False,False,Mn;Nd;O,2,0.5,False,True,True,62,,3,False,54.0,-2.81734,-2.81734,0.0,,stable_or_known,shares elements or related family context but is not the same chemical system/variant,4.009090909090909,135,known_synthesized
adjacent_family,JVASP-140218,Li7Mn2Co3O12,JVASP-142051,LuCoO3,LuCoO3,bulk,dft_3d,Co-Lu-O,oxide,oxide,ABO3,perovskite_like,distorted_perovskite,0.78,False,False,False,Co;Lu;O,2,0.5,False,True,True,62,,3,False,54.0,-2.59287,-2.59287,0.0001,,stable_or_known,shares elements or related family context but is not the same chemical system/variant,4.009090909090909,136,known_synthesized
adjacent_family,JVASP-140218,Li7Mn2Co3O12,JVASP-49581,YCoO3,YCoO3,bulk,dft_3d,Co-O-Y,oxide,oxide,ABO3,perovskite_like,distorted_perovskite,0.78,False,False,False,Co;O;Y,2,0.5,False,True,True,62,,3,False,54.0,-2.5441700000000003,-2.5441700000000003,0.011600000000000001,,stable_or_known,shares elements or related family context but is not the same chemical system/variant,4.009090909090909,137,known_synthesized
adjacent_family,JVASP-140218,Li7Mn2Co3O12,JVASP-154865,CaMnO3,CaMnO3,bulk,dft_3d,Ca-Mn-O,oxide,oxide,ABO3,perovskite_like,distorted_perovskite,0.78,False,False,False,Ca;Mn;O,2,0.5,False,True,True,62,,3,False,54.0,-2.53433,-2.53433,0.0,,stable_or_known,shares elements or related family context but is not the same chemical system/variant,4.009090909090909,138,known_synthesized
adjacent_family,JVASP-140218,Li7Mn2Co3O12,JVASP-154840,CaMnO3,CaMnO3,bulk,dft_3d,Ca-Mn-O,oxide,oxide,ABO3,perovskite_like,distorted_perovskite,0.78,False,False,False,Ca;Mn;O,2,0.5,False,True,True,62,,3,False,54.0,-2.5343400000000003,-2.5343400000000003,0.0,,stable_or_known,shares elements or related family context but is not the same chemical system/variant,4.009090909090909,139,known_synthesized
adjacent_family,JVASP-140218,Li7Mn2Co3O12,JVASP-98484,TbMnO3,TbMnO3,bulk,dft_3d,Mn-O-Tb,oxide,oxide,ABO3,perovskite_like,distorted_perovskite,0.78,False,False,False,Mn;O;Tb,2,0.5,False,True,True,62,,3,False,54.0,-2.8773,-2.8773,0.0,True,stable_or_known,shares elements or related family context but is not the same chemical system/variant,4.009090909090909,140,
adjacent_family,JVASP-140218,Li7Mn2Co3O12,JVASP-97345,LaMnO3,LaMnO3,bulk,dft_3d,La-Mn-O,oxide,oxide,ABO3,perovskite_like,distorted_perovskite,0.78,False,False,False,La;Mn;O,2,0.5,False,True,True,62,,3,False,54.0,-2.88909,-2.88909,0.0,True,stable_or_known,shares elements or related family context but is not the same chemical system/variant,4.009090909090909,141,
adjacent_family,JVASP-140218,Li7Mn2Co3O12,JVASP-46185,ScCoO3,ScCoO3,bulk,dft_3d,Co-O-Sc,oxide,oxide,ABO3,perovskite_like,distorted_perovskite,0.78,False,False,False,Co;O;Sc,2,0.5,False,True,True,62,,3,False,54.0,-2.48,-2.48,0.0001,,stable_or_known,shares elements or related family context but is not the same chemical system/variant,4.009090909090909,142,known_synthesized
adjacent_family,JVASP-140218,Li7Mn2Co3O12,JVASP-44466,MnZnO3,MnZnO3,bulk,dft_3d,Mn-O-Zn,oxide,oxide,ABO3,perovskite_like,distorted_perovskite,0.78,False,False,False,Mn;O;Zn,2,0.5,False,True,True,62,,3,False,54.0,-1.67106,-1.67106,0.0857,,stable_or_known,shares elements or related family context but is not the same chemical system/variant,4.009090909090909,143,known_synthesized
adjacent_family,JVASP-140218,Li7Mn2Co3O12,JVASP-143925,Sr2CoO4,Sr2CoO4,bulk,dft_3d,Co-O-Sr,oxide,oxide,AB2O4,spinel_like,distorted_spinel_derivative,0.8,False,False,False,Co;O;Sr,2,0.5,False,True,True,63,,3,False,55.0,-2.31452,-2.31452,0.0,,stable_or_known,shares elements or related family context but is not the same chemical system/variant,4.008928571428571,144,known_synthesized
adjacent_family,JVASP-140218,Li7Mn2Co3O12,JVASP-9959,MgMn2O4,MgMn2O4,bulk,dft_3d,Mg-Mn-O,oxide,oxide,AB2O4,spinel_like,distorted_spinel_derivative,0.8,False,False,False,Mg;Mn;O,2,0.5,False,True,True,63,,3,False,55.0,-2.09113,-2.09113,0.0415,,stable_or_known,shares elements or related family context but is not the same chemical system/variant,4.008928571428571,145,known_synthesized
adjacent_family,JVASP-140218,Li7Mn2Co3O12,JVASP-43032,NaMn2O4,NaMn2O4,bulk,dft_3d,Mn-Na-O,oxide,oxide,AB2O4,spinel_like,distorted_spinel_derivative,0.8,False,False,False,Mn;Na;O,2,0.5,False,True,True,63,,3,False,55.0,-1.8374300000000001,-1.8374300000000001,0.057,,stable_or_known,shares elements or related family context but is not the same chemical system/variant,4.008928571428571,146,known_synthesized
adjacent_family,JVASP-140218,Li7Mn2Co3O12,JVASP-112742,CaMn2O4,CaMn2O4,bulk,dft_3d,Ca-Mn-O,oxide,oxide,AB2O4,spinel_like,distorted_spinel_derivative,0.8,False,False,False,Ca;Mn;O,2,0.5,False,True,True,63,,3,False,55.0,-2.2545,-2.2545,0.0,,stable_or_known,shares elements or related family context but is not the same chemical system/variant,4.008928571428571,147,known_synthesized
adjacent_family,JVASP-140218,Li7Mn2Co3O12,JVASP-57818,Li2SO4,Li2SO4,bulk,dft_3d,Li-O-S,oxide,oxide,AB2O4,spinel_like,distorted_spinel_derivative,0.8,False,False,False,Li;O;S,2,0.5,False,True,True,63,,3,False,55.0,-1.98021,-1.98021,0.029,True,stable_or_known,shares elements or related family context but is not the same chemical system/variant,4.008928571428571,148,
adjacent_family,JVASP-140218,Li7Mn2Co3O12,JVASP-9960,CaMn2O4,CaMn2O4,bulk,dft_3d,Ca-Mn-O,oxide,oxide,AB2O4,spinel_like,distorted_spinel_derivative,0.8,False,False,False,Ca;Mn;O,2,0.5,False,True,True,63,,3,False,55.0,-2.24376,-2.24376,0.010700000000000001,,stable_or_known,shares elements or related family context but is not the same chemical system/variant,4.008928571428571,149,known_synthesized
adjacent_family,JVASP-140218,Li7Mn2Co3O12,JVASP-58576,Mn2ZnO4,Mn2ZnO4,bulk,dft_3d,Mn-O-Zn,oxide,oxide,AB2O4,spinel_like,distorted_spinel_derivative,0.8,False,False,False,Mn;O;Zn,2,0.5,False,True,True,63,,3,False,55.0,-1.64516,-1.64516,0.0828,,stable_or_known,shares elements or related family context but is not the same chemical system/variant,4.008928571428571,150,known_synthesized
adjacent_family,JVASP-140218,Li7Mn2Co3O12,JVASP-30278,FeCo2O6,Fe(CoO3)2,bulk,dft_3d,Co-Fe-O,oxide,oxide,ABO3,perovskite_like,perovskite_like_unknown_variant,0.7,False,False,False,Co;Fe;O,2,0.5,False,True,True,64,,3,False,56.0,-1.10465,-1.10465,0.0867,,stable_or_known,shares elements or related family context but is not the same chemical system/variant,4.008771929824562,151,known_synthesized
adjacent_family,JVASP-140218,Li7Mn2Co3O12,JVASP-10051,MgMn2O4,MgMn2O4,bulk,dft_3d,Mg-Mn-O,oxide,oxide,AB2O4,spinel_like,distorted_spinel_derivative,0.8,False,False,False,Mg;Mn;O,2,0.5,False,True,True,74,,3,False,66.0,-2.12248,-2.12248,0.010100000000000001,,stable_or_known,shares elements or related family context but is not the same chemical system/variant,4.007462686567164,152,known_synthesized
adjacent_family,JVASP-140218,Li7Mn2Co3O12,JVASP-31200,Co2NiO4,Co2NiO4,bulk,dft_3d,Co-Ni-O,oxide,oxide,AB2O4,spinel_like,distorted_spinel_derivative,0.8,False,False,False,Co;Ni;O,2,0.5,False,True,True,74,,3,False,66.0,-1.10732,-1.10732,0.013800000000000002,,stable_or_known,shares elements or related family context but is not the same chemical system/variant,4.007462686567164,153,known_synthesized
adjacent_family,JVASP-140218,Li7Mn2Co3O12,JVASP-97787,Co2SiO4,Co2SiO4,bulk,dft_3d,Co-O-Si,oxide,oxide,AB2O4,spinel_like,distorted_spinel_derivative,0.8,False,False,False,Co;O;Si,2,0.5,False,True,True,74,,3,False,66.0,-1.66989,-1.66989,0.1287,True,stable_or_known,shares elements or related family context but is not the same chemical system/variant,4.007462686567164,154,
adjacent_family,JVASP-140218,Li7Mn2Co3O12,JVASP-142084,LiTi2O4,LiTi2O4,bulk,dft_3d,Li-O-Ti,oxide,oxide,AB2O4,spinel_like,distorted_spinel_derivative,0.8,False,False,False,Li;O;Ti,2,0.5,False,True,True,74,,3,False,66.0,-2.98665,-2.98665,0.0828,,stable_or_known,shares elements or related family context but is not the same chemical system/variant,4.007462686567164,155,known_synthesized
adjacent_family,JVASP-140218,Li7Mn2Co3O12,JVASP-10048,Mn2ZnO4,Mn2ZnO4,bulk,dft_3d,Mn-O-Zn,oxide,oxide,AB2O4,spinel_like,distorted_spinel_derivative,0.8,False,False,False,Mn;O;Zn,2,0.5,False,True,True,74,,3,False,66.0,-1.66416,-1.66416,0.06380000000000001,,stable_or_known,shares elements or related family context but is not the same chemical system/variant,4.007462686567164,156,known_synthesized
adjacent_family,JVASP-140218,Li7Mn2Co3O12,JVASP-31172,Mn2SnO4,Mn2SnO4,bulk,dft_3d,Mn-O-Sn,oxide,oxide,AB2O4,spinel_like,distorted_spinel_derivative,0.8,False,False,False,Mn;O;Sn,2,0.5,False,True,True,74,,3,False,66.0,-1.5814700000000002,-1.5814700000000002,0.09240000000000001,,stable_or_known,shares elements or related family context but is not the same chemical system/variant,4.007462686567164,157,known_synthesized
adjacent_family,JVASP-140218,Li7Mn2Co3O12,JVASP-47503,Co2CuO4,Co2CuO4,bulk,dft_3d,Co-Cu-O,oxide,oxide,AB2O4,spinel_like,distorted_spinel_derivative,0.8,False,False,False,Co;Cu;O,2,0.5,False,True,True,74,,3,False,66.0,-0.98382,-0.98382,0.0656,,stable_or_known,shares elements or related family context but is not the same chemical system/variant,4.007462686567164,158,known_synthesized
adjacent_family,JVASP-140218,Li7Mn2Co3O12,JVASP-146929,LiMn2O4,LiMn2O4,bulk,dft_3d,Li-Mn-O,oxide,oxide,AB2O4,spinel_like,distorted_battery_spinel_derivative,0.82,False,False,False,Li;Mn;O,3,0.75,False,True,True,74,,3,False,66.0,-1.8636300000000001,-1.8636300000000001,0.17930000000000001,,unknown_or_less_stable,shares elements or related family context but is not the same chemical system/variant,4.007462686567164,159,known_synthesized
adjacent_family,JVASP-140218,Li7Mn2Co3O12,JVASP-9656,YMn2O4,YMn2O4,bulk,dft_3d,Mn-O-Y,oxide,oxide,AB2O4,spinel_like,spinel_like_unknown_variant,0.7,False,False,False,Mn;O;Y,2,0.5,False,True,True,88,,4,False,80.0,-2.50984,-2.50984,0.0,,stable_or_known,shares elements or related family context but is not the same chemical system/variant,4.006172839506172,160,known_synthesized
adjacent_family,JVASP-140218,Li7Mn2Co3O12,JVASP-9919,Mn2ZnO4,Mn2ZnO4,bulk,dft_3d,Mn-O-Zn,oxide,oxide,AB2O4,spinel_like,spinel_like_unknown_variant,0.7,False,False,False,Mn;O;Zn,2,0.5,False,True,True,88,,4,False,80.0,-1.72078,-1.72078,0.007200000000000001,,stable_or_known,shares elements or related family context but is not the same chemical system/variant,4.006172839506172,161,known_synthesized
adjacent_family,JVASP-140218,Li7Mn2Co3O12,JVASP-49173,Li2TeO4,Li2TeO4,bulk,dft_3d,Li-O-Te,oxide,oxide,AB2O4,spinel_like,spinel_like_unknown_variant,0.7,False,False,False,Li;O;Te,2,0.5,False,True,True,91,,4,False,83.0,-1.6795200000000001,-1.6795200000000001,0.0,True,stable_or_known,shares elements or related family context but is not the same chemical system/variant,4.005952380952381,162,
adjacent_family,JVASP-140218,Li7Mn2Co3O12,JVASP-34353,TiMn2O4,TiMn2O4,bulk,dft_3d,Mn-O-Ti,oxide,oxide,AB2O4,spinel_like,spinel_like_unknown_variant,0.7,False,False,False,Mn;O;Ti,2,0.5,False,True,True,95,,4,False,87.0,-2.17994,-2.17994,0.0801,True,stable_or_known,shares elements or related family context but is not the same chemical system/variant,4.005681818181818,163,
adjacent_family,JVASP-140218,Li7Mn2Co3O12,JVASP-111910,TiMn2O4,TiMn2O4,bulk,dft_3d,Mn-O-Ti,oxide,oxide,AB2O4,spinel_like,spinel_like_unknown_variant,0.7,False,False,False,Mn;O;Ti,2,0.5,False,True,True,95,,4,False,87.0,-2.21939,-2.21939,0.040600000000000004,,stable_or_known,shares elements or related family context but is not the same chemical system/variant,4.005681818181818,164,known_synthesized
adjacent_family,JVASP-140218,Li7Mn2Co3O12,JVASP-29444,CoBiO3,CoBiO3,bulk,dft_3d,Bi-Co-O,oxide,oxide,ABO3,perovskite_like,polar_or_tetragonal_perovskite_candidate,0.72,False,False,False,Bi;Co;O,2,0.5,False,True,True,99,,4,False,91.0,-1.16644,-1.16644,0.0772,True,stable_or_known,shares elements or related family context but is not the same chemical system/variant,4.005434782608695,165,
adjacent_family,JVASP-140218,Li7Mn2Co3O12,JVASP-109217,CoBiO3,CoBiO3,bulk,dft_3d,Bi-Co-O,oxide,oxide,ABO3,perovskite_like,polar_or_tetragonal_perovskite_candidate,0.72,False,False,False,Bi;Co;O,2,0.5,False,True,True,99,,4,False,91.0,-1.17832,-1.17832,0.0653,,stable_or_known,shares elements or related family context but is not the same chemical system/variant,4.005434782608695,166,known_synthesized
adjacent_family,JVASP-140218,Li7Mn2Co3O12,JVASP-8135,Li2UO4,Li2UO4,bulk,dft_3d,Li-O-U,oxide,oxide,AB2O4,spinel_like,spinel_like_unknown_variant,0.7,False,False,False,Li;O;U,2,0.5,False,True,True,139,,4,False,131.0,-2.73002,-2.73002,0.2195,True,stable_or_known,shares elements or related family context but is not the same chemical system/variant,4.003787878787879,167,
adjacent_family,JVASP-140218,Li7Mn2Co3O12,JVASP-141816,La2CoO4,La2CoO4,bulk,dft_3d,Co-La-O,oxide,oxide,AB2O4,spinel_like,spinel_like_unknown_variant,0.7,False,False,False,Co;La;O,2,0.5,False,True,True,139,,4,False,131.0,-2.89237,-2.89237,0.0712,,stable_or_known,shares elements or related family context but is not the same chemical system/variant,4.003787878787879,168,known_synthesized
adjacent_family,JVASP-140218,Li7Mn2Co3O12,JVASP-7869,Sr2MnO4,Sr2MnO4,bulk,dft_3d,Mn-O-Sr,oxide,oxide,AB2O4,spinel_like,spinel_like_unknown_variant,0.7,False,False,False,Mn;O;Sr,2,0.5,False,True,True,139,,4,False,131.0,-2.69991,-2.69991,0.0,True,stable_or_known,shares elements or related family context but is not the same chemical system/variant,4.003787878787879,169,
adjacent_family,JVASP-140218,Li7Mn2Co3O12,JVASP-17454,Sr2CoO4,Sr2CoO4,bulk,dft_3d,Co-O-Sr,oxide,oxide,AB2O4,spinel_like,spinel_like_unknown_variant,0.7,False,False,False,Co;O;Sr,2,0.5,False,True,True,139,,4,False,131.0,-2.31065,-2.31065,0.0039000000000000003,True,stable_or_known,shares elements or related family context but is not the same chemical system/variant,4.003787878787879,170,
adjacent_family,JVASP-140218,Li7Mn2Co3O12,JVASP-107718,Nd2CoO4,Nd2CoO4,bulk,dft_3d,Co-Nd-O,oxide,oxide,AB2O4,spinel_like,spinel_like_unknown_variant,0.7,False,False,False,Co;Nd;O,2,0.5,False,True,True,139,,4,False,131.0,-2.77746,-2.77746,0.0949,,stable_or_known,shares elements or related family context but is not the same chemical system/variant,4.003787878787879,171,known_synthesized
adjacent_family,JVASP-140218,Li7Mn2Co3O12,JVASP-11470,Mn2CdO4,Mn2CdO4,bulk,dft_3d,Cd-Mn-O,oxide,oxide,AB2O4,spinel_like,spinel_like_unknown_variant,0.7,False,False,False,Cd;Mn;O,2,0.5,False,True,True,141,,4,False,133.0,-1.59974,-1.59974,0.0148,True,stable_or_known,shares elements or related family context but is not the same chemical system/variant,4.003731343283582,172,
adjacent_family,JVASP-140218,Li7Mn2Co3O12,JVASP-11340,MgMn2O4,MgMn2O4,bulk,dft_3d,Mg-Mn-O,oxide,oxide,AB2O4,spinel_like,spinel_like_unknown_variant,0.7,False,False,False,Mg;Mn;O,2,0.5,False,True,True,141,,4,False,133.0,-2.11581,-2.11581,0.016800000000000002,,stable_or_known,shares elements or related family context but is not the same chemical system/variant,4.003731343283582,173,known_synthesized
adjacent_family,JVASP-140218,Li7Mn2Co3O12,JVASP-11014,Mn2ZnO4,Mn2ZnO4,bulk,dft_3d,Mn-O-Zn,oxide,oxide,AB2O4,spinel_like,spinel_like_unknown_variant,0.7,False,False,False,Mn;O;Zn,2,0.5,False,True,True,141,,4,False,133.0,-1.7279900000000001,-1.7279900000000001,0.0,,stable_or_known,shares elements or related family context but is not the same chemical system/variant,4.003731343283582,174,known_synthesized
adjacent_family,JVASP-140218,Li7Mn2Co3O12,JVASP-11484,Mn2ZnO4,Mn2ZnO4,bulk,dft_3d,Mn-O-Zn,oxide,oxide,AB2O4,spinel_like,spinel_like_unknown_variant,0.7,False,False,False,Mn;O;Zn,2,0.5,False,True,True,141,,4,False,133.0,-1.728,-1.728,0.0,True,stable_or_known,shares elements or related family context but is not the same chemical system/variant,4.003731343283582,175,
adjacent_family,JVASP-140218,Li7Mn2Co3O12,JVASP-28218,MnC2O6,Mn(CO3)2,2d,dft_2d,C-Mn-O,oxide,oxide,ABO3,perovskite_like,perovskite_like_unknown_variant,0.7,False,False,False,C;Mn;O,2,0.5,False,True,True,147,,5,False,139.0,-1.36433,-1.36433,0.0,,stable_or_known,shares elements or related family context but is not the same chemical system/variant,4.003571428571429,176,known_synthesized
adjacent_family,JVASP-140218,Li7Mn2Co3O12,JVASP-109222,CoAgO3,CoAgO3,bulk,dft_3d,Ag-Co-O,oxide,oxide,ABO3,perovskite_like,perovskite_like_unknown_variant,0.7,False,False,False,Ag;Co;O,2,0.5,False,True,True,148,,5,False,140.0,-0.7117800000000001,-0.7117800000000001,0.027100000000000003,,stable_or_known,shares elements or related family context but is not the same chemical system/variant,4.00354609929078,177,known_synthesized
adjacent_family,JVASP-140218,Li7Mn2Co3O12,JVASP-11764,TiMnO3,TiMnO3,bulk,dft_3d,Mn-O-Ti,oxide,oxide,ABO3,perovskite_like,perovskite_like_unknown_variant,0.7,False,False,False,Mn;O;Ti,2,0.5,False,True,True,148,,5,False,140.0,-2.5749,-2.5749,0.0,True,stable_or_known,shares elements or related family context but is not the same chemical system/variant,4.00354609929078,178,
adjacent_family,JVASP-140218,Li7Mn2Co3O12,JVASP-10536,LiAsO3,LiAsO3,bulk,dft_3d,As-Li-O,oxide,oxide,ABO3,perovskite_like,perovskite_like_unknown_variant,0.7,False,False,False,As;Li;O,2,0.5,False,True,True,148,,5,False,140.0,-1.68083,-1.68083,0.0,True,stable_or_known,shares elements or related family context but is not the same chemical system/variant,4.00354609929078,179,
adjacent_family,JVASP-140218,Li7Mn2Co3O12,JVASP-108964,MnZnO3,MnZnO3,bulk,dft_3d,Mn-O-Zn,oxide,oxide,ABO3,perovskite_like,perovskite_like_unknown_variant,0.7,False,False,False,Mn;O;Zn,2,0.5,False,True,True,148,,5,False,140.0,-1.75678,-1.75678,0.0,,stable_or_known,shares elements or related family context but is not the same chemical system/variant,4.00354609929078,180,known_synthesized
adjacent_family,JVASP-140218,Li7Mn2Co3O12,JVASP-21040,Li2SeO4,Li2SeO4,bulk,dft_3d,Li-O-Se,oxide,oxide,AB2O4,spinel_like,spinel_like_unknown_variant,0.7,False,False,False,Li;O;Se,2,0.5,False,True,True,148,,5,False,140.0,-1.53931,-1.53931,0.0,True,stable_or_known,shares elements or related family context but is not the same chemical system/variant,4.00354609929078,181,
adjacent_family,JVASP-140218,Li7Mn2Co3O12,JVASP-151336,MnNiO3,MnNiO3,bulk,dft_3d,Mn-Ni-O,oxide,oxide,ABO3,perovskite_like,perovskite_like_unknown_variant,0.7,False,False,False,Mn;Ni;O,2,0.5,False,True,True,148,,5,False,140.0,-1.50936,-1.50936,0.0,,stable_or_known,shares elements or related family context but is not the same chemical system/variant,4.00354609929078,182,known_synthesized
adjacent_family,JVASP-140218,Li7Mn2Co3O12,JVASP-103536,CoNiO3,CoNiO3,bulk,dft_3d,Co-Ni-O,oxide,oxide,ABO3,perovskite_like,perovskite_like_unknown_variant,0.7,False,False,False,Co;Ni;O,2,0.5,False,True,True,148,,5,False,140.0,-1.08802,-1.08802,0.013800000000000002,,stable_or_known,shares elements or related family context but is not the same chemical system/variant,4.00354609929078,183,known_synthesized
adjacent_family,JVASP-140218,Li7Mn2Co3O12,JVASP-100480,MnCuO3,MnCuO3,bulk,dft_3d,Cu-Mn-O,oxide,oxide,ABO3,perovskite_like,perovskite_like_unknown_variant,0.7,False,False,False,Cu;Mn;O,2,0.5,False,True,True,148,,5,False,140.0,-1.37896,-1.37896,0.0044,,stable_or_known,shares elements or related family context but is not the same chemical system/variant,4.00354609929078,184,known_synthesized
adjacent_family,JVASP-140218,Li7Mn2Co3O12,JVASP-43501,MnAgO3,MnAgO3,bulk,dft_3d,Ag-Mn-O,oxide,oxide,ABO3,perovskite_like,perovskite_like_unknown_variant,0.7,False,False,False,Ag;Mn;O,2,0.5,False,True,True,148,,5,False,140.0,-1.17942,-1.17942,0.0128,,stable_or_known,shares elements or related family context but is not the same chemical system/variant,4.00354609929078,185,known_synthesized
adjacent_family,JVASP-140218,Li7Mn2Co3O12,JVASP-12650,MnGeO3,MnGeO3,bulk,dft_3d,Ge-Mn-O,oxide,oxide,ABO3,perovskite_like,perovskite_like_unknown_variant,0.7,False,False,False,Ge;Mn;O,2,0.5,False,True,True,148,,5,False,140.0,-1.64453,-1.64453,0.0392,True,stable_or_known,shares elements or related family context but is not the same chemical system/variant,4.00354609929078,186,
adjacent_family,JVASP-140218,Li7Mn2Co3O12,JVASP-119337,MnC2O6,Mn(CO3)2,bulk,dft_3d,C-Mn-O,oxide,oxide,ABO3,perovskite_like,perovskite_like_unknown_variant,0.7,False,False,False,C;Mn;O,2,0.5,False,True,True,148,,5,False,140.0,-1.41434,-1.41434,0.0659,,stable_or_known,shares elements or related family context but is not the same chemical system/variant,4.00354609929078,187,known_synthesized
adjacent_family,JVASP-140218,Li7Mn2Co3O12,JVASP-102844,ZrMnO3,ZrMnO3,bulk,dft_3d,Mn-O-Zr,oxide,oxide,ABO3,perovskite_like,perovskite_like_unknown_variant,0.7,False,False,False,Mn;O;Zr,2,0.5,False,True,True,148,,5,False,140.0,-2.7259,-2.7259,0.0855,,stable_or_known,shares elements or related family context but is not the same chemical system/variant,4.00354609929078,188,known_synthesized
adjacent_family,JVASP-140218,Li7Mn2Co3O12,JVASP-98470,Li2WO4,Li2WO4,bulk,dft_3d,Li-O-W,oxide,oxide,AB2O4,spinel_like,spinel_like_unknown_variant,0.7,False,False,False,Li;O;W,2,0.5,False,True,True,148,,5,False,140.0,-2.4421,-2.4421,0.0,True,stable_or_known,shares elements or related family context but is not the same chemical system/variant,4.00354609929078,189,
adjacent_family,JVASP-140218,Li7Mn2Co3O12,JVASP-109103,VCoO3,VCoO3,bulk,dft_3d,Co-O-V,oxide,oxide,ABO3,perovskite_like,perovskite_like_unknown_variant,0.7,False,False,False,Co;O;V,2,0.5,False,True,True,148,,5,False,140.0,-1.9120300000000001,-1.9120300000000001,0.012400000000000001,,stable_or_known,shares elements or related family context but is not the same chemical system/variant,4.00354609929078,190,known_synthesized
adjacent_family,JVASP-140218,Li7Mn2Co3O12,JVASP-99521,MnTlO3,MnTlO3,bulk,dft_3d,Mn-O-Tl,oxide,oxide,ABO3,perovskite_like,perovskite_like_unknown_variant,0.7,False,False,False,Mn;O;Tl,2,0.5,False,True,True,148,,5,False,140.0,-1.38567,-1.38567,0.0,,stable_or_known,shares elements or related family context but is not the same chemical system/variant,4.00354609929078,191,known_synthesized
adjacent_family,JVASP-140218,Li7Mn2Co3O12,JVASP-46163,CoAgO3,CoAgO3,bulk,dft_3d,Ag-Co-O,oxide,oxide,ABO3,perovskite_like,perovskite_like_unknown_variant,0.7,False,False,False,Ag;Co;O,2,0.5,False,True,True,148,,5,False,140.0,-0.7006100000000001,-0.7006100000000001,0.0383,,stable_or_known,shares elements or related family context but is not the same chemical system/variant,4.00354609929078,192,known_synthesized
adjacent_family,JVASP-140218,Li7Mn2Co3O12,JVASP-23231,TiCoO3,TiCoO3,bulk,dft_3d,Co-O-Ti,oxide,oxide,ABO3,perovskite_like,perovskite_like_unknown_variant,0.7,False,False,False,Co;O;Ti,2,0.5,False,True,True,148,,5,False,140.0,-2.21031,-2.21031,0.13620000000000002,True,stable_or_known,shares elements or related family context but is not the same chemical system/variant,4.00354609929078,193,
adjacent_family,JVASP-140218,Li7Mn2Co3O12,JVASP-97622,CoN2O6,Co(NO3)2,bulk,dft_3d,Co-N-O,oxide,oxide,ABO3,perovskite_like,perovskite_like_unknown_variant,0.7,False,False,False,Co;N;O,2,0.5,False,True,True,148,,5,False,140.0,-0.38296,-0.38296,0.095,True,stable_or_known,shares elements or related family context but is not the same chemical system/variant,4.00354609929078,194,
adjacent_family,JVASP-140218,Li7Mn2Co3O12,JVASP-47518,MgCoO3,MgCoO3,bulk,dft_3d,Co-Mg-O,oxide,oxide,ABO3,perovskite_like,perovskite_like_unknown_variant,0.7,False,False,False,Co;Mg;O,2,0.5,False,True,True,148,,5,False,140.0,-1.83267,-1.83267,0.0224,,stable_or_known,shares elements or related family context but is not the same chemical system/variant,4.00354609929078,195,known_synthesized
adjacent_family,JVASP-140218,Li7Mn2Co3O12,JVASP-12645,MnSnO3,MnSnO3,bulk,dft_3d,Mn-O-Sn,oxide,oxide,ABO3,perovskite_like,perovskite_like_unknown_variant,0.7,False,False,False,Mn;O;Sn,2,0.5,False,True,True,148,,5,False,140.0,-1.62159,-1.62159,0.0888,True,stable_or_known,shares elements or related family context but is not the same chemical system/variant,4.00354609929078,196,
adjacent_family,JVASP-140218,Li7Mn2Co3O12,JVASP-99739,AlCoO3,AlCoO3,bulk,dft_3d,Al-Co-O,oxide,oxide,ABO3,perovskite_like,perovskite_like_unknown_variant,0.7,False,False,False,Al;Co;O,2,0.5,False,True,True,148,,5,False,140.0,-2.18734,-2.18734,0.031,,stable_or_known,shares elements or related family context but is not the same chemical system/variant,4.00354609929078,197,known_synthesized
adjacent_family,JVASP-140218,Li7Mn2Co3O12,JVASP-111130,CoNiO3,CoNiO3,bulk,dft_3d,Co-Ni-O,oxide,oxide,ABO3,perovskite_like,perovskite_like_unknown_variant,0.7,False,False,False,Co;Ni;O,2,0.5,False,True,True,148,,5,False,140.0,-1.10185,-1.10185,0.0,,stable_or_known,shares elements or related family context but is not the same chemical system/variant,4.00354609929078,198,known_synthesized
adjacent_family,JVASP-140218,Li7Mn2Co3O12,JVASP-99627,MnAgO3,MnAgO3,bulk,dft_3d,Ag-Mn-O,oxide,oxide,ABO3,perovskite_like,perovskite_like_unknown_variant,0.7,False,False,False,Ag;Mn;O,2,0.5,False,True,True,148,,5,False,140.0,-1.17761,-1.17761,0.0146,,stable_or_known,shares elements or related family context but is not the same chemical system/variant,4.00354609929078,199,known_synthesized
adjacent_family,JVASP-140218,Li7Mn2Co3O12,JVASP-102846,TlCoO3,TlCoO3,bulk,dft_3d,Co-O-Tl,oxide,oxide,ABO3,perovskite_like,perovskite_like_unknown_variant,0.7,False,False,False,Co;O;Tl,2,0.5,False,True,True,148,,5,False,140.0,-0.9501200000000001,-0.9501200000000001,0.007200000000000001,,stable_or_known,shares elements or related family context but is not the same chemical system/variant,4.00354609929078,200,known_synthesized
adjacent_family,JVASP-140218,Li7Mn2Co3O12,JVASP-46537,TlCoO3,TlCoO3,bulk,dft_3d,Co-O-Tl,oxide,oxide,ABO3,perovskite_like,perovskite_like_unknown_variant,0.7,False,False,False,Co;O;Tl,2,0.5,False,True,True,148,,5,False,140.0,-0.9396100000000001,-0.9396100000000001,0.0177,,stable_or_known,shares elements or related family context but is not the same chemical system/variant,4.00354609929078,201,known_synthesized
adjacent_family,JVASP-140218,Li7Mn2Co3O12,JVASP-107592,ZnCoO3,ZnCoO3,bulk,dft_3d,Co-O-Zn,oxide,oxide,ABO3,perovskite_like,perovskite_like_unknown_variant,0.7,False,False,False,Co;O;Zn,2,0.5,False,True,True,148,,5,False,140.0,-1.26312,-1.26312,0.0273,,stable_or_known,shares elements or related family context but is not the same chemical system/variant,4.00354609929078,202,known_synthesized
adjacent_family,JVASP-140218,Li7Mn2Co3O12,JVASP-139980,CoBi2O6,Co(BiO3)2,bulk,dft_3d,Bi-Co-O,oxide,oxide,ABO3,perovskite_like,perovskite_like_unknown_variant,0.7,False,False,False,Bi;Co;O,2,0.5,False,True,True,150,,5,False,142.0,-1.12058,-1.12058,0.008,,stable_or_known,shares elements or related family context but is not the same chemical system/variant,4.003496503496503,203,known_synthesized
adjacent_family,JVASP-140218,Li7Mn2Co3O12,JVASP-10645,Mn2ZnO4,Mn2ZnO4,bulk,dft_3d,Mn-O-Zn,oxide,oxide,AB2O4,spinel_like,distorted_spinel_derivative,0.8,False,False,False,Mn;O;Zn,2,0.5,False,True,True,160,,5,False,152.0,-1.71652,-1.71652,0.0115,,stable_or_known,shares elements or related family context but is not the same chemical system/variant,4.003267973856209,204,known_synthesized
adjacent_family,JVASP-140218,Li7Mn2Co3O12,JVASP-48205,Mn2VO4,Mn2VO4,bulk,dft_3d,Mn-O-V,oxide,oxide,AB2O4,spinel_like,distorted_spinel_derivative,0.8,False,False,False,Mn;O;V,2,0.5,False,True,True,160,,5,False,152.0,-1.90697,-1.90697,0.0425,,stable_or_known,shares elements or related family context but is not the same chemical system/variant,4.003267973856209,205,known_synthesized
adjacent_family,JVASP-140218,Li7Mn2Co3O12,JVASP-10644,MgMn2O4,MgMn2O4,bulk,dft_3d,Mg-Mn-O,oxide,oxide,AB2O4,spinel_like,distorted_spinel_derivative,0.8,False,False,False,Mg;Mn;O,2,0.5,False,True,True,160,,5,False,152.0,-2.13263,-2.13263,0.0,,stable_or_known,shares elements or related family context but is not the same chemical system/variant,4.003267973856209,206,known_synthesized
adjacent_family,JVASP-140218,Li7Mn2Co3O12,JVASP-44900,LiMn2O4,LiMn2O4,bulk,dft_3d,Li-Mn-O,oxide,oxide,AB2O4,spinel_like,distorted_battery_spinel_derivative,0.82,False,False,False,Li;Mn;O,3,0.75,False,True,True,160,,5,False,152.0,-1.87009,-1.87009,0.1728,,unknown_or_less_stable,shares elements or related family context but is not the same chemical system/variant,4.003267973856209,207,known_synthesized
adjacent_family,JVASP-140218,Li7Mn2Co3O12,JVASP-58389,LiReO3,LiReO3,bulk,dft_3d,Li-O-Re,oxide,oxide,ABO3,perovskite_like,polar_or_tetragonal_perovskite_candidate,0.72,False,False,False,Li;O;Re,2,0.5,False,True,True,161,,5,False,153.0,-1.87687,-1.87687,0.0236,True,stable_or_known,shares elements or related family context but is not the same chemical system/variant,4.003246753246753,208,
adjacent_family,JVASP-140218,Li7Mn2Co3O12,JVASP-150513,LiNbO3,LiNbO3,bulk,dft_3d,Li-Nb-O,oxide,oxide,ABO3,perovskite_like,polar_or_tetragonal_perovskite_candidate,0.72,False,False,False,Li;Nb;O,2,0.5,False,True,True,161,,5,False,153.0,-2.70587,-2.70587,0.0,,stable_or_known,shares elements or related family context but is not the same chemical system/variant,4.003246753246753,209,known_synthesized
adjacent_family,JVASP-140218,Li7Mn2Co3O12,JVASP-151665,LiNbO3,LiNbO3,bulk,dft_3d,Li-Nb-O,oxide,oxide,ABO3,perovskite_like,polar_or_tetragonal_perovskite_candidate,0.72,False,False,False,Li;Nb;O,2,0.5,False,True,True,161,,5,False,153.0,-2.70588,-2.70588,0.0,,stable_or_known,shares elements or related family context but is not the same chemical system/variant,4.003246753246753,210,known_synthesized
adjacent_family,JVASP-140218,Li7Mn2Co3O12,JVASP-34279,LiNbO3,LiNbO3,bulk,dft_3d,Li-Nb-O,oxide,oxide,ABO3,perovskite_like,polar_or_tetragonal_perovskite_candidate,0.72,False,False,False,Li;Nb;O,2,0.5,False,True,True,161,,5,False,153.0,-2.6878100000000003,-2.6878100000000003,0.0181,True,stable_or_known,shares elements or related family context but is not the same chemical system/variant,4.003246753246753,211,
adjacent_family,JVASP-140218,Li7Mn2Co3O12,JVASP-151657,LiNbO3,LiNbO3,bulk,dft_3d,Li-Nb-O,oxide,oxide,ABO3,perovskite_like,polar_or_tetragonal_perovskite_candidate,0.72,False,False,False,Li;Nb;O,2,0.5,False,True,True,161,,5,False,153.0,-2.70588,-2.70588,0.0,,stable_or_known,shares elements or related family context but is not the same chemical system/variant,4.003246753246753,212,known_synthesized
adjacent_family,JVASP-140218,Li7Mn2Co3O12,JVASP-150745,LiNbO3,LiNbO3,bulk,dft_3d,Li-Nb-O,oxide,oxide,ABO3,perovskite_like,polar_or_tetragonal_perovskite_candidate,0.72,False,False,False,Li;Nb;O,2,0.5,False,True,True,161,,5,False,153.0,-2.7058400000000002,-2.7058400000000002,0.0,,stable_or_known,shares elements or related family context but is not the same chemical system/variant,4.003246753246753,213,known_synthesized
adjacent_family,JVASP-140218,Li7Mn2Co3O12,JVASP-10200,LiUO3,LiUO3,bulk,dft_3d,Li-O-U,oxide,oxide,ABO3,perovskite_like,polar_or_tetragonal_perovskite_candidate,0.72,False,False,False,Li;O;U,2,0.5,False,True,True,161,,5,False,153.0,-3.15173,-3.15173,0.0,True,stable_or_known,shares elements or related family context but is not the same chemical system/variant,4.003246753246753,214,
adjacent_family,JVASP-140218,Li7Mn2Co3O12,JVASP-52785,MnSnO3,MnSnO3,bulk,dft_3d,Mn-O-Sn,oxide,oxide,ABO3,perovskite_like,polar_or_tetragonal_perovskite_candidate,0.72,False,False,False,Mn;O;Sn,2,0.5,False,True,True,161,,5,False,153.0,-1.61202,-1.61202,0.0984,,stable_or_known,shares elements or related family context but is not the same chemical system/variant,4.003246753246753,215,known_synthesized
adjacent_family,JVASP-140218,Li7Mn2Co3O12,JVASP-9426,LiTaO3,LiTaO3,bulk,dft_3d,Li-O-Ta,oxide,oxide,ABO3,perovskite_like,polar_or_tetragonal_perovskite_candidate,0.72,False,False,False,Li;O;Ta,2,0.5,False,True,True,161,,5,False,153.0,-2.9267,-2.9267,0.0,True,stable_or_known,shares elements or related family context but is not the same chemical system/variant,4.003246753246753,216,
adjacent_family,JVASP-140218,Li7Mn2Co3O12,JVASP-100064,ZrMnO3,ZrMnO3,bulk,dft_3d,Mn-O-Zr,oxide,oxide,ABO3,perovskite_like,polar_or_tetragonal_perovskite_candidate,0.72,False,False,False,Mn;O;Zr,2,0.5,False,True,True,161,,5,False,153.0,-2.73005,-2.73005,0.0814,,stable_or_known,shares elements or related family context but is not the same chemical system/variant,4.003246753246753,217,known_synthesized
adjacent_family,JVASP-140218,Li7Mn2Co3O12,JVASP-44228,ZrMnO3,ZrMnO3,bulk,dft_3d,Mn-O-Zr,oxide,oxide,ABO3,perovskite_like,polar_or_tetragonal_perovskite_candidate,0.72,False,False,False,Mn;O;Zr,2,0.5,False,True,True,161,,5,False,153.0,-2.73009,-2.73009,0.0813,,stable_or_known,shares elements or related family context but is not the same chemical system/variant,4.003246753246753,218,known_synthesized
adjacent_family,JVASP-140218,Li7Mn2Co3O12,JVASP-12235,TiMnO3,TiMnO3,bulk,dft_3d,Mn-O-Ti,oxide,oxide,ABO3,perovskite_like,polar_or_tetragonal_perovskite_candidate,0.72,False,False,False,Mn;O;Ti,2,0.5,False,True,True,161,,5,False,153.0,-2.53858,-2.53858,0.0363,True,stable_or_known,shares elements or related family context but is not the same chemical system/variant,4.003246753246753,219,
adjacent_family,JVASP-140218,Li7Mn2Co3O12,JVASP-1240,LiNbO3,LiNbO3,bulk,dft_3d,Li-Nb-O,oxide,oxide,ABO3,perovskite_like,polar_or_tetragonal_perovskite_candidate,0.72,False,False,False,Li;Nb;O,2,0.5,False,True,True,161,,5,False,153.0,-2.6878100000000003,-2.6878100000000003,0.0181,True,stable_or_known,shares elements or related family context but is not the same chemical system/variant,4.003246753246753,220,
adjacent_family,JVASP-140218,Li7Mn2Co3O12,JVASP-61096,CoAs2O6,Co(AsO3)2,bulk,dft_3d,As-Co-O,oxide,oxide,ABO3,perovskite_like,perovskite_like_unknown_variant,0.7,False,False,False,As;Co;O,2,0.5,False,True,True,162,,5,False,154.0,-1.1514,-1.1514,0.0,,stable_or_known,shares elements or related family context but is not the same chemical system/variant,4.003225806451613,221,known_synthesized
adjacent_family,JVASP-140218,Li7Mn2Co3O12,JVASP-61484,MnAs2O6,Mn(AsO3)2,bulk,dft_3d,As-Mn-O,oxide,oxide,ABO3,perovskite_like,perovskite_like_unknown_variant,0.7,False,False,False,As;Mn;O,2,0.5,False,True,True,162,,5,False,154.0,-1.34765,-1.34765,0.0417,,stable_or_known,shares elements or related family context but is not the same chemical system/variant,4.003225806451613,222,known_synthesized
adjacent_family,JVASP-140218,Li7Mn2Co3O12,JVASP-90492,CoAs2O6,Co(AsO3)2,bulk,dft_3d,As-Co-O,oxide,oxide,ABO3,perovskite_like,perovskite_like_unknown_variant,0.7,False,False,False,As;Co;O,2,0.5,False,True,True,162,,5,False,154.0,-1.1513200000000001,-1.1513200000000001,0.0001,,stable_or_known,shares elements or related family context but is not the same chemical system/variant,4.003225806451613,223,known_synthesized
adjacent_family,JVASP-140218,Li7Mn2Co3O12,JVASP-49613,Y2Co2O7,Y2Co2O7,bulk,dft_3d,Co-O-Y,oxide,oxide,A2B2O7,pyrochlore_like,pyrochlore_like_unknown_variant,0.72,False,False,False,Co;O;Y,2,0.5,False,True,True,166,,5,False,158.0,-2.35712,-2.35712,0.0,,stable_or_known,shares elements or related family context but is not the same chemical system/variant,4.00314465408805,224,known_synthesized
adjacent_family,JVASP-140218,Li7Mn2Co3O12,JVASP-112796,BaMnO3,BaMnO3,bulk,dft_3d,Ba-Mn-O,oxide,oxide,ABO3,perovskite_like,perovskite_like_unknown_variant,0.7,False,False,False,Ba;Mn;O,2,0.5,False,True,True,166,,5,False,158.0,-2.48596,-2.48596,0.0,,stable_or_known,shares elements or related family context but is not the same chemical system/variant,4.00314465408805,225,known_synthesized
adjacent_family,JVASP-140218,Li7Mn2Co3O12,JVASP-11684,BaMnO3,BaMnO3,bulk,dft_3d,Ba-Mn-O,oxide,oxide,ABO3,perovskite_like,perovskite_like_unknown_variant,0.7,False,False,False,Ba;Mn;O,2,0.5,False,True,True,166,,5,False,158.0,-2.47434,-2.47434,0.011600000000000001,True,stable_or_known,shares elements or related family context but is not the same chemical system/variant,4.00314465408805,226,
adjacent_family,JVASP-140218,Li7Mn2Co3O12,JVASP-94969,DyMn2O4,DyMn2O4,bulk,dft_3d,Dy-Mn-O,oxide,oxide,AB2O4,spinel_like,spinel_like_unknown_variant,0.7,False,False,False,Dy;Mn;O,2,0.5,False,True,True,166,,5,False,158.0,-2.4079,-2.4079,0.0921,,stable_or_known,shares elements or related family context but is not the same chemical system/variant,4.00314465408805,227,known_synthesized
adjacent_family,JVASP-140218,Li7Mn2Co3O12,JVASP-106169,CoCO3,CoCO3,bulk,dft_3d,C-Co-O,oxide,oxide,ABO3,perovskite_like,perovskite_like_unknown_variant,0.7,False,False,False,C;Co;O,2,0.5,False,True,True,167,,5,False,159.0,-1.16678,-1.16678,0.0126,,stable_or_known,shares elements or related family context but is not the same chemical system/variant,4.003125,228,known_synthesized
adjacent_family,JVASP-140218,Li7Mn2Co3O12,JVASP-11674,MnCO3,MnCO3,bulk,dft_3d,C-Mn-O,oxide,oxide,ABO3,perovskite_like,perovskite_like_unknown_variant,0.7,False,False,False,C;Mn;O,2,0.5,False,True,True,167,,5,False,159.0,-1.48917,-1.48917,0.0,True,stable_or_known,shares elements or related family context but is not the same chemical system/variant,4.003125,229,
adjacent_family,JVASP-140218,Li7Mn2Co3O12,JVASP-98207,LaCoO3,LaCoO3,bulk,dft_3d,Co-La-O,oxide,oxide,ABO3,perovskite_like,perovskite_like_unknown_variant,0.7,False,False,False,Co;La;O,2,0.5,False,True,True,167,,5,False,159.0,-2.50307,-2.50307,0.0004,True,stable_or_known,shares elements or related family context but is not the same chemical system/variant,4.003125,230,
adjacent_family,JVASP-140218,Li7Mn2Co3O12,JVASP-10212,LiNO3,LiNO3,bulk,dft_3d,Li-N-O,oxide,oxide,ABO3,perovskite_like,perovskite_like_unknown_variant,0.7,False,False,False,Li;N;O,2,0.5,False,True,True,167,,5,False,159.0,-1.04187,-1.04187,0.0,True,stable_or_known,shares elements or related family context but is not the same chemical system/variant,4.003125,231,
adjacent_family,JVASP-140218,Li7Mn2Co3O12,JVASP-12609,CoCO3,CoCO3,bulk,dft_3d,C-Co-O,oxide,oxide,ABO3,perovskite_like,perovskite_like_unknown_variant,0.7,False,False,False,C;Co;O,2,0.5,False,True,True,167,,5,False,159.0,-1.16678,-1.16678,0.0126,True,stable_or_known,shares elements or related family context but is not the same chemical system/variant,4.003125,232,
adjacent_family,JVASP-140218,Li7Mn2Co3O12,JVASP-49112,MnBO3,MnBO3,bulk,dft_3d,B-Mn-O,oxide,oxide,ABO3,perovskite_like,perovskite_like_unknown_variant,0.7,False,False,False,B;Mn;O,2,0.5,False,True,True,167,,5,False,159.0,-2.14587,-2.14587,0.006500000000000001,,stable_or_known,shares elements or related family context but is not the same chemical system/variant,4.003125,233,known_synthesized
adjacent_family,JVASP-140218,Li7Mn2Co3O12,JVASP-106931,LaCoO3,LaCoO3,bulk,dft_3d,Co-La-O,oxide,oxide,ABO3,perovskite_like,perovskite_like_unknown_variant,0.7,False,False,False,Co;La;O,2,0.5,False,True,True,167,,5,False,159.0,-2.50344,-2.50344,0.0,,stable_or_known,shares elements or related family context but is not the same chemical system/variant,4.003125,234,known_synthesized
adjacent_family,JVASP-140218,Li7Mn2Co3O12,JVASP-59582,LaMnO3,LaMnO3,bulk,dft_3d,La-Mn-O,oxide,oxide,ABO3,perovskite_like,perovskite_like_unknown_variant,0.7,False,False,False,La;Mn;O,2,0.5,False,True,True,167,,5,False,159.0,-2.86515,-2.86515,0.0239,True,stable_or_known,shares elements or related family context but is not the same chemical system/variant,4.003125,235,
adjacent_family,JVASP-140218,Li7Mn2Co3O12,JVASP-121891,LaCoO3,LaCoO3,bulk,dft_3d,Co-La-O,oxide,oxide,ABO3,perovskite_like,perovskite_like_unknown_variant,0.7,False,False,False,Co;La;O,2,0.5,False,True,True,167,,5,False,159.0,-2.50189,-2.50189,0.0015,,stable_or_known,shares elements or related family context but is not the same chemical system/variant,4.003125,236,known_synthesized
adjacent_family,JVASP-140218,Li7Mn2Co3O12,JVASP-104783,LaCoO3,LaCoO3,bulk,dft_3d,Co-La-O,oxide,oxide,ABO3,perovskite_like,perovskite_like_unknown_variant,0.7,False,False,False,Co;La;O,2,0.5,False,True,True,167,,5,False,159.0,-2.5030200000000002,-2.5030200000000002,0.0004,,stable_or_known,shares elements or related family context but is not the same chemical system/variant,4.003125,237,known_synthesized
adjacent_family,JVASP-140218,Li7Mn2Co3O12,JVASP-12467,LiIO3,LiIO3,bulk,dft_3d,I-Li-O,oxide,oxide,ABO3,perovskite_like,perovskite_like_unknown_variant,0.7,False,False,False,I;Li;O,2,0.5,False,True,True,173,,6,False,165.0,-1.07078,-1.07078,0.0,True,stable_or_known,shares elements or related family context but is not the same chemical system/variant,4.003012048192771,238,
adjacent_family,JVASP-140218,Li7Mn2Co3O12,JVASP-54443,LiIO3,LiIO3,bulk,dft_3d,I-Li-O,oxide,oxide,ABO3,perovskite_like,perovskite_like_unknown_variant,0.7,False,False,False,I;Li;O,2,0.5,False,True,True,173,,6,False,165.0,-1.07078,-1.07078,0.0,True,stable_or_known,shares elements or related family context but is not the same chemical system/variant,4.003012048192771,239,
adjacent_family,JVASP-140218,Li7Mn2Co3O12,JVASP-89324,LiIO3,LiIO3,bulk,dft_3d,I-Li-O,oxide,oxide,ABO3,perovskite_like,perovskite_like_unknown_variant,0.7,False,False,False,I;Li;O,2,0.5,False,True,True,182,,6,False,174.0,-0.8683900000000001,-0.8683900000000001,0.2024,True,stable_or_known,shares elements or related family context but is not the same chemical system/variant,4.002857142857143,240,
adjacent_family,JVASP-140218,Li7Mn2Co3O12,JVASP-141558,TmMnO3,TmMnO3,bulk,dft_3d,Mn-O-Tm,oxide,oxide,ABO3,perovskite_like,perovskite_like_unknown_variant,0.7,False,False,False,Mn;O;Tm,2,0.5,False,True,True,185,,6,False,177.0,-2.91425,-2.91425,0.0,,stable_or_known,shares elements or related family context but is not the same chemical system/variant,4.002808988764045,241,known_synthesized
adjacent_family,JVASP-140218,Li7Mn2Co3O12,JVASP-23225,YMnO3,YMnO3,bulk,dft_3d,Mn-O-Y,oxide,oxide,ABO3,perovskite_like,perovskite_like_unknown_variant,0.7,False,False,False,Mn;O;Y,2,0.5,False,True,True,185,,6,False,177.0,-2.55781,-2.55781,0.33,True,stable_or_known,shares elements or related family context but is not the same chemical system/variant,4.002808988764045,242,
adjacent_family,JVASP-140218,Li7Mn2Co3O12,JVASP-23192,HoMnO3,HoMnO3,bulk,dft_3d,Ho-Mn-O,oxide,oxide,ABO3,perovskite_like,perovskite_like_unknown_variant,0.7,False,False,False,Ho;Mn;O,2,0.5,False,True,True,185,,6,False,177.0,-2.56584,-2.56584,0.324,True,stable_or_known,shares elements or related family context but is not the same chemical system/variant,4.002808988764045,243,
adjacent_family,JVASP-140218,Li7Mn2Co3O12,JVASP-23205,ErMnO3,ErMnO3,bulk,dft_3d,Er-Mn-O,oxide,oxide,ABO3,perovskite_like,perovskite_like_unknown_variant,0.7,False,False,False,Er;Mn;O,2,0.5,False,True,True,185,,6,False,177.0,-2.5867,-2.5867,0.3005,True,stable_or_known,shares elements or related family context but is not the same chemical system/variant,4.002808988764045,244,
adjacent_family,JVASP-140218,Li7Mn2Co3O12,JVASP-89494,TmMnO3,TmMnO3,bulk,dft_3d,Mn-O-Tm,oxide,oxide,ABO3,perovskite_like,perovskite_like_unknown_variant,0.7,False,False,False,Mn;O;Tm,2,0.5,False,True,True,185,,6,False,177.0,-2.90624,-2.90624,0.008,True,stable_or_known,shares elements or related family context but is not the same chemical system/variant,4.002808988764045,245,
adjacent_family,JVASP-140218,Li7Mn2Co3O12,JVASP-91270,YbMnO3,YbMnO3,bulk,dft_3d,Mn-O-Yb,oxide,oxide,ABO3,perovskite_like,perovskite_like_unknown_variant,0.7,False,False,False,Mn;O;Yb,2,0.5,False,True,True,185,,6,False,177.0,-2.4773300000000003,-2.4773300000000003,0.2705,True,stable_or_known,shares elements or related family context but is not the same chemical system/variant,4.002808988764045,246,
adjacent_family,JVASP-140218,Li7Mn2Co3O12,JVASP-91258,LuMnO3,LuMnO3,bulk,dft_3d,Lu-Mn-O,oxide,oxide,ABO3,perovskite_like,perovskite_like_unknown_variant,0.7,False,False,False,Lu;Mn;O,2,0.5,False,True,True,185,,6,False,177.0,-2.92227,-2.92227,0.0,True,stable_or_known,shares elements or related family context but is not the same chemical system/variant,4.002808988764045,247,
adjacent_family,JVASP-140218,Li7Mn2Co3O12,JVASP-13821,Na2MnO4,Na2MnO4,bulk,dft_3d,Mn-Na-O,oxide,oxide,AB2O4,spinel_like,distorted_spinel_derivative,0.8,False,False,False,Mn;Na;O,2,0.5,False,True,True,186,,6,False,178.0,-1.7156900000000002,-1.7156900000000002,0.0,True,stable_or_known,shares elements or related family context but is not the same chemical system/variant,4.0027932960893855,248,
adjacent_family,JVASP-140218,Li7Mn2Co3O12,JVASP-45175,LiCr2O4,LiCr2O4,bulk,dft_3d,Cr-Li-O,oxide,oxide,AB2O4,spinel_like,distorted_spinel_derivative,0.8,False,False,False,Cr;Li;O,2,0.5,False,True,True,186,,6,False,178.0,-2.19062,-2.19062,0.0,,stable_or_known,shares elements or related family context but is not the same chemical system/variant,4.0027932960893855,249,known_synthesized
adjacent_family,JVASP-140218,Li7Mn2Co3O12,JVASP-34634,Li2CO3,Li2CO3,bulk,dft_3d,C-Li-O,oxide,oxide,AB2C3,max_phase_like,layered_carbide_nitride_candidate,0.58,False,False,False,C;Li;O,2,0.5,False,True,True,193,,6,False,185.0,-1.97957,-1.97957,0.0488,True,stable_or_known,shares elements or related family context but is not the same chemical system/variant,4.002688172043011,250,
adjacent_family,JVASP-140218,Li7Mn2Co3O12,JVASP-108825,MnInO3,MnInO3,bulk,dft_3d,In-Mn-O,oxide,oxide,ABO3,perovskite_like,perovskite_like_unknown_variant,0.7,False,False,False,In;Mn;O,2,0.5,False,True,True,194,,6,False,186.0,-1.7573800000000002,-1.7573800000000002,0.0,,stable_or_known,shares elements or related family context but is not the same chemical system/variant,4.002673796791444,251,known_synthesized
adjacent_family,JVASP-140218,Li7Mn2Co3O12,JVASP-143604,CaMnO3,CaMnO3,bulk,dft_3d,Ca-Mn-O,oxide,oxide,ABO3,perovskite_like,perovskite_like_unknown_variant,0.7,False,False,False,Ca;Mn;O,2,0.5,False,True,True,194,,6,False,186.0,-2.4388,-2.4388,0.0955,,stable_or_known,shares elements or related family context but is not the same chemical system/variant,4.002673796791444,252,known_synthesized
adjacent_family,JVASP-140218,Li7Mn2Co3O12,JVASP-59257,BaMnO3,BaMnO3,bulk,dft_3d,Ba-Mn-O,oxide,oxide,ABO3,perovskite_like,perovskite_like_unknown_variant,0.7,False,False,False,Ba;Mn;O,2,0.5,False,True,True,194,,6,False,186.0,-2.4648,-2.4648,0.0212,True,stable_or_known,shares elements or related family context but is not the same chemical system/variant,4.002673796791444,253,
adjacent_family,JVASP-140218,Li7Mn2Co3O12,JVASP-59587,YMnO3,YMnO3,bulk,dft_3d,Mn-O-Y,oxide,oxide,ABO3,perovskite_like,perovskite_like_unknown_variant,0.7,False,False,False,Mn;O;Y,2,0.5,False,True,True,194,,6,False,186.0,-2.85026,-2.85026,0.0375,True,stable_or_known,shares elements or related family context but is not the same chemical system/variant,4.002673796791444,254,
adjacent_family,JVASP-140218,Li7Mn2Co3O12,JVASP-120570,BaCoO3,BaCoO3,bulk,dft_3d,Ba-Co-O,oxide,oxide,ABO3,perovskite_like,perovskite_like_unknown_variant,0.7,False,False,False,Ba;Co;O,2,0.5,False,True,True,194,,6,False,186.0,-2.04782,-2.04782,0.0,,stable_or_known,shares elements or related family context but is not the same chemical system/variant,4.002673796791444,255,known_synthesized
adjacent_family,JVASP-140218,Li7Mn2Co3O12,JVASP-10839,YMnO3,YMnO3,bulk,dft_3d,Mn-O-Y,oxide,oxide,ABO3,perovskite_like,perovskite_like_unknown_variant,0.7,False,False,False,Mn;O;Y,2,0.5,False,True,True,194,,6,False,186.0,-2.85025,-2.85025,0.0375,,stable_or_known,shares elements or related family context but is not the same chemical system/variant,4.002673796791444,256,known_synthesized
adjacent_family,JVASP-140218,Li7Mn2Co3O12,JVASP-144167,SrMnO3,SrMnO3,bulk,dft_3d,Mn-O-Sr,oxide,oxide,ABO3,perovskite_like,perovskite_like_unknown_variant,0.7,False,False,False,Mn;O;Sr,2,0.5,False,True,True,194,,6,False,186.0,-2.51785,-2.51785,0.0056,,stable_or_known,shares elements or related family context but is not the same chemical system/variant,4.002673796791444,257,known_synthesized
adjacent_family,JVASP-140218,Li7Mn2Co3O12,JVASP-111709,SrMnO3,SrMnO3,bulk,dft_3d,Mn-O-Sr,oxide,oxide,ABO3,perovskite_like,perovskite_like_unknown_variant,0.7,False,False,False,Mn;O;Sr,2,0.5,False,True,True,194,,6,False,186.0,-2.49976,-2.49976,0.023700000000000002,,stable_or_known,shares elements or related family context but is not the same chemical system/variant,4.002673796791444,258,known_synthesized
adjacent_family,JVASP-140218,Li7Mn2Co3O12,JVASP-11794,BaMnO3,BaMnO3,bulk,dft_3d,Ba-Mn-O,oxide,oxide,ABO3,perovskite_like,perovskite_like_unknown_variant,0.7,False,False,False,Ba;Mn;O,2,0.5,False,True,True,194,,6,False,186.0,-2.46098,-2.46098,0.025,True,stable_or_known,shares elements or related family context but is not the same chemical system/variant,4.002673796791444,259,
adjacent_family,JVASP-140218,Li7Mn2Co3O12,JVASP-102434,MnGaO3,MnGaO3,bulk,dft_3d,Ga-Mn-O,oxide,oxide,ABO3,perovskite_like,perovskite_like_unknown_variant,0.7,False,False,False,Ga;Mn;O,2,0.5,False,True,True,194,,6,False,186.0,-1.80749,-1.80749,0.077,,stable_or_known,shares elements or related family context but is not the same chemical system/variant,4.002673796791444,260,known_synthesized
adjacent_family,JVASP-140218,Li7Mn2Co3O12,JVASP-88404,SrMnO3,SrMnO3,bulk,dft_3d,Mn-O-Sr,oxide,oxide,ABO3,perovskite_like,perovskite_like_unknown_variant,0.7,False,False,False,Mn;O;Sr,2,0.5,False,True,True,194,,6,False,186.0,-2.50281,-2.50281,0.0207,True,stable_or_known,shares elements or related family context but is not the same chemical system/variant,4.002673796791444,261,
adjacent_family,JVASP-140218,Li7Mn2Co3O12,JVASP-23186,BaCoO3,BaCoO3,bulk,dft_3d,Ba-Co-O,oxide,oxide,ABO3,perovskite_like,perovskite_like_unknown_variant,0.7,False,False,False,Ba;Co;O,2,0.5,False,True,True,194,,6,False,186.0,-2.01238,-2.01238,0.0354,True,stable_or_known,shares elements or related family context but is not the same chemical system/variant,4.002673796791444,262,
adjacent_family,JVASP-140218,Li7Mn2Co3O12,JVASP-52528,LiSbO3,LiSbO3,bulk,dft_3d,Li-O-Sb,oxide,oxide,ABO3,perovskite_like,perovskite_like_unknown_variant,0.7,False,False,False,Li;O;Sb,2,0.5,False,True,True,198,,7,False,190.0,-1.75027,-1.75027,0.07880000000000001,,stable_or_known,shares elements or related family context but is not the same chemical system/variant,4.00261780104712,263,known_synthesized
adjacent_family,JVASP-140218,Li7Mn2Co3O12,JVASP-92369,MnPbO3,MnPbO3,bulk,dft_3d,Mn-O-Pb,oxide,oxide,ABO3,perovskite_like,ideal_cubic_perovskite,0.82,False,False,False,Mn;O;Pb,2,0.5,False,True,True,221,,7,False,213.0,-1.55105,-1.55105,0.053500000000000006,,stable_or_known,shares elements or related family context but is not the same chemical system/variant,4.002336448598131,264,known_synthesized
adjacent_family,JVASP-140218,Li7Mn2Co3O12,JVASP-103147,PrCoO3,PrCoO3,bulk,dft_3d,Co-O-Pr,oxide,oxide,ABO3,perovskite_like,ideal_cubic_perovskite,0.82,False,False,False,Co;O;Pr,2,0.5,False,True,True,221,,7,False,213.0,-2.35761,-2.35761,0.0687,,stable_or_known,shares elements or related family context but is not the same chemical system/variant,4.002336448598131,265,known_synthesized
adjacent_family,JVASP-140218,Li7Mn2Co3O12,JVASP-110314,SrCoO3,SrCoO3,bulk,dft_3d,Co-O-Sr,oxide,oxide,ABO3,perovskite_like,ideal_cubic_perovskite,0.82,False,False,False,Co;O;Sr,2,0.5,False,True,True,221,,7,False,213.0,-1.9600300000000002,-1.9600300000000002,0.0,,stable_or_known,shares elements or related family context but is not the same chemical system/variant,4.002336448598131,266,known_synthesized
adjacent_family,JVASP-140218,Li7Mn2Co3O12,JVASP-93222,LaCoO3,LaCoO3,bulk,dft_3d,Co-La-O,oxide,oxide,ABO3,perovskite_like,ideal_cubic_perovskite,0.82,False,False,False,Co;La;O,2,0.5,False,True,True,221,,7,False,213.0,-2.45376,-2.45376,0.0497,,stable_or_known,shares elements or related family context but is not the same chemical system/variant,4.002336448598131,267,known_synthesized
adjacent_family,JVASP-140218,Li7Mn2Co3O12,JVASP-8615,SmCoO3,SmCoO3,bulk,dft_3d,Co-O-Sm,oxide,oxide,ABO3,perovskite_like,ideal_cubic_perovskite,0.82,False,False,False,Co;O;Sm,2,0.5,False,True,True,221,,7,False,213.0,-2.34031,-2.34031,0.1322,True,stable_or_known,shares elements or related family context but is not the same chemical system/variant,4.002336448598131,268,
adjacent_family,JVASP-140218,Li7Mn2Co3O12,JVASP-42094,LiTcO3,LiTcO3,bulk,dft_3d,Li-O-Tc,oxide,oxide,ABO3,perovskite_like,ideal_cubic_perovskite,0.82,False,False,False,Li;O;Tc,2,0.5,False,True,True,221,,7,False,213.0,-1.73466,-1.73466,0.0097,,stable_or_known,shares elements or related family context but is not the same chemical system/variant,4.002336448598131,269,known_synthesized
adjacent_family,JVASP-140218,Li7Mn2Co3O12,JVASP-36644,CaMnO3,CaMnO3,bulk,dft_3d,Ca-Mn-O,oxide,oxide,ABO3,perovskite_like,ideal_cubic_perovskite,0.82,False,False,False,Ca;Mn;O,2,0.5,False,True,True,221,,7,False,213.0,-2.44153,-2.44153,0.09280000000000001,True,stable_or_known,shares elements or related family context but is not the same chemical system/variant,4.002336448598131,270,
adjacent_family,JVASP-140218,Li7Mn2Co3O12,JVASP-92610,MnPbO3,MnPbO3,bulk,dft_3d,Mn-O-Pb,oxide,oxide,ABO3,perovskite_like,ideal_cubic_perovskite,0.82,False,False,False,Mn;O;Pb,2,0.5,False,True,True,221,,7,False,213.0,-1.55084,-1.55084,0.053700000000000005,,stable_or_known,shares elements or related family context but is not the same chemical system/variant,4.002336448598131,271,known_synthesized
adjacent_family,JVASP-140218,Li7Mn2Co3O12,JVASP-99800,LiPaO3,LiPaO3,bulk,dft_3d,Li-O-Pa,oxide,oxide,ABO3,perovskite_like,ideal_cubic_perovskite,0.82,False,False,False,Li;O;Pa,2,0.5,False,True,True,221,,7,False,213.0,-3.10015,-3.10015,0.0,,stable_or_known,shares elements or related family context but is not the same chemical system/variant,4.002336448598131,272,known_synthesized
adjacent_family,JVASP-140218,Li7Mn2Co3O12,JVASP-107394,AcMnO3,AcMnO3,bulk,dft_3d,Ac-Mn-O,oxide,oxide,ABO3,perovskite_like,ideal_cubic_perovskite,0.82,False,False,False,Ac;Mn;O,2,0.5,False,True,True,221,,7,False,213.0,-2.87296,-2.87296,0.0,,stable_or_known,shares elements or related family context but is not the same chemical system/variant,4.002336448598131,273,known_synthesized
adjacent_family,JVASP-140218,Li7Mn2Co3O12,JVASP-8610,NdCoO3,NdCoO3,bulk,dft_3d,Co-Nd-O,oxide,oxide,ABO3,perovskite_like,ideal_cubic_perovskite,0.82,False,False,False,Co;Nd;O,2,0.5,False,True,True,221,,7,False,213.0,-2.35437,-2.35437,0.09240000000000001,True,stable_or_known,shares elements or related family context but is not the same chemical system/variant,4.002336448598131,274,
adjacent_family,JVASP-140218,Li7Mn2Co3O12,JVASP-101256,LaCoO3,LaCoO3,bulk,dft_3d,Co-La-O,oxide,oxide,ABO3,perovskite_like,ideal_cubic_perovskite,0.82,False,False,False,Co;La;O,2,0.5,False,True,True,221,,7,False,213.0,-2.47339,-2.47339,0.03,,stable_or_known,shares elements or related family context but is not the same chemical system/variant,4.002336448598131,275,known_synthesized
adjacent_family,JVASP-140218,Li7Mn2Co3O12,JVASP-36643,SrMnO3,SrMnO3,bulk,dft_3d,Mn-O-Sr,oxide,oxide,ABO3,perovskite_like,ideal_cubic_perovskite,0.82,False,False,False,Mn;O;Sr,2,0.5,False,True,True,221,,7,False,213.0,-2.47129,-2.47129,0.0522,True,stable_or_known,shares elements or related family context but is not the same chemical system/variant,4.002336448598131,276,
adjacent_family,JVASP-140218,Li7Mn2Co3O12,JVASP-8611,PrCoO3,PrCoO3,bulk,dft_3d,Co-O-Pr,oxide,oxide,ABO3,perovskite_like,ideal_cubic_perovskite,0.82,False,False,False,Co;O;Pr,2,0.5,False,True,True,221,,7,False,213.0,-2.35761,-2.35761,0.0687,True,stable_or_known,shares elements or related family context but is not the same chemical system/variant,4.002336448598131,277,
adjacent_family,JVASP-140218,Li7Mn2Co3O12,JVASP-92598,LaMnO3,LaMnO3,bulk,dft_3d,La-Mn-O,oxide,oxide,ABO3,perovskite_like,ideal_cubic_perovskite,0.82,False,False,False,La;Mn;O,2,0.5,False,True,True,221,,7,False,213.0,-2.83404,-2.83404,0.0551,,stable_or_known,shares elements or related family context but is not the same chemical system/variant,4.002336448598131,278,known_synthesized
adjacent_family,JVASP-140218,Li7Mn2Co3O12,JVASP-107088,LaMnO3,LaMnO3,bulk,dft_3d,La-Mn-O,oxide,oxide,ABO3,perovskite_like,ideal_cubic_perovskite,0.82,False,False,False,La;Mn;O,2,0.5,False,True,True,221,,7,False,213.0,-2.8547700000000003,-2.8547700000000003,0.034300000000000004,,stable_or_known,shares elements or related family context but is not the same chemical system/variant,4.002336448598131,279,known_synthesized
adjacent_family,JVASP-140218,Li7Mn2Co3O12,JVASP-108960,NdCoO3,NdCoO3,bulk,dft_3d,Co-Nd-O,oxide,oxide,ABO3,perovskite_like,ideal_cubic_perovskite,0.82,False,False,False,Co;Nd;O,2,0.5,False,True,True,221,,7,False,213.0,-2.36821,-2.36821,0.0785,,stable_or_known,shares elements or related family context but is not the same chemical system/variant,4.002336448598131,280,known_synthesized
adjacent_family,JVASP-140218,Li7Mn2Co3O12,JVASP-92617,SrMnO3,SrMnO3,bulk,dft_3d,Mn-O-Sr,oxide,oxide,ABO3,perovskite_like,ideal_cubic_perovskite,0.82,False,False,False,Mn;O;Sr,2,0.5,False,True,True,221,,7,False,213.0,-2.47128,-2.47128,0.0522,,stable_or_known,shares elements or related family context but is not the same chemical system/variant,4.002336448598131,281,known_synthesized
adjacent_family,JVASP-140218,Li7Mn2Co3O12,JVASP-89038,LaMnO3,LaMnO3,bulk,dft_3d,La-Mn-O,oxide,oxide,ABO3,perovskite_like,ideal_cubic_perovskite,0.82,False,False,False,La;Mn;O,2,0.5,False,True,True,221,,7,False,213.0,-2.8341,-2.8341,0.055,True,stable_or_known,shares elements or related family context but is not the same chemical system/variant,4.002336448598131,282,
adjacent_family,JVASP-140218,Li7Mn2Co3O12,JVASP-116753,LaMnO3,LaMnO3,bulk,dft_3d,La-Mn-O,oxide,oxide,ABO3,perovskite_like,ideal_cubic_perovskite,0.82,False,False,False,La;Mn;O,2,0.5,False,True,True,221,,7,False,213.0,-2.8545700000000003,-2.8545700000000003,0.0345,,stable_or_known,shares elements or related family context but is not the same chemical system/variant,4.002336448598131,283,known_synthesized
adjacent_family,JVASP-140218,Li7Mn2Co3O12,JVASP-92394,SrCoO3,SrCoO3,bulk,dft_3d,Co-O-Sr,oxide,oxide,ABO3,perovskite_like,ideal_cubic_perovskite,0.82,False,False,False,Co;O;Sr,2,0.5,False,True,True,221,,7,False,213.0,-1.94336,-1.94336,0.0167,,stable_or_known,shares elements or related family context but is not the same chemical system/variant,4.002336448598131,284,known_synthesized
adjacent_family,JVASP-140218,Li7Mn2Co3O12,JVASP-157004,CeMnO3,CeMnO3,bulk,dft_3d,Ce-Mn-O,oxide,oxide,ABO3,perovskite_like,ideal_cubic_perovskite,0.82,False,False,False,Ce;Mn;O,2,0.5,False,True,True,221,,7,False,213.0,-2.71095,-2.71095,0.0,,stable_or_known,shares elements or related family context but is not the same chemical system/variant,4.002336448598131,285,known_synthesized
adjacent_family,JVASP-140218,Li7Mn2Co3O12,JVASP-1360,Li2O,Li2O,bulk,dft_3d,Li-O,oxide,oxide,AB2,fluorite_related,cubic_fluorite,0.84,False,False,False,Li;O,2,0.5,False,True,True,225,,7,False,217.0,-2.04833,-2.04833,0.039900000000000005,True,stable_or_known,shares elements or related family context but is not the same chemical system/variant,4.002293577981652,286,
adjacent_family,JVASP-140218,Li7Mn2Co3O12,JVASP-117402,NaMn2O4,NaMn2O4,bulk,dft_3d,Mn-Na-O,oxide,oxide,AB2O4,spinel_like,cubic_spinel,0.86,False,False,False,Mn;Na;O,2,0.5,False,True,True,227,,7,False,219.0,-1.87186,-1.87186,0.022500000000000003,,stable_or_known,shares elements or related family context but is not the same chemical system/variant,4.002272727272727,287,known_synthesized
adjacent_family,JVASP-140218,Li7Mn2Co3O12,JVASP-85621,MnV2O4,MnV2O4,bulk,dft_3d,Mn-O-V,oxide,oxide,AB2O4,spinel_like,cubic_spinel,0.86,False,False,False,Mn;O;V,2,0.5,False,True,True,227,,7,False,219.0,-2.16088,-2.16088,0.054700000000000006,True,stable_or_known,shares elements or related family context but is not the same chemical system/variant,4.002272727272727,288,
adjacent_family,JVASP-140218,Li7Mn2Co3O12,JVASP-141592,Co2HgO4,Co2HgO4,bulk,dft_3d,Co-Hg-O,oxide,oxide,AB2O4,spinel_like,cubic_spinel,0.86,False,False,False,Co;Hg;O,2,0.5,False,True,True,227,,7,False,219.0,-0.90656,-0.90656,0.0079,,stable_or_known,shares elements or related family context but is not the same chemical system/variant,4.002272727272727,289,known_synthesized
adjacent_family,JVASP-140218,Li7Mn2Co3O12,JVASP-46384,Ta2Mn2O7,Ta2Mn2O7,bulk,dft_3d,Mn-O-Ta,oxide,oxide,A2B2O7,pyrochlore_like,cubic_pyrochlore,0.86,False,False,False,Mn;O;Ta,2,0.5,False,True,True,227,,7,False,219.0,-2.38788,-2.38788,0.0844,,stable_or_known,shares elements or related family context but is not the same chemical system/variant,4.002272727272727,290,known_synthesized
adjacent_family,JVASP-140218,Li7Mn2Co3O12,JVASP-85483,Mn2NiO4,Mn2NiO4,bulk,dft_3d,Mn-Ni-O,oxide,oxide,AB2O4,spinel_like,cubic_spinel,0.86,False,False,False,Mn;Ni;O,2,0.5,False,True,True,227,,7,False,219.0,-1.54542,-1.54542,0.015,True,stable_or_known,shares elements or related family context but is not the same chemical system/variant,4.002272727272727,291,
adjacent_family,JVASP-140218,Li7Mn2Co3O12,JVASP-43026,MnAl2O4,MnAl2O4,bulk,dft_3d,Al-Mn-O,oxide,oxide,AB2O4,spinel_like,cubic_spinel,0.86,False,False,False,Al;Mn;O,2,0.5,False,True,True,227,,7,False,219.0,-2.7919300000000002,-2.7919300000000002,0.007200000000000001,,stable_or_known,shares elements or related family context but is not the same chemical system/variant,4.002272727272727,292,known_synthesized
adjacent_family,JVASP-140218,Li7Mn2Co3O12,JVASP-46381,Tm2Mn2O7,Tm2Mn2O7,bulk,dft_3d,Mn-O-Tm,oxide,oxide,A2B2O7,pyrochlore_like,cubic_pyrochlore,0.86,False,False,False,Mn;O;Tm,2,0.5,False,True,True,227,,7,False,219.0,-2.86784,-2.86784,0.0,,stable_or_known,shares elements or related family context but is not the same chemical system/variant,4.002272727272727,293,known_synthesized
adjacent_family,JVASP-140218,Li7Mn2Co3O12,JVASP-45077,Lu2Co2O7,Lu2Co2O7,bulk,dft_3d,Co-Lu-O,oxide,oxide,A2B2O7,pyrochlore_like,cubic_pyrochlore,0.86,False,False,False,Co;Lu;O,2,0.5,False,True,True,227,,7,False,219.0,-2.41857,-2.41857,0.0,,stable_or_known,shares elements or related family context but is not the same chemical system/variant,4.002272727272727,294,known_synthesized
adjacent_family,JVASP-140218,Li7Mn2Co3O12,JVASP-52121,Mn2NiO4,Mn2NiO4,bulk,dft_3d,Mn-Ni-O,oxide,oxide,AB2O4,spinel_like,cubic_spinel,0.86,False,False,False,Mn;Ni;O,2,0.5,False,True,True,227,,7,False,219.0,-1.54519,-1.54519,0.0152,True,stable_or_known,shares elements or related family context but is not the same chemical system/variant,4.002272727272727,295,
adjacent_family,JVASP-140218,Li7Mn2Co3O12,JVASP-55419,Er2Mn2O7,Er2Mn2O7,bulk,dft_3d,Er-Mn-O,oxide,oxide,A2B2O7,pyrochlore_like,cubic_pyrochlore,0.86,False,False,False,Er;Mn;O,2,0.5,False,True,True,227,,7,False,219.0,-2.85407,-2.85407,0.0,True,stable_or_known,shares elements or related family context but is not the same chemical system/variant,4.002272727272727,296,
adjacent_family,JVASP-140218,Li7Mn2Co3O12,JVASP-12615,Cr2CoO4,Cr2CoO4,bulk,dft_3d,Co-Cr-O,oxide,oxide,AB2O4,spinel_like,cubic_spinel,0.86,False,False,False,Co;Cr;O,2,0.5,False,True,True,227,,7,False,219.0,-1.52356,-1.52356,0.2877,True,stable_or_known,shares elements or related family context but is not the same chemical system/variant,4.002272727272727,297,
adjacent_family,JVASP-140218,Li7Mn2Co3O12,JVASP-34181,Mn2NiO4,Mn2NiO4,bulk,dft_3d,Mn-Ni-O,oxide,oxide,AB2O4,spinel_like,cubic_spinel,0.86,False,False,False,Mn;Ni;O,2,0.5,False,True,True,227,,7,False,219.0,-1.54519,-1.54519,0.0152,True,stable_or_known,shares elements or related family context but is not the same chemical system/variant,4.002272727272727,298,
adjacent_family,JVASP-140218,Li7Mn2Co3O12,JVASP-59595,LiV2O4,LiV2O4,bulk,dft_3d,Li-O-V,oxide,oxide,AB2O4,spinel_like,cubic_spinel,0.86,False,False,False,Li;O;V,2,0.5,False,True,True,227,,7,False,219.0,-2.51423,-2.51423,0.0258,True,stable_or_known,shares elements or related family context but is not the same chemical system/variant,4.002272727272727,299,
adjacent_family,JVASP-140218,Li7Mn2Co3O12,JVASP-132891,Co3O4,Co3O4,bulk,dft_3d,Co-O,oxide,oxide,AB2O4,spinel_like,cubic_mixed_valence_or_inverse_spinel,0.86,False,False,False,Co;O,2,0.5,False,True,True,227,,7,False,219.0,-1.09591,-1.09591,0.0128,,stable_or_known,shares elements or related family context but is not the same chemical system/variant,4.002272727272727,300,known_synthesized
adjacent_family,JVASP-140218,Li7Mn2Co3O12,JVASP-56656,Ti2MnO4,Ti2MnO4,bulk,dft_3d,Mn-O-Ti,oxide,oxide,AB2O4,spinel_like,cubic_spinel,0.86,False,False,False,Mn;O;Ti,2,0.5,False,True,True,227,,7,False,219.0,-2.66396,-2.66396,0.1331,True,stable_or_known,shares elements or related family context but is not the same chemical system/variant,4.002272727272727,301,
adjacent_family,JVASP-140218,Li7Mn2Co3O12,JVASP-146536,Co2NiO4,Co2NiO4,bulk,dft_3d,Co-Ni-O,oxide,oxide,AB2O4,spinel_like,cubic_spinel,0.86,False,False,False,Co;Ni;O,2,0.5,False,True,True,227,,7,False,219.0,-1.1211200000000001,-1.1211200000000001,0.0,,stable_or_known,shares elements or related family context but is not the same chemical system/variant,4.002272727272727,302,known_synthesized
adjacent_family,JVASP-140218,Li7Mn2Co3O12,JVASP-139895,Fe2CoO4,Fe2CoO4,bulk,dft_3d,Co-Fe-O,oxide,oxide,AB2O4,spinel_like,cubic_spinel,0.86,False,False,False,Co;Fe;O,2,0.5,False,True,True,227,,7,False,219.0,-1.21677,-1.21677,0.09630000000000001,,stable_or_known,shares elements or related family context but is not the same chemical system/variant,4.002272727272727,303,known_synthesized
adjacent_family,JVASP-140218,Li7Mn2Co3O12,JVASP-27266,MnCr2O4,MnCr2O4,bulk,dft_3d,Cr-Mn-O,oxide,oxide,AB2O4,spinel_like,cubic_spinel,0.86,False,False,False,Cr;Mn;O,2,0.5,False,True,True,227,,7,False,219.0,-1.96164,-1.96164,0.0,True,stable_or_known,shares elements or related family context but is not the same chemical system/variant,4.002272727272727,304,
adjacent_family,JVASP-140218,Li7Mn2Co3O12,JVASP-46366,Sm2Mn2O7,Sm2Mn2O7,bulk,dft_3d,Mn-O-Sm,oxide,oxide,A2B2O7,pyrochlore_like,cubic_pyrochlore,0.86,False,False,False,Mn;O;Sm,2,0.5,False,True,True,227,,7,False,219.0,-2.74416,-2.74416,0.0091,,stable_or_known,shares elements or related family context but is not the same chemical system/variant,4.002272727272727,305,known_synthesized
adjacent_family,JVASP-140218,Li7Mn2Co3O12,JVASP-48441,NaMn2O4,NaMn2O4,bulk,dft_3d,Mn-Na-O,oxide,oxide,AB2O4,spinel_like,cubic_spinel,0.86,False,False,False,Mn;Na;O,2,0.5,False,True,True,227,,7,False,219.0,-1.85956,-1.85956,0.034800000000000005,,stable_or_known,shares elements or related family context but is not the same chemical system/variant,4.002272727272727,306,known_synthesized
adjacent_family,JVASP-140218,Li7Mn2Co3O12,JVASP-10945,MnO2,MnO2,bulk,dft_3d,Mn-O,oxide,oxide,AO2,fluorite_related,defect_or_ordered_fluorite_related,0.74,False,False,False,Mn;O,2,0.5,False,True,True,227,,7,False,219.0,-1.7269700000000001,-1.7269700000000001,0.078,,stable_or_known,shares elements or related family context but is not the same chemical system/variant,4.002272727272727,307,known_synthesized
adjacent_family,JVASP-140218,Li7Mn2Co3O12,JVASP-11520,MgMn2O4,MgMn2O4,bulk,dft_3d,Mg-Mn-O,oxide,oxide,AB2O4,spinel_like,cubic_spinel,0.86,False,False,False,Mg;Mn;O,2,0.5,False,True,True,227,,7,False,219.0,-2.07476,-2.07476,0.0579,,stable_or_known,shares elements or related family context but is not the same chemical system/variant,4.002272727272727,308,known_synthesized
adjacent_family,JVASP-140218,Li7Mn2Co3O12,JVASP-86007,Co2GeO4,Co2GeO4,bulk,dft_3d,Co-Ge-O,oxide,oxide,AB2O4,spinel_like,cubic_spinel,0.86,False,False,False,Co;Ge;O,2,0.5,False,True,True,227,,7,False,219.0,-1.22782,-1.22782,0.0893,True,stable_or_known,shares elements or related family context but is not the same chemical system/variant,4.002272727272727,309,
adjacent_family,JVASP-140218,Li7Mn2Co3O12,JVASP-59558,Co2GeO4,Co2GeO4,bulk,dft_3d,Co-Ge-O,oxide,oxide,AB2O4,spinel_like,cubic_spinel,0.86,False,False,False,Co;Ge;O,2,0.5,False,True,True,227,,7,False,219.0,-1.22789,-1.22789,0.0892,True,stable_or_known,shares elements or related family context but is not the same chemical system/variant,4.002272727272727,310,
adjacent_family,JVASP-140218,Li7Mn2Co3O12,JVASP-21076,LiTi2O4,LiTi2O4,bulk,dft_3d,Li-O-Ti,oxide,oxide,AB2O4,spinel_like,cubic_spinel,0.86,False,False,False,Li;O;Ti,2,0.5,False,True,True,227,,7,False,219.0,-3.06947,-3.06947,0.0,True,stable_or_known,shares elements or related family context but is not the same chemical system/variant,4.002272727272727,311,
adjacent_family,JVASP-140218,Li7Mn2Co3O12,JVASP-46291,Tb2Mn2O7,Tb2Mn2O7,bulk,dft_3d,Mn-O-Tb,oxide,oxide,A2B2O7,pyrochlore_like,cubic_pyrochlore,0.86,False,False,False,Mn;O;Tb,2,0.5,False,True,True,227,,7,False,219.0,-2.81626,-2.81626,0.0,,stable_or_known,shares elements or related family context but is not the same chemical system/variant,4.002272727272727,312,known_synthesized
adjacent_family,JVASP-140218,Li7Mn2Co3O12,JVASP-119258,Co3O4,Co3O4,bulk,dft_3d,Co-O,oxide,oxide,AB2O4,spinel_like,cubic_mixed_valence_or_inverse_spinel,0.86,False,False,False,Co;O,2,0.5,False,True,True,227,,7,False,219.0,-1.10868,-1.10868,0.0,,stable_or_known,shares elements or related family context but is not the same chemical system/variant,4.002272727272727,313,known_synthesized
adjacent_family,JVASP-140218,Li7Mn2Co3O12,JVASP-13285,MnIn2O4,MnIn2O4,bulk,dft_3d,In-Mn-O,oxide,oxide,AB2O4,spinel_like,cubic_spinel,0.86,False,False,False,In;Mn;O,2,0.5,False,True,True,227,,7,False,219.0,-1.62208,-1.62208,0.038900000000000004,,stable_or_known,shares elements or related family context but is not the same chemical system/variant,4.002272727272727,314,known_synthesized
adjacent_family,JVASP-140218,Li7Mn2Co3O12,JVASP-152793,Fe2CoO4,Fe2CoO4,bulk,dft_3d,Co-Fe-O,oxide,oxide,AB2O4,spinel_like,cubic_spinel,0.86,False,False,False,Co;Fe;O,2,0.5,False,True,True,227,,7,False,219.0,-1.22564,-1.22564,0.0874,,stable_or_known,shares elements or related family context but is not the same chemical system/variant,4.002272727272727,315,known_synthesized
adjacent_family,JVASP-140218,Li7Mn2Co3O12,JVASP-11601,Al2CoO4,Al2CoO4,bulk,dft_3d,Al-Co-O,oxide,oxide,AB2O4,spinel_like,cubic_spinel,0.86,False,False,False,Al;Co;O,2,0.5,False,True,True,227,,7,False,219.0,-2.59261,-2.59261,0.0531,,stable_or_known,shares elements or related family context but is not the same chemical system/variant,4.002272727272727,316,known_synthesized
adjacent_family,JVASP-140218,Li7Mn2Co3O12,JVASP-10848,Mn2ZnO4,Mn2ZnO4,bulk,dft_3d,Mn-O-Zn,oxide,oxide,AB2O4,spinel_like,cubic_spinel,0.86,False,False,False,Mn;O;Zn,2,0.5,False,True,True,227,,7,False,219.0,-1.69839,-1.69839,0.0296,,stable_or_known,shares elements or related family context but is not the same chemical system/variant,4.002272727272727,317,known_synthesized
adjacent_family,JVASP-140218,Li7Mn2Co3O12,JVASP-141514,Mn2CuO4,Mn2CuO4,bulk,dft_3d,Cu-Mn-O,oxide,oxide,AB2O4,spinel_like,cubic_spinel,0.86,False,False,False,Cu;Mn;O,2,0.5,False,True,True,227,,7,False,219.0,-1.60185,-1.60185,0.0,,stable_or_known,shares elements or related family context but is not the same chemical system/variant,4.002272727272727,318,known_synthesized
adjacent_family,JVASP-140218,Li7Mn2Co3O12,JVASP-146594,MnAl2O4,MnAl2O4,bulk,dft_3d,Al-Mn-O,oxide,oxide,AB2O4,spinel_like,cubic_spinel,0.86,False,False,False,Al;Mn;O,2,0.5,False,True,True,227,,7,False,219.0,-2.7991200000000003,-2.7991200000000003,0.0,,stable_or_known,shares elements or related family context but is not the same chemical system/variant,4.002272727272727,319,known_synthesized
adjacent_family,JVASP-140218,Li7Mn2Co3O12,JVASP-23170,Co3O4,Co3O4,bulk,dft_3d,Co-O,oxide,oxide,AB2O4,spinel_like,cubic_mixed_valence_or_inverse_spinel,0.86,False,False,False,Co;O,2,0.5,False,True,True,227,,7,False,219.0,-1.09605,-1.09605,0.0126,True,stable_or_known,shares elements or related family context but is not the same chemical system/variant,4.002272727272727,320,
adjacent_family,JVASP-140218,Li7Mn2Co3O12,JVASP-55309,Y2Mn2O7,Y2Mn2O7,bulk,dft_3d,Mn-O-Y,oxide,oxide,A2B2O7,pyrochlore_like,cubic_pyrochlore,0.86,False,False,False,Mn;O;Y,2,0.5,False,True,True,227,,7,False,219.0,-2.84065,-2.84065,0.0,True,stable_or_known,shares elements or related family context but is not the same chemical system/variant,4.002272727272727,321,
adjacent_family,JVASP-140218,Li7Mn2Co3O12,JVASP-12695,MnO2,MnO2,bulk,dft_3d,Mn-O,oxide,oxide,AO2,fluorite_related,defect_or_ordered_fluorite_related,0.74,False,False,False,Mn;O,2,0.5,False,True,True,227,,7,False,219.0,-1.7269700000000001,-1.7269700000000001,0.078,,stable_or_known,shares elements or related family context but is not the same chemical system/variant,4.002272727272727,322,known_synthesized
adjacent_family,JVASP-140218,Li7Mn2Co3O12,JVASP-142049,CoO2,CoO2,bulk,dft_3d,Co-O,oxide,oxide,AO2,fluorite_related,defect_or_ordered_fluorite_related,0.74,False,False,False,Co;O,2,0.5,False,True,True,227,,7,False,219.0,-0.9668700000000001,-0.9668700000000001,0.1,,stable_or_known,shares elements or related family context but is not the same chemical system/variant,4.002272727272727,323,known_synthesized
adjacent_family,JVASP-140218,Li7Mn2Co3O12,JVASP-133659,Ta2Mn2O7,Ta2Mn2O7,bulk,dft_3d,Mn-O-Ta,oxide,oxide,A2B2O7,pyrochlore_like,cubic_pyrochlore,0.86,False,False,False,Mn;O;Ta,2,0.5,False,True,True,227,,7,False,219.0,-2.3878,-2.3878,0.0845,,stable_or_known,shares elements or related family context but is not the same chemical system/variant,4.002272727272727,324,known_synthesized
adjacent_family,JVASP-140218,Li7Mn2Co3O12,JVASP-13329,Al2CoO4,Al2CoO4,bulk,dft_3d,Al-Co-O,oxide,oxide,AB2O4,spinel_like,cubic_spinel,0.86,False,False,False,Al;Co;O,2,0.5,False,True,True,227,,7,False,219.0,-2.59261,-2.59261,0.0531,,stable_or_known,shares elements or related family context but is not the same chemical system/variant,4.002272727272727,325,known_synthesized
adjacent_family,JVASP-140218,Li7Mn2Co3O12,JVASP-121317,Mn2NiO4,Mn2NiO4,bulk,dft_3d,Mn-Ni-O,oxide,oxide,AB2O4,spinel_like,cubic_spinel,0.86,False,False,False,Mn;Ni;O,2,0.5,False,True,True,227,,7,False,219.0,-1.55851,-1.55851,0.0019,,stable_or_known,shares elements or related family context but is not the same chemical system/variant,4.002272727272727,326,known_synthesized
adjacent_family,JVASP-140218,Li7Mn2Co3O12,JVASP-142068,Tb2Mn2O7,Tb2Mn2O7,bulk,dft_3d,Mn-O-Tb,oxide,oxide,A2B2O7,pyrochlore_like,cubic_pyrochlore,0.86,False,False,False,Mn;O;Tb,2,0.5,False,True,True,227,,7,False,219.0,-2.8162000000000003,-2.8162000000000003,0.0001,,stable_or_known,shares elements or related family context but is not the same chemical system/variant,4.002272727272727,327,known_synthesized
adjacent_family,JVASP-140218,Li7Mn2Co3O12,JVASP-55392,Lu2Mn2O7,Lu2Mn2O7,bulk,dft_3d,Lu-Mn-O,oxide,oxide,A2B2O7,pyrochlore_like,cubic_pyrochlore,0.86,False,False,False,Lu;Mn;O,2,0.5,False,True,True,227,,7,False,219.0,-2.87975,-2.87975,0.0,True,stable_or_known,shares elements or related family context but is not the same chemical system/variant,4.002272727272727,328,
adjacent_family,JVASP-140218,Li7Mn2Co3O12,JVASP-147428,Sm2Mn2O7,Sm2Mn2O7,bulk,dft_3d,Mn-O-Sm,oxide,oxide,A2B2O7,pyrochlore_like,cubic_pyrochlore,0.86,False,False,False,Mn;O;Sm,2,0.5,False,True,True,227,,7,False,219.0,-2.7532900000000002,-2.7532900000000002,0.0,,stable_or_known,shares elements or related family context but is not the same chemical system/variant,4.002272727272727,329,known_synthesized
adjacent_family,JVASP-140218,Li7Mn2Co3O12,JVASP-86605,Co2GeO4,Co2GeO4,bulk,dft_3d,Co-Ge-O,oxide,oxide,AB2O4,spinel_like,cubic_spinel,0.86,False,False,False,Co;Ge;O,2,0.5,False,True,True,227,,7,False,219.0,-1.22782,-1.22782,0.0893,True,stable_or_known,shares elements or related family context but is not the same chemical system/variant,4.002272727272727,330,
adjacent_family,JVASP-140218,Li7Mn2Co3O12,JVASP-44245,Dy2Mn2O7,Dy2Mn2O7,bulk,dft_3d,Dy-Mn-O,oxide,oxide,A2B2O7,pyrochlore_like,cubic_pyrochlore,0.86,False,False,False,Dy;Mn;O,2,0.5,False,True,True,227,,7,False,219.0,-2.8305000000000002,-2.8305000000000002,0.0,,stable_or_known,shares elements or related family context but is not the same chemical system/variant,4.002272727272727,331,known_synthesized
adjacent_family,JVASP-140218,Li7Mn2Co3O12,JVASP-142840,MnO2,MnO2,bulk,dft_3d,Mn-O,oxide,oxide,AO2,fluorite_related,defect_or_ordered_fluorite_related,0.74,False,False,False,Mn;O,2,0.5,False,True,True,227,,7,False,219.0,-1.73739,-1.73739,0.0675,,stable_or_known,shares elements or related family context but is not the same chemical system/variant,4.002272727272727,332,known_synthesized
adjacent_family,JVASP-140218,Li7Mn2Co3O12,JVASP-46190,Co2HgO4,Co2HgO4,bulk,dft_3d,Co-Hg-O,oxide,oxide,AB2O4,spinel_like,cubic_spinel,0.86,False,False,False,Co;Hg;O,2,0.5,False,True,True,227,,7,False,219.0,-0.89326,-0.89326,0.0212,,stable_or_known,shares elements or related family context but is not the same chemical system/variant,4.002272727272727,333,known_synthesized
adjacent_family,JVASP-140218,Li7Mn2Co3O12,JVASP-57097,FeBiO3,FeBiO3,bulk,dft_3d,Bi-Fe-O,oxide,oxide,ABO3,perovskite_like,perovskite_like_unknown_variant,0.7,False,False,False,Bi;Fe;O,1,0.25,False,True,True,8,,2,True,0.0,-1.26874,-1.26874,0.138,True,stable_or_known,shares elements or related family context but is not the same chemical system/variant,3.75,334,
adjacent_family,JVASP-140218,Li7Mn2Co3O12,JVASP-112425,VAgO3,VAgO3,bulk,dft_3d,Ag-O-V,oxide,oxide,ABO3,perovskite_like,perovskite_like_unknown_variant,0.7,False,False,False,Ag;O;V,1,0.25,False,True,True,8,,2,True,0.0,-1.8136,-1.8136,0.0,,stable_or_known,shares elements or related family context but is not the same chemical system/variant,3.75,335,known_synthesized
adjacent_family,JVASP-140218,Li7Mn2Co3O12,JVASP-18435,CuCO3,CuCO3,bulk,dft_3d,C-Cu-O,oxide,oxide,ABO3,perovskite_like,perovskite_like_unknown_variant,0.7,False,False,False,C;Cu;O,1,0.25,False,True,True,8,,2,True,0.0,-0.9343,-0.9343,0.1492,True,stable_or_known,shares elements or related family context but is not the same chemical system/variant,3.75,336,
adjacent_family,JVASP-140218,Li7Mn2Co3O12,JVASP-99564,VCuO3,VCuO3,bulk,dft_3d,Cu-O-V,oxide,oxide,ABO3,perovskite_like,perovskite_like_unknown_variant,0.7,False,False,False,Cu;O;V,1,0.25,False,True,True,8,,2,True,0.0,-1.83365,-1.83365,0.0682,,stable_or_known,shares elements or related family context but is not the same chemical system/variant,3.75,337,known_synthesized
adjacent_family,JVASP-140218,Li7Mn2Co3O12,JVASP-8812,KNO2,KNO2,bulk,dft_3d,K-N-O,oxide,oxide,ABC2,max_phase_like,layered_carbide_nitride_candidate,0.58,False,False,False,K;N;O,1,0.25,False,True,True,8,,2,True,0.0,-1.00562,-1.00562,0.0172,,stable_or_known,shares elements or related family context but is not the same chemical system/variant,3.75,338,known_synthesized
adjacent_family,JVASP-140218,Li7Mn2Co3O12,JVASP-5317,CuCO3,CuCO3,bulk,dft_3d,C-Cu-O,oxide,oxide,ABO3,perovskite_like,perovskite_like_unknown_variant,0.7,False,False,False,C;Cu;O,1,0.25,False,True,True,8,,2,True,0.0,-0.9343,-0.9343,0.1492,True,stable_or_known,shares elements or related family context but is not the same chemical system/variant,3.75,339,
adjacent_family,JVASP-140218,Li7Mn2Co3O12,JVASP-34197,KNO2,KNO2,bulk,dft_3d,K-N-O,oxide,oxide,ABC2,max_phase_like,layered_carbide_nitride_candidate,0.58,False,False,False,K;N;O,1,0.25,False,True,True,8,,2,True,0.0,-1.00531,-1.00531,0.0175,True,stable_or_known,shares elements or related family context but is not the same chemical system/variant,3.75,340,
adjacent_family,JVASP-140218,Li7Mn2Co3O12,JVASP-56629,VAgO3,VAgO3,bulk,dft_3d,Ag-O-V,oxide,oxide,ABO3,perovskite_like,perovskite_like_unknown_variant,0.7,False,False,False,Ag;O;V,1,0.25,False,True,True,8,,2,True,0.0,-1.8046900000000001,-1.8046900000000001,0.0089,True,stable_or_known,shares elements or related family context but is not the same chemical system/variant,3.75,341,
adjacent_family,JVASP-140218,Li7Mn2Co3O12,JVASP-54453,VCuO3,VCuO3,bulk,dft_3d,Cu-O-V,oxide,oxide,ABO3,perovskite_like,perovskite_like_unknown_variant,0.7,False,False,False,Cu;O;V,1,0.25,False,True,True,8,,2,True,0.0,-1.83108,-1.83108,0.0708,True,stable_or_known,shares elements or related family context but is not the same chemical system/variant,3.75,342,
adjacent_family,JVASP-140218,Li7Mn2Co3O12,JVASP-141808,Co2As2O7,Co2As2O7,bulk,dft_3d,As-Co-O,oxide,oxide,A2B2O7,pyrochlore_like,pyrochlore_like_unknown_variant,0.72,False,False,False,As;Co;O,2,0.5,False,True,True,8,,2,True,0.0,-1.04962,-1.04962,0.11800000000000001,,unknown_or_less_stable,shares elements or related family context but is not the same chemical system/variant,3.75,343,known_synthesized
adjacent_family,JVASP-140218,Li7Mn2Co3O12,JVASP-92507,CaCoO3,CaCoO3,bulk,dft_3d,Ca-Co-O,oxide,oxide,ABO3,perovskite_like,perovskite_like_unknown_variant,0.7,False,False,False,Ca;Co;O,2,0.5,False,True,True,8,,2,True,0.0,-1.83115,-1.83115,0.1892,,unknown_or_less_stable,shares elements or related family context but is not the same chemical system/variant,3.75,344,known_synthesized
adjacent_family,JVASP-140218,Li7Mn2Co3O12,JVASP-147386,Co2As2O7,Co2As2O7,bulk,dft_3d,As-Co-O,oxide,oxide,A2B2O7,pyrochlore_like,pyrochlore_like_unknown_variant,0.72,False,False,False,As;Co;O,2,0.5,False,True,True,8,,2,True,0.0,-1.0495,-1.0495,0.11810000000000001,,unknown_or_less_stable,shares elements or related family context but is not the same chemical system/variant,3.75,345,known_synthesized
adjacent_family,JVASP-140218,Li7Mn2Co3O12,JVASP-88238,TeHO3,TeHO3,bulk,dft_3d,H-O-Te,oxide,oxide,ABO3,perovskite_like,perovskite_like_unknown_variant,0.7,False,False,False,H;O;Te,1,0.25,False,True,True,7,,2,False,1.0,-0.9909,-0.9909,0.0234,True,stable_or_known,shares elements or related family context but is not the same chemical system/variant,3.5,346,
adjacent_family,JVASP-140218,Li7Mn2Co3O12,JVASP-152778,Ga2PbO4,Ga2PbO4,bulk,dft_3d,Ga-O-Pb,oxide,oxide,AB2O4,spinel_like,spinel_like_unknown_variant,0.7,False,False,False,Ga;O;Pb,1,0.25,False,True,True,9,,2,False,1.0,-1.79475,-1.79475,0.0,,stable_or_known,shares elements or related family context but is not the same chemical system/variant,3.5,347,known_synthesized
adjacent_family,JVASP-140218,Li7Mn2Co3O12,JVASP-33000,H2SO4,H2SO4,bulk,dft_3d,H-O-S,oxide,oxide,AB2O4,spinel_like,spinel_like_unknown_variant,0.7,False,False,False,H;O;S,1,0.25,False,True,True,9,,2,False,1.0,-1.1025800000000001,-1.1025800000000001,0.0154,True,stable_or_known,shares elements or related family context but is not the same chemical system/variant,3.5,348,
adjacent_family,JVASP-140218,Li7Mn2Co3O12,JVASP-119717,CrP3O9,Cr(PO3)3,bulk,dft_3d,Cr-O-P,oxide,oxide,ABO3,perovskite_like,perovskite_like_unknown_variant,0.7,False,False,False,Cr;O;P,1,0.25,False,True,True,9,,2,False,1.0,-2.1523,-2.1523,0.0,,stable_or_known,shares elements or related family context but is not the same chemical system/variant,3.5,349,known_synthesized
adjacent_family,JVASP-140218,Li7Mn2Co3O12,JVASP-98781,DyP3O9,Dy(PO3)3,bulk,dft_3d,Dy-O-P,oxide,oxide,ABO3,perovskite_like,perovskite_like_unknown_variant,0.7,False,False,False,Dy;O;P,1,0.25,False,True,True,9,,2,False,1.0,-2.60457,-2.60457,0.0,True,stable_or_known,shares elements or related family context but is not the same chemical system/variant,3.5,350,
adjacent_family,JVASP-140218,Li7Mn2Co3O12,JVASP-54701,H2SO4,H2SO4,bulk,dft_3d,H-O-S,oxide,oxide,AB2O4,spinel_like,spinel_like_unknown_variant,0.7,False,False,False,H;O;S,1,0.25,False,True,True,9,,2,False,1.0,-1.10277,-1.10277,0.0152,True,stable_or_known,shares elements or related family context but is not the same chemical system/variant,3.5,351,
adjacent_family,JVASP-140218,Li7Mn2Co3O12,JVASP-57088,Ga2PbO4,Ga2PbO4,bulk,dft_3d,Ga-O-Pb,oxide,oxide,AB2O4,spinel_like,spinel_like_unknown_variant,0.7,False,False,False,Ga;O;Pb,1,0.25,False,True,True,9,,2,False,1.0,-1.78061,-1.78061,0.014100000000000001,True,stable_or_known,shares elements or related family context but is not the same chemical system/variant,3.5,352,
adjacent_family,JVASP-140218,Li7Mn2Co3O12,JVASP-142044,VP3O9,V(PO3)3,bulk,dft_3d,O-P-V,oxide,oxide,ABO3,perovskite_like,perovskite_like_unknown_variant,0.7,False,False,False,O;P;V,1,0.25,False,True,True,9,,2,False,1.0,-2.22837,-2.22837,0.0,,stable_or_known,shares elements or related family context but is not the same chemical system/variant,3.5,353,known_synthesized
adjacent_family,JVASP-140218,Li7Mn2Co3O12,JVASP-119671,Tl2PO4,Tl2PO4,bulk,dft_3d,O-P-Tl,oxide,oxide,AB2O4,spinel_like,spinel_like_unknown_variant,0.7,False,False,False,O;P;Tl,1,0.25,False,True,True,7,,2,False,1.0,-1.574,-1.574,0.0695,,stable_or_known,shares elements or related family context but is not the same chemical system/variant,3.5,354,known_synthesized
adjacent_family,JVASP-140218,Li7Mn2Co3O12,JVASP-53054,Ca2SiO4,Ca2SiO4,bulk,dft_3d,Ca-O-Si,oxide,oxide,AB2O4,spinel_like,spinel_like_unknown_variant,0.7,False,False,False,Ca;O;Si,1,0.25,False,True,True,9,,2,False,1.0,-3.19982,-3.19982,0.08370000000000001,,stable_or_known,shares elements or related family context but is not the same chemical system/variant,3.5,355,known_synthesized
adjacent_family,JVASP-140218,Li7Mn2Co3O12,JVASP-35210,YP3O9,Y(PO3)3,bulk,dft_3d,O-P-Y,oxide,oxide,ABO3,perovskite_like,perovskite_like_unknown_variant,0.7,False,False,False,O;P;Y,1,0.25,False,True,True,9,,2,False,1.0,-2.60514,-2.60514,0.0,True,stable_or_known,shares elements or related family context but is not the same chemical system/variant,3.5,356,
adjacent_family,JVASP-140218,Li7Mn2Co3O12,JVASP-133227,LiSe2O6,Li(SeO3)2,bulk,dft_3d,Li-O-Se,oxide,oxide,ABO3,perovskite_like,perovskite_like_unknown_variant,0.7,False,False,False,Li;O;Se,2,0.5,False,True,True,7,,2,False,1.0,-0.7887000000000001,-0.7887000000000001,0.1772,,unknown_or_less_stable,shares elements or related family context but is not the same chemical system/variant,3.5,357,known_synthesized
adjacent_family,JVASP-140218,Li7Mn2Co3O12,JVASP-144486,V2HO4,V2HO4,bulk,dft_3d,H-O-V,oxide,oxide,AB2O4,spinel_like,spinel_like_unknown_variant,0.7,False,False,False,H;O;V,1,0.25,False,True,True,6,,2,False,2.0,-2.2094300000000002,-2.2094300000000002,0.0091,,stable_or_known,shares elements or related family context but is not the same chemical system/variant,3.4166666666666665,358,known_synthesized
adjacent_family,JVASP-140218,Li7Mn2Co3O12,JVASP-95007,Cr2HO4,Cr2HO4,bulk,dft_3d,Cr-H-O,oxide,oxide,AB2O4,spinel_like,distorted_spinel_derivative,0.8,False,False,False,Cr;H;O,1,0.25,False,True,True,10,,2,False,2.0,-1.79023,-1.79023,0.0956,,stable_or_known,shares elements or related family context but is not the same chemical system/variant,3.4166666666666665,359,known_synthesized
adjacent_family,JVASP-140218,Li7Mn2Co3O12,JVASP-18892,Cr2HO4,Cr2HO4,bulk,dft_3d,Cr-H-O,oxide,oxide,AB2O4,spinel_like,distorted_spinel_derivative,0.8,False,False,False,Cr;H;O,1,0.25,False,True,True,10,,2,False,2.0,-1.79024,-1.79024,0.0955,,stable_or_known,shares elements or related family context but is not the same chemical system/variant,3.4166666666666665,360,known_synthesized
adjacent_family,JVASP-140218,Li7Mn2Co3O12,JVASP-36920,NiBiO3,NiBiO3,bulk,dft_3d,Bi-Ni-O,oxide,oxide,ABO3,perovskite_like,perovskite_like_unknown_variant,0.7,False,False,False,Bi;Ni;O,1,0.25,False,True,True,6,,2,False,2.0,-1.10006,-1.10006,0.0505,,stable_or_known,shares elements or related family context but is not the same chemical system/variant,3.4166666666666665,361,known_synthesized
adjacent_family,JVASP-140218,Li7Mn2Co3O12,JVASP-100464,Cr2HO4,Cr2HO4,bulk,dft_3d,Cr-H-O,oxide,oxide,AB2O4,spinel_like,distorted_spinel_derivative,0.8,False,False,False,Cr;H;O,1,0.25,False,True,True,10,,2,False,2.0,-1.87165,-1.87165,0.014100000000000001,,stable_or_known,shares elements or related family context but is not the same chemical system/variant,3.4166666666666665,362,known_synthesized
adjacent_family,JVASP-140218,Li7Mn2Co3O12,JVASP-146688,Rb2U2O7,Rb2U2O7,bulk,dft_3d,O-Rb-U,oxide,oxide,A2B2O7,pyrochlore_like,pyrochlore_like_unknown_variant,0.72,False,False,False,O;Rb;U,1,0.25,False,True,True,6,,2,False,2.0,-3.01592,-3.01592,0.0,,stable_or_known,shares elements or related family context but is not the same chemical system/variant,3.4166666666666665,363,known_synthesized
adjacent_family,JVASP-140218,Li7Mn2Co3O12,JVASP-52734,Cr2HO4,Cr2HO4,bulk,dft_3d,Cr-H-O,oxide,oxide,AB2O4,spinel_like,distorted_spinel_derivative,0.8,False,False,False,Cr;H;O,1,0.25,False,True,True,10,,2,False,2.0,-1.87165,-1.87165,0.014100000000000001,,stable_or_known,shares elements or related family context but is not the same chemical system/variant,3.4166666666666665,364,known_synthesized
adjacent_family,JVASP-140218,Li7Mn2Co3O12,JVASP-50994,V2HO4,V2HO4,bulk,dft_3d,H-O-V,oxide,oxide,AB2O4,spinel_like,spinel_like_unknown_variant,0.7,False,False,False,H;O;V,1,0.25,False,True,True,6,,2,False,2.0,-2.20273,-2.20273,0.0158,True,stable_or_known,shares elements or related family context but is not the same chemical system/variant,3.4166666666666665,365,
adjacent_family,JVASP-140218,Li7Mn2Co3O12,JVASP-146453,Na2U2O7,Na2U2O7,bulk,dft_3d,Na-O-U,oxide,oxide,A2B2O7,pyrochlore_like,pyrochlore_like_unknown_variant,0.72,False,False,False,Na;O;U,1,0.25,False,True,True,6,,2,False,2.0,-2.9715700000000003,-2.9715700000000003,0.0,,stable_or_known,shares elements or related family context but is not the same chemical system/variant,3.4166666666666665,366,known_synthesized
adjacent_family,JVASP-140218,Li7Mn2Co3O12,JVASP-94827,MgMn2O4,MgMn2O4,bulk,dft_3d,Mg-Mn-O,oxide,oxide,AB2O4,spinel_like,distorted_spinel_derivative,0.8,False,False,False,Mg;Mn;O,2,0.5,False,True,True,10,,2,False,2.0,-2.03082,-2.03082,0.1018,,unknown_or_less_stable,shares elements or related family context but is not the same chemical system/variant,3.4166666666666665,367,known_synthesized
adjacent_family,JVASP-140218,Li7Mn2Co3O12,JVASP-34761,KClO3,KClO3,bulk,dft_3d,Cl-K-O,oxide,oxide,ABO3,perovskite_like,perovskite_like_unknown_variant,0.7,False,False,False,Cl;K;O,1,0.25,False,True,True,11,,2,False,3.0,-0.7768400000000001,-0.7768400000000001,0.0655,True,stable_or_known,shares elements or related family context but is not the same chemical system/variant,3.375,368,
adjacent_family,JVASP-140218,Li7Mn2Co3O12,JVASP-47709,BaCO3,BaCO3,bulk,dft_3d,Ba-C-O,oxide,oxide,ABO3,perovskite_like,perovskite_like_unknown_variant,0.7,False,False,False,Ba;C;O,1,0.25,False,True,True,11,,2,False,3.0,-2.37091,-2.37091,0.0,,stable_or_known,shares elements or related family context but is not the same chemical system/variant,3.375,369,known_synthesized
adjacent_family,JVASP-140218,Li7Mn2Co3O12,JVASP-9404,SrSeO3,SrSeO3,bulk,dft_3d,O-Se-Sr,oxide,oxide,ABO3,perovskite_like,perovskite_like_unknown_variant,0.7,False,False,False,O;Se;Sr,1,0.25,False,True,True,11,,2,False,3.0,-2.04377,-2.04377,0.0,True,stable_or_known,shares elements or related family context but is not the same chemical system/variant,3.375,370,
adjacent_family,JVASP-140218,Li7Mn2Co3O12,JVASP-10020,BaSeO3,BaSeO3,bulk,dft_3d,Ba-O-Se,oxide,oxide,ABO3,perovskite_like,perovskite_like_unknown_variant,0.7,False,False,False,Ba;O;Se,1,0.25,False,True,True,11,,2,False,3.0,-2.031,-2.031,0.0,True,stable_or_known,shares elements or related family context but is not the same chemical system/variant,3.375,371,
adjacent_family,JVASP-140218,Li7Mn2Co3O12,JVASP-89035,Tl2MoO4,Tl2MoO4,bulk,dft_3d,Mo-O-Tl,oxide,oxide,AB2O4,spinel_like,spinel_like_unknown_variant,0.7,False,False,False,Mo;O;Tl,1,0.25,False,True,True,5,,2,False,3.0,-1.70163,-1.70163,0.0,True,stable_or_known,shares elements or related family context but is not the same chemical system/variant,3.375,372,
adjacent_family,JVASP-140218,Li7Mn2Co3O12,JVASP-75300,BSbO3,BSbO3,2d,dft_2d,B-O-Sb,oxide,oxide,ABO3,perovskite_like,perovskite_like_unknown_variant,0.7,False,False,False,B;O;Sb,1,0.25,False,True,True,5,,2,False,3.0,-1.8526,-1.8526,0.0,,stable_or_known,shares elements or related family context but is not the same chemical system/variant,3.375,373,known_synthesized
adjacent_family,JVASP-140218,Li7Mn2Co3O12,JVASP-10134,LaBO3,LaBO3,bulk,dft_3d,B-La-O,oxide,oxide,ABO3,perovskite_like,perovskite_like_unknown_variant,0.7,False,False,False,B;La;O,1,0.25,False,True,True,11,,2,False,3.0,-3.30528,-3.30528,0.0,True,stable_or_known,shares elements or related family context but is not the same chemical system/variant,3.375,374,
adjacent_family,JVASP-140218,Li7Mn2Co3O12,JVASP-57185,Y2Si2O7,Y2Si2O7,bulk,dft_3d,O-Si-Y,oxide,oxide,A2B2O7,pyrochlore_like,pyrochlore_like_unknown_variant,0.72,False,False,False,O;Si;Y,1,0.25,False,True,True,11,,2,False,3.0,-3.39973,-3.39973,0.035,True,stable_or_known,shares elements or related family context but is not the same chemical system/variant,3.375,375,
adjacent_family,JVASP-140218,Li7Mn2Co3O12,JVASP-45995,Dy2Ge2O7,Dy2Ge2O7,bulk,dft_3d,Dy-Ge-O,oxide,oxide,A2B2O7,pyrochlore_like,pyrochlore_like_unknown_variant,0.72,False,False,False,Dy;Ge;O,1,0.25,False,True,True,5,,2,False,3.0,-2.76148,-2.76148,0.054400000000000004,,stable_or_known,shares elements or related family context but is not the same chemical system/variant,3.375,376,known_synthesized
adjacent_family,JVASP-140218,Li7Mn2Co3O12,JVASP-122495,Er2Se3O12,Er2(SeO4)3,bulk,dft_3d,Er-O-Se,oxide,oxide,AB2O4,spinel_like,spinel_like_unknown_variant,0.7,False,False,False,Er;O;Se,1,0.25,False,True,True,5,,2,False,3.0,-1.4912,-1.4912,0.0425,,stable_or_known,shares elements or related family context but is not the same chemical system/variant,3.375,377,known_synthesized
adjacent_family,JVASP-140218,Li7Mn2Co3O12,JVASP-46006,BaSO3,BaSO3,bulk,dft_3d,Ba-O-S,oxide,oxide,ABO3,perovskite_like,perovskite_like_unknown_variant,0.7,False,False,False,Ba;O;S,1,0.25,False,True,True,11,,2,False,3.0,-2.32721,-2.32721,0.038700000000000005,,stable_or_known,shares elements or related family context but is not the same chemical system/variant,3.375,378,known_synthesized
adjacent_family,JVASP-140218,Li7Mn2Co3O12,JVASP-19367,CaSbO3,CaSbO3,bulk,dft_3d,Ca-O-Sb,oxide,oxide,ABO3,perovskite_like,perovskite_like_unknown_variant,0.7,False,False,False,Ca;O;Sb,1,0.25,False,True,True,11,,2,False,3.0,-2.21645,-2.21645,0.0918,,stable_or_known,shares elements or related family context but is not the same chemical system/variant,3.375,379,known_synthesized
adjacent_family,JVASP-140218,Li7Mn2Co3O12,JVASP-57176,AgTeO3,AgTeO3,bulk,dft_3d,Ag-O-Te,oxide,oxide,ABO3,perovskite_like,perovskite_like_unknown_variant,0.7,False,False,False,Ag;O;Te,1,0.25,False,True,True,11,,2,False,3.0,-0.8001300000000001,-0.8001300000000001,0.0,True,stable_or_known,shares elements or related family context but is not the same chemical system/variant,3.375,380,
adjacent_family,JVASP-140218,Li7Mn2Co3O12,JVASP-31375,PdSeO3,PdSeO3,2d,dft_2d,O-Pd-Se,oxide,oxide,ABO3,perovskite_like,perovskite_like_unknown_variant,0.7,False,False,False,O;Pd;Se,1,0.25,False,True,True,11,,2,False,3.0,-0.5980500000000001,-0.5980500000000001,0.0,,stable_or_known,shares elements or related family context but is not the same chemical system/variant,3.375,381,known_synthesized
adjacent_family,JVASP-140218,Li7Mn2Co3O12,JVASP-109260,NaNO2,NaNO2,bulk,dft_3d,N-Na-O,oxide,oxide,ABC2,max_phase_like,layered_carbide_nitride_candidate,0.58,False,False,False,N;Na;O,1,0.25,False,True,True,11,,2,False,3.0,-0.95786,-0.95786,0.0076,,stable_or_known,shares elements or related family context but is not the same chemical system/variant,3.375,382,known_synthesized
adjacent_family,JVASP-140218,Li7Mn2Co3O12,JVASP-150145,UB2O6,U(BO3)2,bulk,dft_3d,B-O-U,oxide,oxide,ABO3,perovskite_like,perovskite_like_unknown_variant,0.7,False,False,False,B;O;U,1,0.25,False,True,True,5,,2,False,3.0,-2.84191,-2.84191,0.0011,,stable_or_known,shares elements or related family context but is not the same chemical system/variant,3.375,383,known_synthesized
adjacent_family,JVASP-140218,Li7Mn2Co3O12,JVASP-33894,AgNO2,AgNO2,bulk,dft_3d,Ag-N-O,oxide,oxide,ABC2,max_phase_like,layered_carbide_nitride_candidate,0.58,False,False,False,Ag;N;O,1,0.25,False,True,True,5,,2,False,3.0,-0.16085000000000002,-0.16085000000000002,0.08070000000000001,,stable_or_known,shares elements or related family context but is not the same chemical system/variant,3.375,384,known_synthesized
adjacent_family,JVASP-140218,Li7Mn2Co3O12,JVASP-9675,Ag2CO3,Ag2CO3,bulk,dft_3d,Ag-C-O,oxide,oxide,AB2C3,max_phase_like,layered_carbide_nitride_candidate,0.58,False,False,False,Ag;C;O,1,0.25,False,True,True,11,,2,False,3.0,-0.8152900000000001,-0.8152900000000001,0.0,True,stable_or_known,shares elements or related family context but is not the same chemical system/variant,3.375,385,
adjacent_family,JVASP-140218,Li7Mn2Co3O12,JVASP-57435,CaAl2O4,CaAl2O4,bulk,dft_3d,Al-Ca-O,oxide,oxide,AB2O4,spinel_like,spinel_like_unknown_variant,0.7,False,False,False,Al;Ca;O,1,0.25,False,True,True,11,,2,False,3.0,-3.33292,-3.33292,0.0015,True,stable_or_known,shares elements or related family context but is not the same chemical system/variant,3.375,386,
adjacent_family,JVASP-140218,Li7Mn2Co3O12,JVASP-60348,UB2O6,U(BO3)2,2d,dft_2d,B-O-U,oxide,oxide,ABO3,perovskite_like,perovskite_like_unknown_variant,0.7,False,False,False,B;O;U,1,0.25,False,True,True,5,,2,False,3.0,-2.74397,-2.74397,0.0,,stable_or_known,shares elements or related family context but is not the same chemical system/variant,3.375,387,known_synthesized
adjacent_family,JVASP-140218,Li7Mn2Co3O12,JVASP-12015,PdSeO3,PdSeO3,bulk,dft_3d,O-Pd-Se,oxide,oxide,ABO3,perovskite_like,perovskite_like_unknown_variant,0.7,False,False,False,O;Pd;Se,1,0.25,False,True,True,11,,2,False,3.0,-0.6741900000000001,-0.6741900000000001,0.006,True,stable_or_known,shares elements or related family context but is not the same chemical system/variant,3.375,388,
adjacent_family,JVASP-140218,Li7Mn2Co3O12,JVASP-150848,CeBO3,CeBO3,bulk,dft_3d,B-Ce-O,oxide,oxide,ABO3,perovskite_like,perovskite_like_unknown_variant,0.7,False,False,False,B;Ce;O,1,0.25,False,True,True,11,,2,False,3.0,-3.19047,-3.19047,0.0,,stable_or_known,shares elements or related family context but is not the same chemical system/variant,3.375,389,known_synthesized
adjacent_family,JVASP-140218,Li7Mn2Co3O12,JVASP-143209,Ca2SiO4,Ca2SiO4,bulk,dft_3d,Ca-O-Si,oxide,oxide,AB2O4,spinel_like,spinel_like_unknown_variant,0.7,False,False,False,Ca;O;Si,1,0.25,False,True,True,5,,2,False,3.0,-3.22813,-3.22813,0.055400000000000005,,stable_or_known,shares elements or related family context but is not the same chemical system/variant,3.375,390,known_synthesized
adjacent_family,JVASP-140218,Li7Mn2Co3O12,JVASP-12334,PbSeO3,PbSeO3,bulk,dft_3d,O-Pb-Se,oxide,oxide,ABO3,perovskite_like,perovskite_like_unknown_variant,0.7,False,False,False,O;Pb;Se,1,0.25,False,True,True,11,,2,False,3.0,-1.1288,-1.1288,0.0005,True,stable_or_known,shares elements or related family context but is not the same chemical system/variant,3.375,391,
adjacent_family,JVASP-140218,Li7Mn2Co3O12,JVASP-122317,VHO3,VHO3,bulk,dft_3d,H-O-V,oxide,oxide,ABO3,perovskite_like,perovskite_like_unknown_variant,0.7,False,False,False,H;O;V,1,0.25,False,True,True,11,,2,False,3.0,-1.97341,-1.97341,0.007200000000000001,,stable_or_known,shares elements or related family context but is not the same chemical system/variant,3.375,392,known_synthesized
adjacent_family,JVASP-140218,Li7Mn2Co3O12,JVASP-12116,CuI2O6,Cu(IO3)2,bulk,dft_3d,Cu-I-O,oxide,oxide,ABO3,perovskite_like,perovskite_like_unknown_variant,0.7,False,False,False,Cu;I;O,1,0.25,False,True,True,11,,2,False,3.0,-0.43524,-0.43524,0.0,True,stable_or_known,shares elements or related family context but is not the same chemical system/variant,3.375,393,
adjacent_family,JVASP-140218,Li7Mn2Co3O12,JVASP-57188,Y2Si2O7,Y2Si2O7,bulk,dft_3d,O-Si-Y,oxide,oxide,A2B2O7,pyrochlore_like,pyrochlore_like_unknown_variant,0.72,False,False,False,O;Si;Y,1,0.25,False,True,True,11,,2,False,3.0,-3.42765,-3.42765,0.0071,True,stable_or_known,shares elements or related family context but is not the same chemical system/variant,3.375,394,
adjacent_family,JVASP-140218,Li7Mn2Co3O12,JVASP-12365,PbSO3,PbSO3,bulk,dft_3d,O-Pb-S,oxide,oxide,ABO3,perovskite_like,perovskite_like_unknown_variant,0.7,False,False,False,O;Pb;S,1,0.25,False,True,True,11,,2,False,3.0,-1.40324,-1.40324,0.0001,True,stable_or_known,shares elements or related family context but is not the same chemical system/variant,3.375,395,
adjacent_family,JVASP-140218,Li7Mn2Co3O12,JVASP-145736,SrAl2O4,SrAl2O4,bulk,dft_3d,Al-O-Sr,oxide,oxide,AB2O4,spinel_like,spinel_like_unknown_variant,0.7,False,False,False,Al;O;Sr,1,0.25,False,True,True,5,,2,False,3.0,-3.32273,-3.32273,0.014400000000000001,,stable_or_known,shares elements or related family context but is not the same chemical system/variant,3.375,396,known_synthesized
adjacent_family,JVASP-140218,Li7Mn2Co3O12,JVASP-9716,BaTeO3,BaTeO3,bulk,dft_3d,Ba-O-Te,oxide,oxide,ABO3,perovskite_like,perovskite_like_unknown_variant,0.7,False,False,False,Ba;O;Te,1,0.25,False,True,True,11,,2,False,3.0,-2.08385,-2.08385,0.0,True,stable_or_known,shares elements or related family context but is not the same chemical system/variant,3.375,397,
adjacent_family,JVASP-140218,Li7Mn2Co3O12,JVASP-109705,MoHO3,MoHO3,bulk,dft_3d,H-Mo-O,oxide,oxide,ABO3,perovskite_like,perovskite_like_unknown_variant,0.7,False,False,False,H;Mo;O,1,0.25,False,True,True,5,,2,False,3.0,-1.71926,-1.71926,0.0694,,stable_or_known,shares elements or related family context but is not the same chemical system/variant,3.375,398,known_synthesized
adjacent_family,JVASP-140218,Li7Mn2Co3O12,JVASP-30281,CrCo2O6,Cr(CoO3)2,bulk,dft_3d,Co-Cr-O,oxide,oxide,ABO3,perovskite_like,perovskite_like_unknown_variant,0.7,False,False,False,Co;Cr;O,2,0.5,False,True,True,5,,2,False,3.0,-1.30197,-1.30197,0.113,,unknown_or_less_stable,shares elements or related family context but is not the same chemical system/variant,3.375,399,known_synthesized
adjacent_family,JVASP-140218,Li7Mn2Co3O12,JVASP-151019,Cu2As2O7,Cu2As2O7,bulk,dft_3d,As-Cu-O,oxide,oxide,A2B2O7,pyrochlore_like,pyrochlore_like_unknown_variant,0.72,False,False,False,As;Cu;O,1,0.25,False,True,True,12,,2,False,4.0,-0.9781700000000001,-0.9781700000000001,0.016300000000000002,,stable_or_known,shares elements or related family context but is not the same chemical system/variant,3.35,400,known_synthesized
adjacent_family,JVASP-140218,Li7Mn2Co3O12,JVASP-29862,Mo2H2O7,Mo2H2O7,bulk,dft_3d,H-Mo-O,oxide,oxide,A2B2O7,pyrochlore_like,pyrochlore_like_unknown_variant,0.72,False,False,False,H;Mo;O,1,0.25,False,True,True,4,,2,False,4.0,-1.6954500000000001,-1.6954500000000001,0.109,True,stable_or_known,shares elements or related family context but is not the same chemical system/variant,3.35,401,
adjacent_family,JVASP-140218,Li7Mn2Co3O12,JVASP-144471,Sm2HgO4,Sm2HgO4,bulk,dft_3d,Hg-O-Sm,oxide,oxide,AB2O4,spinel_like,spinel_like_unknown_variant,0.7,False,False,False,Hg;O;Sm,1,0.25,False,True,True,12,,2,False,4.0,-2.7482100000000003,-2.7482100000000003,0.0,,stable_or_known,shares elements or related family context but is not the same chemical system/variant,3.35,402,known_synthesized
adjacent_family,JVASP-140218,Li7Mn2Co3O12,JVASP-147387,V2Si2O7,V2Si2O7,bulk,dft_3d,O-Si-V,oxide,oxide,A2B2O7,pyrochlore_like,pyrochlore_like_unknown_variant,0.72,False,False,False,O;Si;V,1,0.25,False,True,True,12,,2,False,4.0,-2.61684,-2.61684,0.095,,stable_or_known,shares elements or related family context but is not the same chemical system/variant,3.35,403,known_synthesized
adjacent_family,JVASP-140218,Li7Mn2Co3O12,JVASP-46111,Y2Ge2O7,Y2Ge2O7,bulk,dft_3d,Ge-O-Y,oxide,oxide,A2B2O7,pyrochlore_like,pyrochlore_like_unknown_variant,0.72,False,False,False,Ge;O;Y,1,0.25,False,True,True,12,,2,False,4.0,-2.77396,-2.77396,0.0522,,stable_or_known,shares elements or related family context but is not the same chemical system/variant,3.35,404,known_synthesized
adjacent_family,JVASP-140218,Li7Mn2Co3O12,JVASP-9706,In2Ge2O7,In2Ge2O7,bulk,dft_3d,Ge-In-O,oxide,oxide,A2B2O7,pyrochlore_like,pyrochlore_like_unknown_variant,0.72,False,False,False,Ge;In;O,1,0.25,False,True,True,12,,2,False,4.0,-1.72624,-1.72624,0.0175,True,stable_or_known,shares elements or related family context but is not the same chemical system/variant,3.35,405,
adjacent_family,JVASP-140218,Li7Mn2Co3O12,JVASP-12737,CuI2O6,Cu(IO3)2,bulk,dft_3d,Cu-I-O,oxide,oxide,ABO3,perovskite_like,perovskite_like_unknown_variant,0.7,False,False,False,Cu;I;O,1,0.25,False,True,True,4,,2,False,4.0,-0.43328000000000005,-0.43328000000000005,0.002,True,stable_or_known,shares elements or related family context but is not the same chemical system/variant,3.35,406,
adjacent_family,JVASP-140218,Li7Mn2Co3O12,JVASP-119595,BiCO3,BiCO3,bulk,dft_3d,Bi-C-O,oxide,oxide,ABO3,perovskite_like,perovskite_like_unknown_variant,0.7,False,False,False,Bi;C;O,1,0.25,False,True,True,12,,2,False,4.0,-1.31802,-1.31802,0.049100000000000005,,stable_or_known,shares elements or related family context but is not the same chemical system/variant,3.35,407,known_synthesized
adjacent_family,JVASP-140218,Li7Mn2Co3O12,JVASP-97433,TlMo3O9,Tl(MoO3)3,bulk,dft_3d,Mo-O-Tl,oxide,oxide,ABO3,perovskite_like,perovskite_like_unknown_variant,0.7,False,False,False,Mo;O;Tl,1,0.25,False,True,True,12,,2,False,4.0,-2.03953,-2.03953,0.0,True,stable_or_known,shares elements or related family context but is not the same chemical system/variant,3.35,408,
adjacent_family,JVASP-140218,Li7Mn2Co3O12,JVASP-9142,In2Si2O7,In2Si2O7,bulk,dft_3d,In-O-Si,oxide,oxide,A2B2O7,pyrochlore_like,pyrochlore_like_unknown_variant,0.72,False,False,False,In;O;Si,1,0.25,False,True,True,12,,2,False,4.0,-2.38316,-2.38316,0.0,True,stable_or_known,shares elements or related family context but is not the same chemical system/variant,3.35,409,
adjacent_family,JVASP-140218,Li7Mn2Co3O12,JVASP-153041,Rb2WO4,Rb2WO4,bulk,dft_3d,O-Rb-W,oxide,oxide,AB2O4,spinel_like,spinel_like_unknown_variant,0.7,False,False,False,O;Rb;W,1,0.25,False,True,True,12,,2,False,4.0,-2.29441,-2.29441,0.0,,stable_or_known,shares elements or related family context but is not the same chemical system/variant,3.35,410,known_synthesized
adjacent_family,JVASP-140218,Li7Mn2Co3O12,JVASP-53660,BaCO3,BaCO3,bulk,dft_3d,Ba-C-O,oxide,oxide,ABO3,perovskite_like,perovskite_like_unknown_variant,0.7,False,False,False,Ba;C;O,1,0.25,False,True,True,12,,2,False,4.0,-2.35225,-2.35225,0.0187,,stable_or_known,shares elements or related family context but is not the same chemical system/variant,3.35,411,known_synthesized
adjacent_family,JVASP-140218,Li7Mn2Co3O12,JVASP-50354,TaCuO3,TaCuO3,bulk,dft_3d,Cu-O-Ta,oxide,oxide,ABO3,perovskite_like,perovskite_like_unknown_variant,0.7,False,False,False,Cu;O;Ta,1,0.25,False,True,True,12,,2,False,4.0,-2.25044,-2.25044,0.0371,,stable_or_known,shares elements or related family context but is not the same chemical system/variant,3.35,412,known_synthesized
adjacent_family,JVASP-140218,Li7Mn2Co3O12,JVASP-10866,Ho2HgO4,Ho2HgO4,bulk,dft_3d,Hg-Ho-O,oxide,oxide,AB2O4,spinel_like,spinel_like_unknown_variant,0.7,False,False,False,Hg;Ho;O,1,0.25,False,True,True,12,,2,False,4.0,-2.83307,-2.83307,0.0,True,stable_or_known,shares elements or related family context but is not the same chemical system/variant,3.35,413,
adjacent_family,JVASP-140218,Li7Mn2Co3O12,JVASP-96786,Tl2CO3,Tl2CO3,bulk,dft_3d,C-O-Tl,oxide,oxide,AB2C3,max_phase_like,layered_carbide_nitride_candidate,0.58,False,False,False,C;O;Tl,1,0.25,False,True,True,12,,2,False,4.0,-1.19903,-1.19903,0.0,True,stable_or_known,shares elements or related family context but is not the same chemical system/variant,3.35,414,
adjacent_family,JVASP-140218,Li7Mn2Co3O12,JVASP-12016,PdSeO3,PdSeO3,bulk,dft_3d,O-Pd-Se,oxide,oxide,ABO3,perovskite_like,perovskite_like_unknown_variant,0.7,False,False,False,O;Pd;Se,1,0.25,False,True,True,12,,2,False,4.0,-0.66751,-0.66751,0.0126,True,stable_or_known,shares elements or related family context but is not the same chemical system/variant,3.35,415,
adjacent_family,JVASP-140218,Li7Mn2Co3O12,JVASP-152968,K2WO4,K2WO4,bulk,dft_3d,K-O-W,oxide,oxide,AB2O4,spinel_like,spinel_like_unknown_variant,0.7,False,False,False,K;O;W,1,0.25,False,True,True,12,,2,False,4.0,-2.29962,-2.29962,0.0,,stable_or_known,shares elements or related family context but is not the same chemical system/variant,3.35,416,known_synthesized
adjacent_family,JVASP-140218,Li7Mn2Co3O12,JVASP-49111,Sc2V2O7,Sc2V2O7,bulk,dft_3d,O-Sc-V,oxide,oxide,A2B2O7,pyrochlore_like,pyrochlore_like_unknown_variant,0.72,False,False,False,O;Sc;V,1,0.25,False,True,True,12,,2,False,4.0,-3.11092,-3.11092,0.0193,,stable_or_known,shares elements or related family context but is not the same chemical system/variant,3.35,417,known_synthesized
adjacent_family,JVASP-140218,Li7Mn2Co3O12,JVASP-10010,Ca2As2O7,Ca2As2O7,bulk,dft_3d,As-Ca-O,oxide,oxide,A2B2O7,pyrochlore_like,pyrochlore_like_unknown_variant,0.72,False,False,False,As;Ca;O,1,0.25,False,True,True,12,,2,False,4.0,-2.19066,-2.19066,0.0,True,stable_or_known,shares elements or related family context but is not the same chemical system/variant,3.35,418,
adjacent_family,JVASP-140218,Li7Mn2Co3O12,JVASP-88000,RbTaO3,RbTaO3,bulk,dft_3d,O-Rb-Ta,oxide,oxide,ABO3,perovskite_like,perovskite_like_unknown_variant,0.7,False,False,False,O;Rb;Ta,1,0.25,False,True,True,12,,2,False,4.0,-2.82716,-2.82716,0.0091,True,stable_or_known,shares elements or related family context but is not the same chemical system/variant,3.35,419,
adjacent_family,JVASP-140218,Li7Mn2Co3O12,JVASP-34264,Zn2P2O7,Zn2P2O7,bulk,dft_3d,O-P-Zn,oxide,oxide,A2B2O7,pyrochlore_like,pyrochlore_like_unknown_variant,0.72,False,False,False,O;P;Zn,1,0.25,False,True,True,12,,2,False,4.0,-2.07366,-2.07366,0.0,True,stable_or_known,shares elements or related family context but is not the same chemical system/variant,3.35,420,
adjacent_family,JVASP-140218,Li7Mn2Co3O12,JVASP-51397,V2Zn2O7,V2Zn2O7,bulk,dft_3d,O-V-Zn,oxide,oxide,A2B2O7,pyrochlore_like,pyrochlore_like_unknown_variant,0.72,False,False,False,O;V;Zn,1,0.25,False,True,True,12,,2,False,4.0,-2.15106,-2.15106,0.0279,True,stable_or_known,shares elements or related family context but is not the same chemical system/variant,3.35,421,
adjacent_family,JVASP-140218,Li7Mn2Co3O12,JVASP-50824,Sc2Ti2O7,Sc2Ti2O7,bulk,dft_3d,O-Sc-Ti,oxide,oxide,A2B2O7,pyrochlore_like,pyrochlore_like_unknown_variant,0.72,False,False,False,O;Sc;Ti,1,0.25,False,True,True,12,,2,False,4.0,-3.49212,-3.49212,0.0218,,stable_or_known,shares elements or related family context but is not the same chemical system/variant,3.35,422,known_synthesized
adjacent_family,JVASP-140218,Li7Mn2Co3O12,JVASP-46356,Ho2V2O7,Ho2V2O7,bulk,dft_3d,Ho-O-V,oxide,oxide,A2B2O7,pyrochlore_like,pyrochlore_like_unknown_variant,0.72,False,False,False,Ho;O;V,1,0.25,False,True,True,12,,2,False,4.0,-3.15209,-3.15209,0.0698,,stable_or_known,shares elements or related family context but is not the same chemical system/variant,3.35,423,known_synthesized
adjacent_family,JVASP-140218,Li7Mn2Co3O12,JVASP-9379,Na2CO3,Na2CO3,bulk,dft_3d,C-Na-O,oxide,oxide,AB2C3,max_phase_like,layered_carbide_nitride_candidate,0.58,False,False,False,C;Na;O,1,0.25,False,True,True,12,,2,False,4.0,-1.85429,-1.85429,0.0,True,stable_or_known,shares elements or related family context but is not the same chemical system/variant,3.35,424,
adjacent_family,JVASP-140218,Li7Mn2Co3O12,JVASP-143262,Ho2V2O7,Ho2V2O7,bulk,dft_3d,Ho-O-V,oxide,oxide,A2B2O7,pyrochlore_like,pyrochlore_like_unknown_variant,0.72,False,False,False,Ho;O;V,1,0.25,False,True,True,12,,2,False,4.0,-3.15964,-3.15964,0.062200000000000005,,stable_or_known,shares elements or related family context but is not the same chemical system/variant,3.35,425,known_synthesized
adjacent_family,JVASP-140218,Li7Mn2Co3O12,JVASP-118956,Y2Hf2O7,Y2Hf2O7,bulk,dft_3d,Hf-O-Y,oxide,oxide,A2B2O7,pyrochlore_like,pyrochlore_like_unknown_variant,0.72,False,False,False,Hf;O;Y,1,0.25,False,True,True,12,,2,False,4.0,-3.73951,-3.73951,0.09530000000000001,,stable_or_known,shares elements or related family context but is not the same chemical system/variant,3.35,426,known_synthesized
adjacent_family,JVASP-140218,Li7Mn2Co3O12,JVASP-12522,HgI2O6,Hg(IO3)2,bulk,dft_3d,Hg-I-O,oxide,oxide,ABO3,perovskite_like,perovskite_like_unknown_variant,0.7,False,False,False,Hg;I;O,1,0.25,False,True,True,4,,2,False,4.0,-0.37071000000000004,-0.37071000000000004,0.0,True,stable_or_known,shares elements or related family context but is not the same chemical system/variant,3.35,427,
adjacent_family,JVASP-140218,Li7Mn2Co3O12,JVASP-151145,V2Cd2O7,V2Cd2O7,bulk,dft_3d,Cd-O-V,oxide,oxide,A2B2O7,pyrochlore_like,pyrochlore_like_unknown_variant,0.72,False,False,False,Cd;O;V,1,0.25,False,True,True,12,,2,False,4.0,-2.0881,-2.0881,0.0,,stable_or_known,shares elements or related family context but is not the same chemical system/variant,3.35,428,known_synthesized
adjacent_family,JVASP-140218,Li7Mn2Co3O12,JVASP-49746,Zn2As2O7,Zn2As2O7,bulk,dft_3d,As-O-Zn,oxide,oxide,A2B2O7,pyrochlore_like,pyrochlore_like_unknown_variant,0.72,False,False,False,As;O;Zn,1,0.25,False,True,True,12,,2,False,4.0,-1.36703,-1.36703,0.0,,stable_or_known,shares elements or related family context but is not the same chemical system/variant,3.35,429,known_synthesized
adjacent_family,JVASP-140218,Li7Mn2Co3O12,JVASP-10682,Cd2As2O7,Cd2As2O7,bulk,dft_3d,As-Cd-O,oxide,oxide,A2B2O7,pyrochlore_like,pyrochlore_like_unknown_variant,0.72,False,False,False,As;Cd;O,1,0.25,False,True,True,12,,2,False,4.0,-1.29338,-1.29338,0.0006000000000000001,True,stable_or_known,shares elements or related family context but is not the same chemical system/variant,3.35,430,
adjacent_family,JVASP-140218,Li7Mn2Co3O12,JVASP-9726,Mg2As2O7,Mg2As2O7,bulk,dft_3d,As-Mg-O,oxide,oxide,A2B2O7,pyrochlore_like,pyrochlore_like_unknown_variant,0.72,False,False,False,As;Mg;O,1,0.25,False,True,True,12,,2,False,4.0,-1.9775500000000001,-1.9775500000000001,0.0,True,stable_or_known,shares elements or related family context but is not the same chemical system/variant,3.35,431,
adjacent_family,JVASP-140218,Li7Mn2Co3O12,JVASP-86450,Yb2Si2O7,Yb2Si2O7,bulk,dft_3d,O-Si-Yb,oxide,oxide,A2B2O7,pyrochlore_like,pyrochlore_like_unknown_variant,0.72,False,False,False,O;Si;Yb,1,0.25,False,True,True,12,,2,False,4.0,-2.83756,-2.83756,0.1448,True,stable_or_known,shares elements or related family context but is not the same chemical system/variant,3.35,432,
adjacent_family,JVASP-140218,Li7Mn2Co3O12,JVASP-11671,V2Zn2O7,V2Zn2O7,bulk,dft_3d,O-V-Zn,oxide,oxide,A2B2O7,pyrochlore_like,pyrochlore_like_unknown_variant,0.72,False,False,False,O;V;Zn,1,0.25,False,True,True,12,,2,False,4.0,-2.15117,-2.15117,0.027800000000000002,True,stable_or_known,shares elements or related family context but is not the same chemical system/variant,3.35,433,
adjacent_family,JVASP-140218,Li7Mn2Co3O12,JVASP-142563,Ni2As2O7,Ni2As2O7,bulk,dft_3d,As-Ni-O,oxide,oxide,A2B2O7,pyrochlore_like,pyrochlore_like_unknown_variant,0.72,False,False,False,As;Ni;O,1,0.25,False,True,True,12,,2,False,4.0,-1.02498,-1.02498,0.057300000000000004,,stable_or_known,shares elements or related family context but is not the same chemical system/variant,3.35,434,known_synthesized
adjacent_family,JVASP-140218,Li7Mn2Co3O12,JVASP-8744,USb2O6,U(SbO3)2,bulk,dft_3d,O-Sb-U,oxide,oxide,ABO3,perovskite_like,perovskite_like_unknown_variant,0.7,False,False,False,O;Sb;U,1,0.25,False,True,True,12,,2,False,4.0,-2.26805,-2.26805,0.0,True,stable_or_known,shares elements or related family context but is not the same chemical system/variant,3.35,435,
adjacent_family,JVASP-140218,Li7Mn2Co3O12,JVASP-9731,Y2Si2O7,Y2Si2O7,bulk,dft_3d,O-Si-Y,oxide,oxide,A2B2O7,pyrochlore_like,pyrochlore_like_unknown_variant,0.72,False,False,False,O;Si;Y,1,0.25,False,True,True,12,,2,False,4.0,-3.43477,-3.43477,0.0,True,stable_or_known,shares elements or related family context but is not the same chemical system/variant,3.35,436,
adjacent_family,JVASP-140218,Li7Mn2Co3O12,JVASP-42459,Dy2V2O7,Dy2V2O7,bulk,dft_3d,Dy-O-V,oxide,oxide,A2B2O7,pyrochlore_like,pyrochlore_like_unknown_variant,0.72,False,False,False,Dy;O;V,1,0.25,False,True,True,12,,2,False,4.0,-3.14076,-3.14076,0.0736,,stable_or_known,shares elements or related family context but is not the same chemical system/variant,3.35,437,known_synthesized
adjacent_family,JVASP-140218,Li7Mn2Co3O12,JVASP-10095,Lu2Si2O7,Lu2Si2O7,bulk,dft_3d,Lu-O-Si,oxide,oxide,A2B2O7,pyrochlore_like,pyrochlore_like_unknown_variant,0.72,False,False,False,Lu;O;Si,1,0.25,False,True,True,12,,2,False,4.0,-3.47103,-3.47103,0.0,True,stable_or_known,shares elements or related family context but is not the same chemical system/variant,3.35,438,
adjacent_family,JVASP-140218,Li7Mn2Co3O12,JVASP-9725,Sc2Si2O7,Sc2Si2O7,bulk,dft_3d,O-Sc-Si,oxide,oxide,A2B2O7,pyrochlore_like,pyrochlore_like_unknown_variant,0.72,False,False,False,O;Sc;Si,1,0.25,False,True,True,12,,2,False,4.0,-3.35819,-3.35819,0.0,True,stable_or_known,shares elements or related family context but is not the same chemical system/variant,3.35,439,
adjacent_family,JVASP-140218,Li7Mn2Co3O12,JVASP-49865,Sm2Ge2O7,Sm2Ge2O7,bulk,dft_3d,Ge-O-Sm,oxide,oxide,A2B2O7,pyrochlore_like,pyrochlore_like_unknown_variant,0.72,False,False,False,Ge;O;Sm,1,0.25,False,True,True,12,,2,False,4.0,-2.70019,-2.70019,0.031100000000000003,,stable_or_known,shares elements or related family context but is not the same chemical system/variant,3.35,440,known_synthesized
adjacent_family,JVASP-140218,Li7Mn2Co3O12,JVASP-97334,NbCuO3,NbCuO3,bulk,dft_3d,Cu-Nb-O,oxide,oxide,ABO3,perovskite_like,perovskite_like_unknown_variant,0.7,False,False,False,Cu;Nb;O,1,0.25,False,True,True,12,,2,False,4.0,-2.04292,-2.04292,0.0166,True,stable_or_known,shares elements or related family context but is not the same chemical system/variant,3.35,441,
adjacent_family,JVASP-140218,Li7Mn2Co3O12,JVASP-150989,V2Cd2O7,V2Cd2O7,bulk,dft_3d,Cd-O-V,oxide,oxide,A2B2O7,pyrochlore_like,pyrochlore_like_unknown_variant,0.72,False,False,False,Cd;O;V,1,0.25,False,True,True,12,,2,False,4.0,-2.08806,-2.08806,0.0,,stable_or_known,shares elements or related family context but is not the same chemical system/variant,3.35,442,known_synthesized
adjacent_family,JVASP-140218,Li7Mn2Co3O12,JVASP-46510,Y2V2O7,Y2V2O7,bulk,dft_3d,O-V-Y,oxide,oxide,A2B2O7,pyrochlore_like,pyrochlore_like_unknown_variant,0.72,False,False,False,O;V;Y,1,0.25,False,True,True,12,,2,False,4.0,-3.15439,-3.15439,0.06420000000000001,,stable_or_known,shares elements or related family context but is not the same chemical system/variant,3.35,443,known_synthesized
adjacent_family,JVASP-140218,Li7Mn2Co3O12,JVASP-152917,Rb2WO4,Rb2WO4,bulk,dft_3d,O-Rb-W,oxide,oxide,AB2O4,spinel_like,spinel_like_unknown_variant,0.7,False,False,False,O;Rb;W,1,0.25,False,True,True,12,,2,False,4.0,-2.29445,-2.29445,0.0,,stable_or_known,shares elements or related family context but is not the same chemical system/variant,3.35,444,known_synthesized
adjacent_family,JVASP-140218,Li7Mn2Co3O12,JVASP-50357,RbNbO3,RbNbO3,bulk,dft_3d,Nb-O-Rb,oxide,oxide,ABO3,perovskite_like,perovskite_like_unknown_variant,0.7,False,False,False,Nb;O;Rb,1,0.25,False,True,True,12,,2,False,4.0,-2.59965,-2.59965,0.006,,stable_or_known,shares elements or related family context but is not the same chemical system/variant,3.35,445,known_synthesized
adjacent_family,JVASP-140218,Li7Mn2Co3O12,JVASP-58387,Cu2P2O7,Cu2P2O7,bulk,dft_3d,Cu-O-P,oxide,oxide,A2B2O7,pyrochlore_like,pyrochlore_like_unknown_variant,0.72,False,False,False,Cu;O;P,1,0.25,False,True,True,12,,2,False,4.0,-1.67276,-1.67276,0.0061,True,stable_or_known,shares elements or related family context but is not the same chemical system/variant,3.35,446,
adjacent_family,JVASP-140218,Li7Mn2Co3O12,JVASP-10864,Nd2HgO4,Nd2HgO4,bulk,dft_3d,Hg-Nd-O,oxide,oxide,AB2O4,spinel_like,spinel_like_unknown_variant,0.7,False,False,False,Hg;Nd;O,1,0.25,False,True,True,12,,2,False,4.0,-2.68776,-2.68776,0.0,True,stable_or_known,shares elements or related family context but is not the same chemical system/variant,3.35,447,
adjacent_family,JVASP-140218,Li7Mn2Co3O12,JVASP-152817,K2MoO4,K2MoO4,bulk,dft_3d,K-Mo-O,oxide,oxide,AB2O4,spinel_like,spinel_like_unknown_variant,0.7,False,False,False,K;Mo;O,1,0.25,False,True,True,12,,2,False,4.0,-2.32883,-2.32883,0.0,,stable_or_known,shares elements or related family context but is not the same chemical system/variant,3.35,448,known_synthesized
adjacent_family,JVASP-140218,Li7Mn2Co3O12,JVASP-98724,SrAl2O4,SrAl2O4,bulk,dft_3d,Al-O-Sr,oxide,oxide,AB2O4,spinel_like,spinel_like_unknown_variant,0.7,False,False,False,Al;O;Sr,1,0.25,False,True,True,4,,2,False,4.0,-3.33711,-3.33711,0.0,True,stable_or_known,shares elements or related family context but is not the same chemical system/variant,3.35,449,
adjacent_family,JVASP-140218,Li7Mn2Co3O12,JVASP-10079,Er2Si2O7,Er2Si2O7,bulk,dft_3d,Er-O-Si,oxide,oxide,A2B2O7,pyrochlore_like,pyrochlore_like_unknown_variant,0.72,False,False,False,Er;O;Si,1,0.25,False,True,True,12,,2,False,4.0,-3.44417,-3.44417,0.0,True,stable_or_known,shares elements or related family context but is not the same chemical system/variant,3.35,450,
adjacent_family,JVASP-140218,Li7Mn2Co3O12,JVASP-50371,Y2HgO4,Y2HgO4,bulk,dft_3d,Hg-O-Y,oxide,oxide,AB2O4,spinel_like,spinel_like_unknown_variant,0.7,False,False,False,Hg;O;Y,1,0.25,False,True,True,12,,2,False,4.0,-2.83236,-2.83236,0.0,,stable_or_known,shares elements or related family context but is not the same chemical system/variant,3.35,451,known_synthesized
adjacent_family,JVASP-140218,Li7Mn2Co3O12,JVASP-31193,MgI2O6,Mg(IO3)2,bulk,dft_3d,I-Mg-O,oxide,oxide,ABO3,perovskite_like,perovskite_like_unknown_variant,0.7,False,False,False,I;Mg;O,1,0.25,False,True,True,4,,2,False,4.0,-1.04699,-1.04699,0.0,,stable_or_known,shares elements or related family context but is not the same chemical system/variant,3.35,452,known_synthesized
adjacent_family,JVASP-140218,Li7Mn2Co3O12,JVASP-11677,Ni2P2O7,Ni2P2O7,bulk,dft_3d,Ni-O-P,oxide,oxide,A2B2O7,pyrochlore_like,pyrochlore_like_unknown_variant,0.72,False,False,False,Ni;O;P,1,0.25,False,True,True,12,,2,False,4.0,-1.7081600000000001,-1.7081600000000001,0.0188,True,stable_or_known,shares elements or related family context but is not the same chemical system/variant,3.35,453,
adjacent_family,JVASP-140218,Li7Mn2Co3O12,JVASP-12519,ZnI2O6,Zn(IO3)2,bulk,dft_3d,I-O-Zn,oxide,oxide,ABO3,perovskite_like,perovskite_like_unknown_variant,0.7,False,False,False,I;O;Zn,1,0.25,False,True,True,4,,2,False,4.0,-0.6734,-0.6734,0.0,True,stable_or_known,shares elements or related family context but is not the same chemical system/variant,3.35,454,
adjacent_family,JVASP-140218,Li7Mn2Co3O12,JVASP-144679,Cu2P2O7,Cu2P2O7,bulk,dft_3d,Cu-O-P,oxide,oxide,A2B2O7,pyrochlore_like,pyrochlore_like_unknown_variant,0.72,False,False,False,Cu;O;P,1,0.25,False,True,True,12,,2,False,4.0,-1.6789,-1.6789,0.0,,stable_or_known,shares elements or related family context but is not the same chemical system/variant,3.35,455,known_synthesized
adjacent_family,JVASP-140218,Li7Mn2Co3O12,JVASP-50786,Ho2Ge2O7,Ho2Ge2O7,bulk,dft_3d,Ge-Ho-O,oxide,oxide,A2B2O7,pyrochlore_like,pyrochlore_like_unknown_variant,0.72,False,False,False,Ge;Ho;O,1,0.25,False,True,True,12,,2,False,4.0,-2.77061,-2.77061,0.056900000000000006,,stable_or_known,shares elements or related family context but is not the same chemical system/variant,3.35,456,known_synthesized
adjacent_family,JVASP-140218,Li7Mn2Co3O12,JVASP-21054,Mg2P2O7,Mg2P2O7,bulk,dft_3d,Mg-O-P,oxide,oxide,A2B2O7,pyrochlore_like,pyrochlore_like_unknown_variant,0.72,False,False,False,Mg;O;P,1,0.25,False,True,True,12,,2,False,4.0,-2.7015700000000002,-2.7015700000000002,0.0,True,stable_or_known,shares elements or related family context but is not the same chemical system/variant,3.35,457,
adjacent_family,JVASP-140218,Li7Mn2Co3O12,JVASP-90017,CoCl2O6,Co(ClO3)2,bulk,dft_3d,Cl-Co-O,oxide,oxide,ABO3,perovskite_like,perovskite_like_unknown_variant,0.7,False,False,False,Cl;Co;O,2,0.5,False,True,True,12,,2,False,4.0,0.10039000000000001,0.10039000000000001,0.46130000000000004,,unknown_or_less_stable,shares elements or related family context but is not the same chemical system/variant,3.35,458,known_synthesized
adjacent_family,JVASP-140218,Li7Mn2Co3O12,JVASP-11028,CaMn2O4,CaMn2O4,bulk,dft_3d,Ca-Mn-O,oxide,oxide,AB2O4,spinel_like,spinel_like_unknown_variant,0.7,False,False,False,Ca;Mn;O,2,0.5,False,True,True,12,,2,False,4.0,-2.13022,-2.13022,0.12430000000000001,,unknown_or_less_stable,shares elements or related family context but is not the same chemical system/variant,3.35,459,known_synthesized
adjacent_family,JVASP-140218,Li7Mn2Co3O12,JVASP-142053,MnI2O6,Mn(IO3)2,bulk,dft_3d,I-Mn-O,oxide,oxide,ABO3,perovskite_like,perovskite_like_unknown_variant,0.7,False,False,False,I;Mn;O,2,0.5,False,True,True,4,,2,False,4.0,-0.6809700000000001,-0.6809700000000001,0.1263,,unknown_or_less_stable,shares elements or related family context but is not the same chemical system/variant,3.35,460,known_synthesized
adjacent_family,JVASP-140218,Li7Mn2Co3O12,JVASP-11010,CaMn2O4,CaMn2O4,bulk,dft_3d,Ca-Mn-O,oxide,oxide,AB2O4,spinel_like,spinel_like_unknown_variant,0.7,False,False,False,Ca;Mn;O,2,0.5,False,True,True,12,,2,False,4.0,-2.15164,-2.15164,0.1029,,unknown_or_less_stable,shares elements or related family context but is not the same chemical system/variant,3.35,461,known_synthesized
adjacent_family,JVASP-140218,Li7Mn2Co3O12,JVASP-90001,CoCl2O6,Co(ClO3)2,bulk,dft_3d,Cl-Co-O,oxide,oxide,ABO3,perovskite_like,perovskite_like_unknown_variant,0.7,False,False,False,Cl;Co;O,2,0.5,False,True,True,12,,2,False,4.0,-0.00826,-0.00826,0.3526,,unknown_or_less_stable,shares elements or related family context but is not the same chemical system/variant,3.35,462,known_synthesized
adjacent_family,JVASP-140218,Li7Mn2Co3O12,JVASP-141209,HoMn2O4,HoMn2O4,bulk,dft_3d,Ho-Mn-O,oxide,oxide,AB2O4,spinel_like,spinel_like_unknown_variant,0.7,False,False,False,Ho;Mn;O,2,0.5,False,True,True,12,,2,False,4.0,-2.30156,-2.30156,0.1835,,unknown_or_less_stable,shares elements or related family context but is not the same chemical system/variant,3.35,463,known_synthesized
adjacent_family,JVASP-140218,Li7Mn2Co3O12,JVASP-100417,CoRh2O6,Co(RhO3)2,bulk,dft_3d,Co-O-Rh,oxide,oxide,ABO3,perovskite_like,perovskite_like_unknown_variant,0.7,False,False,False,Co;O;Rh,2,0.5,False,True,True,12,,2,False,4.0,-0.8425100000000001,-0.8425100000000001,0.1709,,unknown_or_less_stable,shares elements or related family context but is not the same chemical system/variant,3.35,464,known_synthesized
adjacent_family,JVASP-140218,Li7Mn2Co3O12,JVASP-145455,ErMn2O4,ErMn2O4,bulk,dft_3d,Er-Mn-O,oxide,oxide,AB2O4,spinel_like,spinel_like_unknown_variant,0.7,False,False,False,Er;Mn;O,2,0.5,False,True,True,12,,2,False,4.0,-2.32388,-2.32388,0.1592,,unknown_or_less_stable,shares elements or related family context but is not the same chemical system/variant,3.35,465,known_synthesized
adjacent_family,JVASP-140218,Li7Mn2Co3O12,JVASP-30286,TiCo2O6,Ti(CoO3)2,bulk,dft_3d,Co-O-Ti,oxide,oxide,ABO3,perovskite_like,perovskite_like_unknown_variant,0.7,False,False,False,Co;O;Ti,2,0.5,False,True,True,12,,2,False,4.0,-1.6285800000000001,-1.6285800000000001,0.1704,,unknown_or_less_stable,shares elements or related family context but is not the same chemical system/variant,3.35,466,known_synthesized
adjacent_family,JVASP-140218,Li7Mn2Co3O12,JVASP-151140,Mn2As2O7,Mn2As2O7,bulk,dft_3d,As-Mn-O,oxide,oxide,A2B2O7,pyrochlore_like,pyrochlore_like_unknown_variant,0.72,False,False,False,As;Mn;O,2,0.5,False,True,True,12,,2,False,4.0,-1.372,-1.372,0.1895,,unknown_or_less_stable,shares elements or related family context but is not the same chemical system/variant,3.35,467,known_synthesized
adjacent_family,JVASP-140218,Li7Mn2Co3O12,JVASP-11654,LiCr2O4,LiCr2O4,bulk,dft_3d,Cr-Li-O,oxide,oxide,AB2O4,spinel_like,spinel_like_unknown_variant,0.7,False,False,False,Cr;Li;O,2,0.5,False,True,True,12,,2,False,4.0,-2.07692,-2.07692,0.11370000000000001,,unknown_or_less_stable,shares elements or related family context but is not the same chemical system/variant,3.35,468,known_synthesized
adjacent_family,JVASP-140218,Li7Mn2Co3O12,JVASP-11033,MgMn2O4,MgMn2O4,bulk,dft_3d,Mg-Mn-O,oxide,oxide,AB2O4,spinel_like,spinel_like_unknown_variant,0.7,False,False,False,Mg;Mn;O,2,0.5,False,True,True,12,,2,False,4.0,-1.9962900000000001,-1.9962900000000001,0.1363,,unknown_or_less_stable,shares elements or related family context but is not the same chemical system/variant,3.35,469,known_synthesized
adjacent_family,JVASP-140218,Li7Mn2Co3O12,JVASP-10130,Hg2SO4,Hg2SO4,bulk,dft_3d,Hg-O-S,oxide,oxide,AB2O4,spinel_like,spinel_like_unknown_variant,0.7,False,False,False,Hg;O;S,1,0.25,False,True,True,13,,2,False,5.0,-0.8895000000000001,-0.8895000000000001,0.0,True,stable_or_known,shares elements or related family context but is not the same chemical system/variant,3.3333333333333335,470,
adjacent_family,JVASP-140218,Li7Mn2Co3O12,JVASP-14152,Hg2Mo2O7,Hg2Mo2O7,bulk,dft_3d,Hg-Mo-O,oxide,oxide,A2B2O7,pyrochlore_like,pyrochlore_like_unknown_variant,0.72,False,False,False,Hg;Mo;O,1,0.25,False,True,True,13,,2,False,5.0,-1.59715,-1.59715,0.007200000000000001,True,stable_or_known,shares elements or related family context but is not the same chemical system/variant,3.3333333333333335,471,
adjacent_family,JVASP-140218,Li7Mn2Co3O12,JVASP-43004,Hg2W2O7,Hg2W2O7,bulk,dft_3d,Hg-O-W,oxide,oxide,A2B2O7,pyrochlore_like,pyrochlore_like_unknown_variant,0.72,False,False,False,Hg;O;W,1,0.25,False,True,True,13,,2,False,5.0,-1.7883600000000002,-1.7883600000000002,0.0,,stable_or_known,shares elements or related family context but is not the same chemical system/variant,3.3333333333333335,472,known_synthesized
adjacent_family,JVASP-140218,Li7Mn2Co3O12,JVASP-59215,Hg2Mo2O7,Hg2Mo2O7,bulk,dft_3d,Hg-Mo-O,oxide,oxide,A2B2O7,pyrochlore_like,pyrochlore_like_unknown_variant,0.72,False,False,False,Hg;Mo;O,1,0.25,False,True,True,13,,2,False,5.0,-1.59715,-1.59715,0.007200000000000001,True,stable_or_known,shares elements or related family context but is not the same chemical system/variant,3.3333333333333335,473,
adjacent_family,JVASP-140218,Li7Mn2Co3O12,JVASP-10131,Hg2SeO4,Hg2SeO4,bulk,dft_3d,Hg-O-Se,oxide,oxide,AB2O4,spinel_like,spinel_like_unknown_variant,0.7,False,False,False,Hg;O;Se,1,0.25,False,True,True,13,,2,False,5.0,-0.44346,-0.44346,0.0732,True,stable_or_known,shares elements or related family context but is not the same chemical system/variant,3.3333333333333335,474,
adjacent_family,JVASP-140218,Li7Mn2Co3O12,JVASP-113185,Ni2P2O7,Ni2P2O7,bulk,dft_3d,Ni-O-P,oxide,oxide,A2B2O7,pyrochlore_like,low_symmetry_pyrochlore_related_candidate,0.72,False,False,False,Ni;O;P,1,0.25,False,True,True,14,,2,False,6.0,-1.7269400000000001,-1.7269400000000001,0.0,,stable_or_known,shares elements or related family context but is not the same chemical system/variant,3.3214285714285716,475,known_synthesized
adjacent_family,JVASP-140218,Li7Mn2Co3O12,JVASP-91422,KOs2O6,K(OsO3)2,bulk,dft_3d,K-O-Os,oxide,oxide,ABO3,perovskite_like,perovskite_like_unknown_variant,0.7,False,False,False,K;O;Os,1,0.25,False,True,True,2,,1,False,6.0,-1.36402,-1.36402,0.0,True,stable_or_known,shares elements or related family context but is not the same chemical system/variant,3.3214285714285716,476,
adjacent_family,JVASP-140218,Li7Mn2Co3O12,JVASP-43370,AlBiO3,AlBiO3,bulk,dft_3d,Al-Bi-O,oxide,oxide,ABO3,perovskite_like,perovskite_like_unknown_variant,0.7,False,False,False,Al;Bi;O,1,0.25,False,True,True,14,,2,False,6.0,-2.25723,-2.25723,0.0955,,stable_or_known,shares elements or related family context but is not the same chemical system/variant,3.3214285714285716,477,known_synthesized
adjacent_family,JVASP-140218,Li7Mn2Co3O12,JVASP-34441,CdC2O4,Cd(CO2)2,bulk,dft_3d,C-Cd-O,oxide,oxide,ABC2,max_phase_like,layered_carbide_nitride_candidate,0.58,False,False,False,C;Cd;O,1,0.25,False,True,True,14,,2,False,6.0,-1.2265,-1.2265,0.0762,True,stable_or_known,shares elements or related family context but is not the same chemical system/variant,3.3214285714285716,478,
adjacent_family,JVASP-140218,Li7Mn2Co3O12,JVASP-9707,AgCO2,AgCO2,bulk,dft_3d,Ag-C-O,oxide,oxide,ABC2,max_phase_like,layered_carbide_nitride_candidate,0.58,False,False,False,Ag;C;O,1,0.25,False,True,True,14,,2,False,6.0,-0.8115,-0.8115,0.1769,True,stable_or_known,shares elements or related family context but is not the same chemical system/variant,3.3214285714285716,479,
adjacent_family,JVASP-140218,Li7Mn2Co3O12,JVASP-52385,MoO2,MoO2,bulk,dft_3d,Mo-O,oxide,oxide,AO2,fluorite_related,monoclinic_fluorite_derivative,0.8,False,False,False,Mo;O,1,0.25,False,True,True,14,,2,False,6.0,-2.15613,-2.15613,0.0,True,stable_or_known,shares elements or related family context but is not the same chemical system/variant,3.3214285714285716,480,
adjacent_family,JVASP-140218,Li7Mn2Co3O12,JVASP-57356,Ni2P2O7,Ni2P2O7,bulk,dft_3d,Ni-O-P,oxide,oxide,A2B2O7,pyrochlore_like,low_symmetry_pyrochlore_related_candidate,0.72,False,False,False,Ni;O;P,1,0.25,False,True,True,14,,2,False,6.0,-1.7197500000000001,-1.7197500000000001,0.007200000000000001,True,stable_or_known,shares elements or related family context but is not the same chemical system/variant,3.3214285714285716,481,
adjacent_family,JVASP-140218,Li7Mn2Co3O12,JVASP-45323,CdSO3,CdSO3,bulk,dft_3d,Cd-O-S,oxide,oxide,ABO3,perovskite_like,perovskite_like_unknown_variant,0.7,False,False,False,Cd;O;S,1,0.25,False,True,True,14,,2,False,6.0,-1.29515,-1.29515,0.055400000000000005,True,stable_or_known,shares elements or related family context but is not the same chemical system/variant,3.3214285714285716,482,
adjacent_family,JVASP-140218,Li7Mn2Co3O12,JVASP-33678,MgC2O4,Mg(CO2)2,bulk,dft_3d,C-Mg-O,oxide,oxide,ABC2,max_phase_like,layered_carbide_nitride_candidate,0.58,False,False,False,C;Mg;O,1,0.25,False,True,True,14,,2,False,6.0,-1.7673400000000001,-1.7673400000000001,0.0834,,stable_or_known,shares elements or related family context but is not the same chemical system/variant,3.3214285714285716,483,known_synthesized
adjacent_family,JVASP-140218,Li7Mn2Co3O12,JVASP-26986,Fe2P2O7,Fe2P2O7,bulk,dft_3d,Fe-O-P,oxide,oxide,A2B2O7,pyrochlore_like,low_symmetry_pyrochlore_related_candidate,0.72,False,False,False,Fe;O;P,1,0.25,False,True,True,14,,2,False,6.0,-1.84518,-1.84518,0.019200000000000002,True,stable_or_known,shares elements or related family context but is not the same chemical system/variant,3.3214285714285716,484,
adjacent_family,JVASP-140218,Li7Mn2Co3O12,JVASP-91251,Tm2Si2O7,Tm2Si2O7,bulk,dft_3d,O-Si-Tm,oxide,oxide,A2B2O7,pyrochlore_like,pyrochlore_like_unknown_variant,0.72,False,False,False,O;Si;Tm,1,0.25,False,True,True,2,,1,False,6.0,-3.44231,-3.44231,0.0,True,stable_or_known,shares elements or related family context but is not the same chemical system/variant,3.3214285714285716,485,
adjacent_family,JVASP-140218,Li7Mn2Co3O12,JVASP-98662,YN3O9,Y(NO3)3,bulk,dft_3d,N-O-Y,oxide,oxide,ABO3,perovskite_like,perovskite_like_unknown_variant,0.7,False,False,False,N;O;Y,1,0.25,False,True,True,14,,2,False,6.0,-1.01357,-1.01357,0.0,True,stable_or_known,shares elements or related family context but is not the same chemical system/variant,3.3214285714285716,486,
adjacent_family,JVASP-140218,Li7Mn2Co3O12,JVASP-99055,RbPO3,RbPO3,bulk,dft_3d,O-P-Rb,oxide,oxide,ABO3,perovskite_like,perovskite_like_unknown_variant,0.7,False,False,False,O;P;Rb,1,0.25,False,True,True,14,,2,False,6.0,-2.37281,-2.37281,0.0,True,stable_or_known,shares elements or related family context but is not the same chemical system/variant,3.3214285714285716,487,
adjacent_family,JVASP-140218,Li7Mn2Co3O12,JVASP-145236,Ag2S2O7,Ag2S2O7,bulk,dft_3d,Ag-O-S,oxide,oxide,A2B2O7,pyrochlore_like,pyrochlore_like_unknown_variant,0.72,False,False,False,Ag;O;S,1,0.25,False,True,True,2,,1,False,6.0,-1.01142,-1.01142,0.0,,stable_or_known,shares elements or related family context but is not the same chemical system/variant,3.3214285714285716,488,known_synthesized
adjacent_family,JVASP-140218,Li7Mn2Co3O12,JVASP-97780,CaAl2O4,CaAl2O4,bulk,dft_3d,Al-Ca-O,oxide,oxide,AB2O4,spinel_like,spinel_like_unknown_variant,0.7,False,False,False,Al;Ca;O,1,0.25,False,True,True,14,,2,False,6.0,-3.33446,-3.33446,0.0,True,stable_or_known,shares elements or related family context but is not the same chemical system/variant,3.3214285714285716,489,
adjacent_family,JVASP-140218,Li7Mn2Co3O12,JVASP-97866,CdSO3,CdSO3,bulk,dft_3d,Cd-O-S,oxide,oxide,ABO3,perovskite_like,perovskite_like_unknown_variant,0.7,False,False,False,Cd;O;S,1,0.25,False,True,True,14,,2,False,6.0,-1.29553,-1.29553,0.055,True,stable_or_known,shares elements or related family context but is not the same chemical system/variant,3.3214285714285716,490,
adjacent_family,JVASP-140218,Li7Mn2Co3O12,JVASP-137231,VCrO3,VCrO3,bulk,dft_3d,Cr-O-V,oxide,oxide,ABO3,perovskite_like,perovskite_like_unknown_variant,0.7,False,False,False,Cr;O;V,1,0.25,False,True,True,2,,1,False,6.0,-2.26271,-2.26271,0.0339,,stable_or_known,shares elements or related family context but is not the same chemical system/variant,3.3214285714285716,491,known_synthesized
adjacent_family,JVASP-140218,Li7Mn2Co3O12,JVASP-24263,CdSeO3,CdSeO3,bulk,dft_3d,Cd-O-Se,oxide,oxide,ABO3,perovskite_like,perovskite_like_unknown_variant,0.7,False,False,False,Cd;O;Se,1,0.25,False,True,True,14,,2,False,6.0,-1.05403,-1.05403,0.0309,True,stable_or_known,shares elements or related family context but is not the same chemical system/variant,3.3214285714285716,492,
adjacent_family,JVASP-140218,Li7Mn2Co3O12,JVASP-50826,BSbO3,BSbO3,bulk,dft_3d,B-O-Sb,oxide,oxide,ABO3,perovskite_like,perovskite_like_unknown_variant,0.7,False,False,False,B;O;Sb,1,0.25,False,True,True,2,,1,False,6.0,-1.9648,-1.9648,0.0273,,stable_or_known,shares elements or related family context but is not the same chemical system/variant,3.3214285714285716,493,known_synthesized
adjacent_family,JVASP-140218,Li7Mn2Co3O12,JVASP-152189,TcO2,TcO2,bulk,dft_3d,O-Tc,oxide,oxide,AO2,fluorite_related,monoclinic_fluorite_derivative,0.8,False,False,False,O;Tc,1,0.25,False,True,True,14,,2,False,6.0,-1.69499,-1.69499,0.0,,stable_or_known,shares elements or related family context but is not the same chemical system/variant,3.3214285714285716,494,known_synthesized
adjacent_family,JVASP-140218,Li7Mn2Co3O12,JVASP-86524,ScRe2O6,Sc(ReO3)2,bulk,dft_3d,O-Re-Sc,oxide,oxide,ABO3,perovskite_like,perovskite_like_unknown_variant,0.7,False,False,False,O;Re;Sc,1,0.25,False,True,True,14,,2,False,6.0,-2.26086,-2.26086,0.0,True,stable_or_known,shares elements or related family context but is not the same chemical system/variant,3.3214285714285716,495,
adjacent_family,JVASP-140218,Li7Mn2Co3O12,JVASP-43075,TiAlO3,TiAlO3,bulk,dft_3d,Al-O-Ti,oxide,oxide,ABO3,perovskite_like,perovskite_like_unknown_variant,0.7,False,False,False,Al;O;Ti,1,0.25,False,True,True,2,,1,False,6.0,-3.15462,-3.15462,0.0683,,stable_or_known,shares elements or related family context but is not the same chemical system/variant,3.3214285714285716,496,known_synthesized
adjacent_family,JVASP-140218,Li7Mn2Co3O12,JVASP-24935,CaSeO3,CaSeO3,bulk,dft_3d,Ca-O-Se,oxide,oxide,ABO3,perovskite_like,perovskite_like_unknown_variant,0.7,False,False,False,Ca;O;Se,1,0.25,False,True,True,14,,2,False,6.0,-2.04108,-2.04108,0.0,True,stable_or_known,shares elements or related family context but is not the same chemical system/variant,3.3214285714285716,497,
adjacent_family,JVASP-140218,Li7Mn2Co3O12,JVASP-152217,TcO2,TcO2,bulk,dft_3d,O-Tc,oxide,oxide,AO2,fluorite_related,monoclinic_fluorite_derivative,0.8,False,False,False,O;Tc,1,0.25,False,True,True,14,,2,False,6.0,-1.69456,-1.69456,0.0004,,stable_or_known,shares elements or related family context but is not the same chemical system/variant,3.3214285714285716,498,known_synthesized
adjacent_family,JVASP-140218,Li7Mn2Co3O12,JVASP-57502,ZnC2O4,Zn(CO2)2,bulk,dft_3d,C-O-Zn,oxide,oxide,ABC2,max_phase_like,layered_carbide_nitride_candidate,0.58,False,False,False,C;O;Zn,1,0.25,False,True,True,14,,2,False,6.0,-1.29725,-1.29725,0.0697,True,stable_or_known,shares elements or related family context but is not the same chemical system/variant,3.3214285714285716,499,
adjacent_family,JVASP-140218,Li7Mn2Co3O12,JVASP-42209,RbTaO3,RbTaO3,bulk,dft_3d,O-Rb-Ta,oxide,oxide,ABO3,perovskite_like,perovskite_like_unknown_variant,0.7,False,False,False,O;Rb;Ta,1,0.25,False,True,True,2,,1,False,6.0,-2.81418,-2.81418,0.0221,,stable_or_known,shares elements or related family context but is not the same chemical system/variant,3.3214285714285716,500,known_synthesized
