pool_name,query_jid,query_formula,candidate_jid,formula,reduced_formula,material_type,dataset_kind,chemical_system,composition_family,material_family,formula_family,prototype_family,structure_variant,family_confidence,same_formula_family,same_prototype_family,same_structure_variant,elements,element_overlap_count,element_overlap_fraction_query,same_chemical_system,same_composition_family,same_material_family,spacegroup_number,spacegroup_symbol,crystal_system_code,symmetry_match,symmetry_distance,formation_energy,formation_energy_peratom,energy_above_hull,known_synthesized,stability_label,selection_reason,selection_score,rank_in_pool,missing_fields
same_family,JVASP-145157,Li7Mn2Co3O12,JVASP-144805,Li4MnCo2O7,Li4MnCo2O7,bulk,dft_3d,Co-Li-Mn-O,oxide,oxide,AB2C4D7,unknown,unknown,0.35,True,True,True,Co;Li;Mn;O,4,1.0,True,True,True,8,,2,True,0.0,-1.8707500000000001,-1.8707500000000001,0.0369,,stable_or_known,same rich family/formula/prototype/composition/chemical context,17.5,1,known_synthesized
same_family,JVASP-145157,Li7Mn2Co3O12,JVASP-112916,Li4MnCo2O7,Li4MnCo2O7,bulk,dft_3d,Co-Li-Mn-O,oxide,oxide,AB2C4D7,unknown,unknown,0.35,True,True,True,Co;Li;Mn;O,4,1.0,True,True,True,8,,2,True,0.0,-1.87252,-1.87252,0.0351,,stable_or_known,same rich family/formula/prototype/composition/chemical context,17.5,2,known_synthesized
same_family,JVASP-145157,Li7Mn2Co3O12,JVASP-119588,Li4MnCo2O7,Li4MnCo2O7,bulk,dft_3d,Co-Li-Mn-O,oxide,oxide,AB2C4D7,unknown,unknown,0.35,True,True,True,Co;Li;Mn;O,4,1.0,True,True,True,8,,2,True,0.0,-1.82792,-1.82792,0.07970000000000001,,stable_or_known,same rich family/formula/prototype/composition/chemical context,17.5,3,known_synthesized
same_family,JVASP-145157,Li7Mn2Co3O12,JVASP-141227,Li4MnCo2O7,Li4MnCo2O7,bulk,dft_3d,Co-Li-Mn-O,oxide,oxide,AB2C4D7,unknown,unknown,0.35,True,True,True,Co;Li;Mn;O,4,1.0,True,True,True,8,,2,True,0.0,-1.83544,-1.83544,0.0722,,stable_or_known,same rich family/formula/prototype/composition/chemical context,17.5,4,known_synthesized
same_family,JVASP-145157,Li7Mn2Co3O12,JVASP-146773,Li4MnCo2O7,Li4MnCo2O7,bulk,dft_3d,Co-Li-Mn-O,oxide,oxide,AB2C4D7,unknown,unknown,0.35,True,True,True,Co;Li;Mn;O,4,1.0,True,True,True,8,,2,True,0.0,-1.8606200000000002,-1.8606200000000002,0.047,,stable_or_known,same rich family/formula/prototype/composition/chemical context,17.5,5,known_synthesized
same_family,JVASP-145157,Li7Mn2Co3O12,JVASP-116508,Li4MnCo2O7,Li4MnCo2O7,bulk,dft_3d,Co-Li-Mn-O,oxide,oxide,AB2C4D7,unknown,unknown,0.35,True,True,True,Co;Li;Mn;O,4,1.0,True,True,True,8,,2,True,0.0,-1.86915,-1.86915,0.0385,,stable_or_known,same rich family/formula/prototype/composition/chemical context,17.5,6,known_synthesized
same_family,JVASP-145157,Li7Mn2Co3O12,JVASP-146145,Li4MnCo2O7,Li4MnCo2O7,bulk,dft_3d,Co-Li-Mn-O,oxide,oxide,AB2C4D7,unknown,unknown,0.35,True,True,True,Co;Li;Mn;O,4,1.0,True,True,True,8,,2,True,0.0,-1.8710200000000001,-1.8710200000000001,0.0366,,stable_or_known,same rich family/formula/prototype/composition/chemical context,17.5,7,known_synthesized
same_family,JVASP-145157,Li7Mn2Co3O12,JVASP-120422,Li4MnCo2O7,Li4MnCo2O7,bulk,dft_3d,Co-Li-Mn-O,oxide,oxide,AB2C4D7,unknown,unknown,0.35,True,True,True,Co;Li;Mn;O,4,1.0,True,True,True,8,,2,True,0.0,-1.81207,-1.81207,0.0956,,stable_or_known,same rich family/formula/prototype/composition/chemical context,17.5,8,known_synthesized
same_family,JVASP-145157,Li7Mn2Co3O12,JVASP-118987,Li4MnCo2O7,Li4MnCo2O7,bulk,dft_3d,Co-Li-Mn-O,oxide,oxide,AB2C4D7,unknown,unknown,0.35,True,True,True,Co;Li;Mn;O,4,1.0,True,True,True,8,,2,True,0.0,-1.82948,-1.82948,0.0782,,stable_or_known,same rich family/formula/prototype/composition/chemical context,17.5,9,known_synthesized
same_family,JVASP-145157,Li7Mn2Co3O12,JVASP-144451,Li4MnCo2O7,Li4MnCo2O7,bulk,dft_3d,Co-Li-Mn-O,oxide,oxide,AB2C4D7,unknown,unknown,0.35,True,True,True,Co;Li;Mn;O,4,1.0,True,True,True,8,,2,True,0.0,-1.86901,-1.86901,0.0386,,stable_or_known,same rich family/formula/prototype/composition/chemical context,17.5,10,known_synthesized
same_family,JVASP-145157,Li7Mn2Co3O12,JVASP-141226,Li4MnCo2O7,Li4MnCo2O7,bulk,dft_3d,Co-Li-Mn-O,oxide,oxide,AB2C4D7,unknown,unknown,0.35,True,True,True,Co;Li;Mn;O,4,1.0,True,True,True,8,,2,True,0.0,-1.8577000000000001,-1.8577000000000001,0.05,,stable_or_known,same rich family/formula/prototype/composition/chemical context,17.5,11,known_synthesized
same_family,JVASP-145157,Li7Mn2Co3O12,JVASP-116506,Li4MnCo2O7,Li4MnCo2O7,bulk,dft_3d,Co-Li-Mn-O,oxide,oxide,AB2C4D7,unknown,unknown,0.35,True,True,True,Co;Li;Mn;O,4,1.0,True,True,True,8,,2,True,0.0,-1.87195,-1.87195,0.0357,,stable_or_known,same rich family/formula/prototype/composition/chemical context,17.5,12,known_synthesized
same_family,JVASP-145157,Li7Mn2Co3O12,JVASP-141079,Li4MnCo2O7,Li4MnCo2O7,bulk,dft_3d,Co-Li-Mn-O,oxide,oxide,AB2C4D7,unknown,unknown,0.35,True,True,True,Co;Li;Mn;O,4,1.0,True,True,True,8,,2,True,0.0,-1.85877,-1.85877,0.0489,,stable_or_known,same rich family/formula/prototype/composition/chemical context,17.5,13,known_synthesized
same_family,JVASP-145157,Li7Mn2Co3O12,JVASP-141686,Li4MnCo2O7,Li4MnCo2O7,bulk,dft_3d,Co-Li-Mn-O,oxide,oxide,AB2C4D7,unknown,unknown,0.35,True,True,True,Co;Li;Mn;O,4,1.0,True,True,True,8,,2,True,0.0,-1.84087,-1.84087,0.0668,,stable_or_known,same rich family/formula/prototype/composition/chemical context,17.5,14,known_synthesized
same_family,JVASP-145157,Li7Mn2Co3O12,JVASP-122014,Li4MnCo2O7,Li4MnCo2O7,bulk,dft_3d,Co-Li-Mn-O,oxide,oxide,AB2C4D7,unknown,unknown,0.35,True,True,True,Co;Li;Mn;O,4,1.0,True,True,True,8,,2,True,0.0,-1.86009,-1.86009,0.0476,,stable_or_known,same rich family/formula/prototype/composition/chemical context,17.5,15,known_synthesized
same_family,JVASP-145157,Li7Mn2Co3O12,JVASP-140211,Li4MnCo2O7,Li4MnCo2O7,bulk,dft_3d,Co-Li-Mn-O,oxide,oxide,AB2C4D7,unknown,unknown,0.35,True,True,True,Co;Li;Mn;O,4,1.0,True,True,True,8,,2,True,0.0,-1.86066,-1.86066,0.047,,stable_or_known,same rich family/formula/prototype/composition/chemical context,17.5,16,known_synthesized
same_family,JVASP-145157,Li7Mn2Co3O12,JVASP-140704,Li4MnCo2O7,Li4MnCo2O7,bulk,dft_3d,Co-Li-Mn-O,oxide,oxide,AB2C4D7,unknown,unknown,0.35,True,True,True,Co;Li;Mn;O,4,1.0,True,True,True,8,,2,True,0.0,-1.8667,-1.8667,0.041,,stable_or_known,same rich family/formula/prototype/composition/chemical context,17.5,17,known_synthesized
same_family,JVASP-145157,Li7Mn2Co3O12,JVASP-144534,Li4MnCo2O7,Li4MnCo2O7,bulk,dft_3d,Co-Li-Mn-O,oxide,oxide,AB2C4D7,unknown,unknown,0.35,True,True,True,Co;Li;Mn;O,4,1.0,True,True,True,8,,2,True,0.0,-1.82026,-1.82026,0.0874,,stable_or_known,same rich family/formula/prototype/composition/chemical context,17.5,18,known_synthesized
same_family,JVASP-145157,Li7Mn2Co3O12,JVASP-147483,Li4MnCo2O7,Li4MnCo2O7,bulk,dft_3d,Co-Li-Mn-O,oxide,oxide,AB2C4D7,unknown,unknown,0.35,True,True,True,Co;Li;Mn;O,4,1.0,True,True,True,8,,2,True,0.0,-1.86223,-1.86223,0.0454,,stable_or_known,same rich family/formula/prototype/composition/chemical context,17.5,19,known_synthesized
same_family,JVASP-145157,Li7Mn2Co3O12,JVASP-144542,Li4MnCo2O7,Li4MnCo2O7,bulk,dft_3d,Co-Li-Mn-O,oxide,oxide,AB2C4D7,unknown,unknown,0.35,True,True,True,Co;Li;Mn;O,4,1.0,True,True,True,8,,2,True,0.0,-1.8388,-1.8388,0.0689,,stable_or_known,same rich family/formula/prototype/composition/chemical context,17.5,20,known_synthesized
same_family,JVASP-145157,Li7Mn2Co3O12,JVASP-147250,Li4MnCo2O7,Li4MnCo2O7,bulk,dft_3d,Co-Li-Mn-O,oxide,oxide,AB2C4D7,unknown,unknown,0.35,True,True,True,Co;Li;Mn;O,4,1.0,True,True,True,8,,2,True,0.0,-1.8419800000000002,-1.8419800000000002,0.06570000000000001,,stable_or_known,same rich family/formula/prototype/composition/chemical context,17.5,21,known_synthesized
same_family,JVASP-145157,Li7Mn2Co3O12,JVASP-133200,Li4MnCo2O7,Li4MnCo2O7,bulk,dft_3d,Co-Li-Mn-O,oxide,oxide,AB2C4D7,unknown,unknown,0.35,True,True,True,Co;Li;Mn;O,4,1.0,True,True,True,8,,2,True,0.0,-1.81302,-1.81302,0.0946,,stable_or_known,same rich family/formula/prototype/composition/chemical context,17.5,22,known_synthesized
same_family,JVASP-145157,Li7Mn2Co3O12,JVASP-118991,Li4MnCo2O7,Li4MnCo2O7,bulk,dft_3d,Co-Li-Mn-O,oxide,oxide,AB2C4D7,unknown,unknown,0.35,True,True,True,Co;Li;Mn;O,4,1.0,True,True,True,8,,2,True,0.0,-1.82356,-1.82356,0.08410000000000001,,stable_or_known,same rich family/formula/prototype/composition/chemical context,17.5,23,known_synthesized
same_family,JVASP-145157,Li7Mn2Co3O12,JVASP-146146,Li4MnCo2O7,Li4MnCo2O7,bulk,dft_3d,Co-Li-Mn-O,oxide,oxide,AB2C4D7,unknown,unknown,0.35,True,True,True,Co;Li;Mn;O,4,1.0,True,True,True,8,,2,True,0.0,-1.83295,-1.83295,0.0747,,stable_or_known,same rich family/formula/prototype/composition/chemical context,17.5,24,known_synthesized
same_family,JVASP-145157,Li7Mn2Co3O12,JVASP-111648,Li4MnCo2O7,Li4MnCo2O7,bulk,dft_3d,Co-Li-Mn-O,oxide,oxide,AB2C4D7,unknown,unknown,0.35,True,True,True,Co;Li;Mn;O,4,1.0,True,True,True,8,,2,True,0.0,-1.83995,-1.83995,0.06770000000000001,,stable_or_known,same rich family/formula/prototype/composition/chemical context,17.5,25,known_synthesized
same_family,JVASP-145157,Li7Mn2Co3O12,JVASP-140705,Li4MnCo2O7,Li4MnCo2O7,bulk,dft_3d,Co-Li-Mn-O,oxide,oxide,AB2C4D7,unknown,unknown,0.35,True,True,True,Co;Li;Mn;O,4,1.0,True,True,True,8,,2,True,0.0,-1.86694,-1.86694,0.0407,,stable_or_known,same rich family/formula/prototype/composition/chemical context,17.5,26,known_synthesized
same_family,JVASP-145157,Li7Mn2Co3O12,JVASP-119422,Li4MnCo2O7,Li4MnCo2O7,bulk,dft_3d,Co-Li-Mn-O,oxide,oxide,AB2C4D7,unknown,unknown,0.35,True,True,True,Co;Li;Mn;O,4,1.0,True,True,True,8,,2,True,0.0,-1.8671600000000002,-1.8671600000000002,0.0405,,stable_or_known,same rich family/formula/prototype/composition/chemical context,17.5,27,known_synthesized
same_family,JVASP-145157,Li7Mn2Co3O12,JVASP-122012,Li4MnCo2O7,Li4MnCo2O7,bulk,dft_3d,Co-Li-Mn-O,oxide,oxide,AB2C4D7,unknown,unknown,0.35,True,True,True,Co;Li;Mn;O,4,1.0,True,True,True,8,,2,True,0.0,-1.86921,-1.86921,0.038400000000000004,,stable_or_known,same rich family/formula/prototype/composition/chemical context,17.5,28,known_synthesized
same_family,JVASP-145157,Li7Mn2Co3O12,JVASP-141688,Li4MnCo2O7,Li4MnCo2O7,bulk,dft_3d,Co-Li-Mn-O,oxide,oxide,AB2C4D7,unknown,unknown,0.35,True,True,True,Co;Li;Mn;O,4,1.0,True,True,True,8,,2,True,0.0,-1.83992,-1.83992,0.06770000000000001,,stable_or_known,same rich family/formula/prototype/composition/chemical context,17.5,29,known_synthesized
same_family,JVASP-145157,Li7Mn2Co3O12,JVASP-144541,Li4MnCo2O7,Li4MnCo2O7,bulk,dft_3d,Co-Li-Mn-O,oxide,oxide,AB2C4D7,unknown,unknown,0.35,True,True,True,Co;Li;Mn;O,4,1.0,True,True,True,8,,2,True,0.0,-1.86179,-1.86179,0.0459,,stable_or_known,same rich family/formula/prototype/composition/chemical context,17.5,30,known_synthesized
same_family,JVASP-145157,Li7Mn2Co3O12,JVASP-141225,Li4MnCo2O7,Li4MnCo2O7,bulk,dft_3d,Co-Li-Mn-O,oxide,oxide,AB2C4D7,unknown,unknown,0.35,True,True,True,Co;Li;Mn;O,4,1.0,True,True,True,8,,2,True,0.0,-1.8666500000000001,-1.8666500000000001,0.041,,stable_or_known,same rich family/formula/prototype/composition/chemical context,17.5,31,known_synthesized
same_family,JVASP-145157,Li7Mn2Co3O12,JVASP-116507,Li4MnCo2O7,Li4MnCo2O7,bulk,dft_3d,Co-Li-Mn-O,oxide,oxide,AB2C4D7,unknown,unknown,0.35,True,True,True,Co;Li;Mn;O,4,1.0,True,True,True,8,,2,True,0.0,-1.87054,-1.87054,0.0371,,stable_or_known,same rich family/formula/prototype/composition/chemical context,17.5,32,known_synthesized
same_family,JVASP-145157,Li7Mn2Co3O12,JVASP-121807,Li4MnCo2O7,Li4MnCo2O7,bulk,dft_3d,Co-Li-Mn-O,oxide,oxide,AB2C4D7,unknown,unknown,0.35,True,True,True,Co;Li;Mn;O,4,1.0,True,True,True,8,,2,True,0.0,-1.8675700000000002,-1.8675700000000002,0.040100000000000004,,stable_or_known,same rich family/formula/prototype/composition/chemical context,17.5,33,known_synthesized
same_family,JVASP-145157,Li7Mn2Co3O12,JVASP-146326,Li4MnCo2O7,Li4MnCo2O7,bulk,dft_3d,Co-Li-Mn-O,oxide,oxide,AB2C4D7,unknown,unknown,0.35,True,True,True,Co;Li;Mn;O,4,1.0,True,True,True,8,,2,True,0.0,-1.80946,-1.80946,0.09820000000000001,,stable_or_known,same rich family/formula/prototype/composition/chemical context,17.5,34,known_synthesized
same_family,JVASP-145157,Li7Mn2Co3O12,JVASP-139991,Li4MnCo2O7,Li4MnCo2O7,bulk,dft_3d,Co-Li-Mn-O,oxide,oxide,AB2C4D7,unknown,unknown,0.35,True,True,True,Co;Li;Mn;O,4,1.0,True,True,True,8,,2,True,0.0,-1.8009300000000001,-1.8009300000000001,0.1067,,unknown_or_less_stable,same rich family/formula/prototype/composition/chemical context,17.0,35,known_synthesized
same_family,JVASP-145157,Li7Mn2Co3O12,JVASP-140216,Li4MnCo2O7,Li4MnCo2O7,bulk,dft_3d,Co-Li-Mn-O,oxide,oxide,AB2C4D7,unknown,unknown,0.35,True,True,True,Co;Li;Mn;O,4,1.0,True,True,True,5,,2,False,3.0,-1.8908,-1.8908,0.016900000000000002,,stable_or_known,same rich family/formula/prototype/composition/chemical context,16.75,36,known_synthesized
same_family,JVASP-145157,Li7Mn2Co3O12,JVASP-132865,Li4MnCo2O7,Li4MnCo2O7,bulk,dft_3d,Co-Li-Mn-O,oxide,oxide,AB2C4D7,unknown,unknown,0.35,True,True,True,Co;Li;Mn;O,4,1.0,True,True,True,12,,2,False,4.0,-1.8823800000000002,-1.8823800000000002,0.0253,,stable_or_known,same rich family/formula/prototype/composition/chemical context,16.75,37,known_synthesized
same_family,JVASP-145157,Li7Mn2Co3O12,JVASP-120423,Li4MnCo2O7,Li4MnCo2O7,bulk,dft_3d,Co-Li-Mn-O,oxide,oxide,AB2C4D7,unknown,unknown,0.35,True,True,True,Co;Li;Mn;O,4,1.0,True,True,True,1,,1,False,7.0,-1.90432,-1.90432,0.0033,,stable_or_known,same rich family/formula/prototype/composition/chemical context,16.75,38,known_synthesized
same_family,JVASP-145157,Li7Mn2Co3O12,JVASP-145991,Li4MnCo2O7,Li4MnCo2O7,bulk,dft_3d,Co-Li-Mn-O,oxide,oxide,AB2C4D7,unknown,unknown,0.35,True,True,True,Co;Li;Mn;O,4,1.0,True,True,True,1,,1,False,7.0,-1.89367,-1.89367,0.014,,stable_or_known,same rich family/formula/prototype/composition/chemical context,16.75,39,known_synthesized
same_family,JVASP-145157,Li7Mn2Co3O12,JVASP-141922,Li4MnCo2O7,Li4MnCo2O7,bulk,dft_3d,Co-Li-Mn-O,oxide,oxide,AB2C4D7,unknown,unknown,0.35,True,True,True,Co;Li;Mn;O,4,1.0,True,True,True,1,,1,False,7.0,-1.8568900000000002,-1.8568900000000002,0.050800000000000005,,stable_or_known,same rich family/formula/prototype/composition/chemical context,16.75,40,known_synthesized
same_family,JVASP-145157,Li7Mn2Co3O12,JVASP-144536,Li4MnCo2O7,Li4MnCo2O7,bulk,dft_3d,Co-Li-Mn-O,oxide,oxide,AB2C4D7,unknown,unknown,0.35,True,True,True,Co;Li;Mn;O,4,1.0,True,True,True,12,,2,False,4.0,-1.83819,-1.83819,0.0695,,stable_or_known,same rich family/formula/prototype/composition/chemical context,16.75,41,known_synthesized
same_family,JVASP-145157,Li7Mn2Co3O12,JVASP-146771,Li4MnCo2O7,Li4MnCo2O7,bulk,dft_3d,Co-Li-Mn-O,oxide,oxide,AB2C4D7,unknown,unknown,0.35,True,True,True,Co;Li;Mn;O,4,1.0,True,True,True,12,,2,False,4.0,-1.83378,-1.83378,0.07390000000000001,,stable_or_known,same rich family/formula/prototype/composition/chemical context,16.75,42,known_synthesized
same_family,JVASP-145157,Li7Mn2Co3O12,JVASP-145689,Li4MnCo2O7,Li4MnCo2O7,bulk,dft_3d,Co-Li-Mn-O,oxide,oxide,AB2C4D7,unknown,unknown,0.35,True,True,True,Co;Li;Mn;O,4,1.0,True,True,True,1,,1,False,7.0,-1.8923800000000002,-1.8923800000000002,0.015300000000000001,,stable_or_known,same rich family/formula/prototype/composition/chemical context,16.75,43,known_synthesized
same_family,JVASP-145157,Li7Mn2Co3O12,JVASP-141218,Li4MnCo2O7,Li4MnCo2O7,bulk,dft_3d,Co-Li-Mn-O,oxide,oxide,AB2C4D7,unknown,unknown,0.35,True,True,True,Co;Li;Mn;O,4,1.0,True,True,True,2,,1,False,6.0,-1.89497,-1.89497,0.012700000000000001,,stable_or_known,same rich family/formula/prototype/composition/chemical context,16.75,44,known_synthesized
same_family,JVASP-145157,Li7Mn2Co3O12,JVASP-147245,Li4MnCo2O7,Li4MnCo2O7,bulk,dft_3d,Co-Li-Mn-O,oxide,oxide,AB2C4D7,unknown,unknown,0.35,True,True,True,Co;Li;Mn;O,4,1.0,True,True,True,12,,2,False,4.0,-1.8987,-1.8987,0.009000000000000001,,stable_or_known,same rich family/formula/prototype/composition/chemical context,16.75,45,known_synthesized
same_family,JVASP-145157,Li7Mn2Co3O12,JVASP-112914,Li4MnCo2O7,Li4MnCo2O7,bulk,dft_3d,Co-Li-Mn-O,oxide,oxide,AB2C4D7,unknown,unknown,0.35,True,True,True,Co;Li;Mn;O,4,1.0,True,True,True,2,,1,False,6.0,-1.89677,-1.89677,0.0109,,stable_or_known,same rich family/formula/prototype/composition/chemical context,16.75,46,known_synthesized
same_family,JVASP-145157,Li7Mn2Co3O12,JVASP-142148,Li4MnCo2O7,Li4MnCo2O7,bulk,dft_3d,Co-Li-Mn-O,oxide,oxide,AB2C4D7,unknown,unknown,0.35,True,True,True,Co;Li;Mn;O,4,1.0,True,True,True,1,,1,False,7.0,-1.8940000000000001,-1.8940000000000001,0.0137,,stable_or_known,same rich family/formula/prototype/composition/chemical context,16.75,47,known_synthesized
same_family,JVASP-145157,Li7Mn2Co3O12,JVASP-143113,Li4MnCo2O7,Li4MnCo2O7,bulk,dft_3d,Co-Li-Mn-O,oxide,oxide,AB2C4D7,unknown,unknown,0.35,True,True,True,Co;Li;Mn;O,4,1.0,True,True,True,2,,1,False,6.0,-1.86579,-1.86579,0.0419,,stable_or_known,same rich family/formula/prototype/composition/chemical context,16.75,48,known_synthesized
same_family,JVASP-145157,Li7Mn2Co3O12,JVASP-145145,Li4MnCo2O7,Li4MnCo2O7,bulk,dft_3d,Co-Li-Mn-O,oxide,oxide,AB2C4D7,unknown,unknown,0.35,True,True,True,Co;Li;Mn;O,4,1.0,True,True,True,12,,2,False,4.0,-1.8336000000000001,-1.8336000000000001,0.0741,,stable_or_known,same rich family/formula/prototype/composition/chemical context,16.75,49,known_synthesized
same_family,JVASP-145157,Li7Mn2Co3O12,JVASP-141222,Li4MnCo2O7,Li4MnCo2O7,bulk,dft_3d,Co-Li-Mn-O,oxide,oxide,AB2C4D7,unknown,unknown,0.35,True,True,True,Co;Li;Mn;O,4,1.0,True,True,True,1,,1,False,7.0,-1.8947100000000001,-1.8947100000000001,0.013000000000000001,,stable_or_known,same rich family/formula/prototype/composition/chemical context,16.75,50,known_synthesized
same_family,JVASP-145157,Li7Mn2Co3O12,JVASP-119395,Li2Co4O7F,Li2Co4O7F,bulk,dft_3d,Co-F-Li-O,oxide,oxide,AB2C4D7,unknown,unknown,0.35,True,True,True,Co;F;Li;O,3,0.75,False,True,True,8,,2,True,0.0,-1.52421,-1.52421,0.0789,,stable_or_known,same rich family/formula/prototype/composition/chemical context,13.0,51,known_synthesized
same_family,JVASP-145157,Li7Mn2Co3O12,JVASP-142061,Li4Mn2OF7,Li4Mn2OF7,bulk,dft_3d,F-Li-Mn-O,oxide,oxide,AB2C4D7,unknown,unknown,0.35,True,True,True,F;Li;Mn;O,3,0.75,False,True,True,8,,2,True,0.0,-2.71406,-2.71406,0.0,,stable_or_known,same rich family/formula/prototype/composition/chemical context,13.0,52,known_synthesized
same_family,JVASP-145157,Li7Mn2Co3O12,JVASP-141658,Li4Co2OF7,Li4Co2OF7,bulk,dft_3d,Co-F-Li-O,oxide,oxide,AB2C4D7,unknown,unknown,0.35,True,True,True,Co;F;Li;O,3,0.75,False,True,True,8,,2,True,0.0,-2.47695,-2.47695,0.0526,,stable_or_known,same rich family/formula/prototype/composition/chemical context,13.0,53,known_synthesized
same_family,JVASP-145157,Li7Mn2Co3O12,JVASP-42790,Li4Co2OF7,Li4Co2OF7,bulk,dft_3d,Co-F-Li-O,oxide,oxide,AB2C4D7,unknown,unknown,0.35,True,True,True,Co;F;Li;O,3,0.75,False,True,True,8,,2,True,0.0,-2.45212,-2.45212,0.07740000000000001,,stable_or_known,same rich family/formula/prototype/composition/chemical context,13.0,54,known_synthesized
same_family,JVASP-145157,Li7Mn2Co3O12,JVASP-42308,Li2Co4O7F,Li2Co4O7F,bulk,dft_3d,Co-F-Li-O,oxide,oxide,AB2C4D7,unknown,unknown,0.35,True,True,True,Co;F;Li;O,3,0.75,False,True,True,8,,2,True,0.0,-1.50669,-1.50669,0.0965,,stable_or_known,same rich family/formula/prototype/composition/chemical context,13.0,55,known_synthesized
same_family,JVASP-145157,Li7Mn2Co3O12,JVASP-48918,Li4V2OF7,Li4V2OF7,bulk,dft_3d,F-Li-O-V,oxide,oxide,AB2C4D7,unknown,unknown,0.35,True,True,True,F;Li;O;V,2,0.5,False,True,True,8,,2,True,0.0,-2.89757,-2.89757,0.0976,,stable_or_known,same rich family/formula/prototype/composition/chemical context,12.5,56,known_synthesized
same_family,JVASP-145157,Li7Mn2Co3O12,JVASP-47515,Li4MnSi2O7,Li4MnSi2O7,bulk,dft_3d,Li-Mn-O-Si,oxide,oxide,AB2C4D7,unknown,unknown,0.35,True,True,True,Li;Mn;O;Si,3,0.75,False,True,True,5,,2,False,3.0,-2.51788,-2.51788,0.0217,,stable_or_known,same rich family/formula/prototype/composition/chemical context,12.25,57,known_synthesized
same_family,JVASP-145157,Li7Mn2Co3O12,JVASP-145758,Li4Co2OF7,Li4Co2OF7,bulk,dft_3d,Co-F-Li-O,oxide,oxide,AB2C4D7,unknown,unknown,0.35,True,True,True,Co;F;Li;O,3,0.75,False,True,True,1,,1,False,7.0,-2.47639,-2.47639,0.053200000000000004,,stable_or_known,same rich family/formula/prototype/composition/chemical context,12.25,58,known_synthesized
same_family,JVASP-145157,Li7Mn2Co3O12,JVASP-112767,Li7Si2Ni3O12,Li7Si2(NiO4)3,bulk,dft_3d,Li-Ni-O-Si,oxide,oxide,AB2C4D7,unknown,unknown,0.35,True,True,True,Li;Ni;O;Si,2,0.5,False,True,True,12,,2,False,4.0,-2.05043,-2.05043,0.0459,,stable_or_known,same rich family/formula/prototype/composition/chemical context,11.75,59,known_synthesized
same_family,JVASP-145157,Li7Mn2Co3O12,JVASP-47261,Li4Si2NiO7,Li4Si2NiO7,bulk,dft_3d,Li-Ni-O-Si,oxide,oxide,AB2C4D7,unknown,unknown,0.35,True,True,True,Li;Ni;O;Si,2,0.5,False,True,True,1,,1,False,7.0,-2.38053,-2.38053,0.0534,,stable_or_known,same rich family/formula/prototype/composition/chemical context,11.75,60,known_synthesized
same_family,JVASP-145157,Li7Mn2Co3O12,JVASP-47654,Li4FeSi2O7,Li4FeSi2O7,bulk,dft_3d,Fe-Li-O-Si,oxide,oxide,AB2C4D7,unknown,unknown,0.35,True,True,True,Fe;Li;O;Si,2,0.5,False,True,True,9,,2,False,1.0,-2.45295,-2.45295,0.044700000000000004,,stable_or_known,same rich family/formula/prototype/composition/chemical context,11.75,61,known_synthesized
same_family,JVASP-145157,Li7Mn2Co3O12,JVASP-47445,Li7Si2Ni3O12,Li7Si2(NiO4)3,bulk,dft_3d,Li-Ni-O-Si,oxide,oxide,AB2C4D7,unknown,unknown,0.35,True,True,True,Li;Ni;O;Si,2,0.5,False,True,True,12,,2,False,4.0,-2.02709,-2.02709,0.0693,,stable_or_known,same rich family/formula/prototype/composition/chemical context,11.75,62,known_synthesized
same_family,JVASP-145157,Li7Mn2Co3O12,JVASP-47371,Li4FeSi2O7,Li4FeSi2O7,bulk,dft_3d,Fe-Li-O-Si,oxide,oxide,AB2C4D7,unknown,unknown,0.35,True,True,True,Fe;Li;O;Si,2,0.5,False,True,True,5,,2,False,3.0,-2.4467,-2.4467,0.051000000000000004,,stable_or_known,same rich family/formula/prototype/composition/chemical context,11.75,63,known_synthesized
same_family,JVASP-145157,Li7Mn2Co3O12,JVASP-142605,Li4Si2NiO7,Li4Si2NiO7,bulk,dft_3d,Li-Ni-O-Si,oxide,oxide,AB2C4D7,unknown,unknown,0.35,True,True,True,Li;Ni;O;Si,2,0.5,False,True,True,1,,1,False,7.0,-2.40199,-2.40199,0.031900000000000005,,stable_or_known,same rich family/formula/prototype/composition/chemical context,11.75,64,known_synthesized
same_family,JVASP-145157,Li7Mn2Co3O12,JVASP-120551,Ba2Co4BrO7,Ba2Co4BrO7,bulk,dft_3d,Ba-Br-Co-O,oxide,oxide,AB2C4D7,unknown,unknown,0.35,True,True,True,Ba;Br;Co;O,2,0.5,False,True,True,166,,5,False,158.0,-1.69285,-1.69285,0.0035,,stable_or_known,same rich family/formula/prototype/composition/chemical context,11.75,65,known_synthesized
same_family,JVASP-145157,Li7Mn2Co3O12,JVASP-50463,Li4CuSi2O7,Li4CuSi2O7,bulk,dft_3d,Cu-Li-O-Si,oxide,oxide,AB2C4D7,unknown,unknown,0.35,True,True,True,Cu;Li;O;Si,2,0.5,False,True,True,5,,2,False,3.0,-2.38655,-2.38655,0.0431,,stable_or_known,same rich family/formula/prototype/composition/chemical context,11.75,66,known_synthesized
same_family,JVASP-145157,Li7Mn2Co3O12,JVASP-25574,Rb4CuSi2O7,Rb4CuSi2O7,bulk,dft_3d,Cu-O-Rb-Si,oxide,oxide,AB2C4D7,unknown,unknown,0.35,True,True,True,Cu;O;Rb;Si,1,0.25,False,True,True,2,,1,False,6.0,-2.19695,-2.19695,0.0022,True,stable_or_known,same rich family/formula/prototype/composition/chemical context,11.25,67,
same_family,JVASP-145157,Li7Mn2Co3O12,JVASP-52417,CaH4Se2O7,CaH4Se2O7,bulk,dft_3d,Ca-H-O-Se,oxide,oxide,AB2C4D7,unknown,unknown,0.35,True,True,True,Ca;H;O;Se,1,0.25,False,True,True,2,,1,False,6.0,-1.32948,-1.32948,0.0,True,stable_or_known,same rich family/formula/prototype/composition/chemical context,11.25,68,
same_family,JVASP-145157,Li7Mn2Co3O12,JVASP-144409,VP2Cl7O4,VP2Cl7O4,bulk,dft_3d,Cl-O-P-V,oxide,oxide,AB2C4D7,unknown,unknown,0.35,True,True,True,Cl;O;P;V,1,0.25,False,True,True,2,,1,False,6.0,-1.38328,-1.38328,0.0,,stable_or_known,same rich family/formula/prototype/composition/chemical context,11.25,69,known_synthesized
same_family,JVASP-145157,Li7Mn2Co3O12,JVASP-97536,Ho2H4CO7,Ho2H4CO7,bulk,dft_3d,C-H-Ho-O,oxide,oxide,AB2C4D7,unknown,unknown,0.35,True,True,True,C;H;Ho;O,1,0.25,False,True,True,14,,2,False,6.0,-2.19392,-2.19392,0.0,True,stable_or_known,same rich family/formula/prototype/composition/chemical context,11.25,70,
same_family,JVASP-145157,Li7Mn2Co3O12,JVASP-48246,Li4Fe2SiO7,Li4Fe2SiO7,bulk,dft_3d,Fe-Li-O-Si,oxide,oxide,AB2C4D7,unknown,unknown,0.35,True,True,True,Fe;Li;O;Si,2,0.5,False,True,True,2,,1,False,6.0,-2.04595,-2.04595,0.1384,,unknown_or_less_stable,same rich family/formula/prototype/composition/chemical context,11.25,71,known_synthesized
same_family,JVASP-145157,Li7Mn2Co3O12,JVASP-48011,Li4Mn2Cr3Co3O16,Li4Mn2Cr3Co3O16,bulk,dft_3d,Co-Cr-Li-Mn-O,oxide,oxide,A2B3C3D4E16,unknown,unknown,0.35,False,True,True,Co;Cr;Li;Mn;O,4,1.0,False,True,True,8,,2,True,0.0,-1.87352,-1.87352,0.0478,,stable_or_known,same rich family/formula/prototype/composition/chemical context,11.0,72,known_synthesized
same_family,JVASP-145157,Li7Mn2Co3O12,JVASP-142078,Li4Mn3Co3Sb2O16,Li4Mn3Co3(SbO8)2,bulk,dft_3d,Co-Li-Mn-O-Sb,oxide,oxide,AB3C3D4E8,unknown,unknown,0.35,False,True,True,Co;Li;Mn;O;Sb,4,1.0,False,True,True,8,,2,True,0.0,-1.71593,-1.71593,0.057300000000000004,,stable_or_known,same rich family/formula/prototype/composition/chemical context,11.0,73,known_synthesized
same_family,JVASP-145157,Li7Mn2Co3O12,JVASP-144035,Li4Mn3V2Co3O16,Li4Mn3V2Co3O16,bulk,dft_3d,Co-Li-Mn-O-V,oxide,oxide,A2B3C3D4E16,unknown,unknown,0.35,False,True,True,Co;Li;Mn;O;V,4,1.0,False,True,True,8,,2,True,0.0,-1.94442,-1.94442,0.0599,,stable_or_known,same rich family/formula/prototype/composition/chemical context,11.0,74,known_synthesized
same_family,JVASP-145157,Li7Mn2Co3O12,JVASP-144419,Li4Mn3Fe3Co2O16,Li4Mn3Fe3(CoO8)2,bulk,dft_3d,Co-Fe-Li-Mn-O,oxide,oxide,AB3C3D4E8,unknown,unknown,0.35,False,True,True,Co;Fe;Li;Mn;O,4,1.0,False,True,True,8,,2,True,0.0,-1.75034,-1.75034,0.044500000000000005,,stable_or_known,same rich family/formula/prototype/composition/chemical context,11.0,75,known_synthesized
same_family,JVASP-145157,Li7Mn2Co3O12,JVASP-43661,Li4Mn3Co3Sn2O16,Li4Mn3Co3(SnO8)2,bulk,dft_3d,Co-Li-Mn-O-Sn,oxide,oxide,AB3C3D4E8,unknown,unknown,0.35,False,True,True,Co;Li;Mn;O;Sn,4,1.0,False,True,True,8,,2,True,0.0,-1.79813,-1.79813,0.0325,,stable_or_known,same rich family/formula/prototype/composition/chemical context,11.0,76,known_synthesized
same_family,JVASP-145157,Li7Mn2Co3O12,JVASP-40649,Li4Mn3Co2Ni3O16,Li4Mn3Co2Ni3O16,bulk,dft_3d,Co-Li-Mn-Ni-O,oxide,oxide,A2B3C3D4E16,unknown,unknown,0.35,False,True,True,Co;Li;Mn;Ni;O,4,1.0,False,True,True,8,,2,True,0.0,-1.5882100000000001,-1.5882100000000001,0.0673,,stable_or_known,same rich family/formula/prototype/composition/chemical context,11.0,77,known_synthesized
same_family,JVASP-145157,Li7Mn2Co3O12,JVASP-144046,Li4Mn2Cr3Co3O16,Li4Mn2Cr3Co3O16,bulk,dft_3d,Co-Cr-Li-Mn-O,oxide,oxide,A2B3C3D4E16,unknown,unknown,0.35,False,True,True,Co;Cr;Li;Mn;O,4,1.0,False,True,True,8,,2,True,0.0,-1.89002,-1.89002,0.0313,,stable_or_known,same rich family/formula/prototype/composition/chemical context,11.0,78,known_synthesized
same_family,JVASP-145157,Li7Mn2Co3O12,JVASP-103777,H4C7SO2,H4C7SO2,bulk,dft_3d,C-H-O-S,oxide,oxide,AB2C4D7,unknown,unknown,0.35,True,True,True,C;H;O;S,1,0.25,False,True,True,6,,2,False,2.0,-0.11562000000000001,-0.11562000000000001,0.3139,,unknown_or_less_stable,same rich family/formula/prototype/composition/chemical context,10.75,79,known_synthesized
same_family,JVASP-145157,Li7Mn2Co3O12,JVASP-103795,H4C7SO2,H4C7SO2,bulk,dft_3d,C-H-O-S,oxide,oxide,AB2C4D7,unknown,unknown,0.35,True,True,True,C;H;O;S,1,0.25,False,True,True,1,,1,False,7.0,-0.14773,-0.14773,0.2818,,unknown_or_less_stable,same rich family/formula/prototype/composition/chemical context,10.75,80,known_synthesized
same_family,JVASP-145157,Li7Mn2Co3O12,JVASP-104155,H4C7S2O,H4C7S2O,bulk,dft_3d,C-H-O-S,oxide,oxide,AB2C4D7,unknown,unknown,0.35,True,True,True,C;H;O;S,1,0.25,False,True,True,1,,1,False,7.0,0.017220000000000003,0.017220000000000003,0.2722,,unknown_or_less_stable,same rich family/formula/prototype/composition/chemical context,10.75,81,known_synthesized
same_family,JVASP-145157,Li7Mn2Co3O12,JVASP-101800,H4C7S2O,H4C7S2O,bulk,dft_3d,C-H-O-S,oxide,oxide,AB2C4D7,unknown,unknown,0.35,True,True,True,C;H;O;S,1,0.25,False,True,True,1,,1,False,7.0,0.024,0.024,0.279,,unknown_or_less_stable,same rich family/formula/prototype/composition/chemical context,10.75,82,known_synthesized
same_family,JVASP-145157,Li7Mn2Co3O12,JVASP-144057,Li6Co5Ni3O16,Li6Co5Ni3O16,bulk,dft_3d,Co-Li-Ni-O,oxide,oxide,A3B5C6D16,unknown,unknown,0.35,False,True,True,Co;Li;Ni;O,3,0.75,False,True,True,8,,2,True,0.0,-1.4919,-1.4919,0.0553,,stable_or_known,same rich family/formula/prototype/composition/chemical context,10.5,83,known_synthesized
same_family,JVASP-145157,Li7Mn2Co3O12,JVASP-144093,Li2MnOF3,Li2MnOF3,bulk,dft_3d,F-Li-Mn-O,oxide,oxide,ABC2D3,unknown,unknown,0.35,False,True,True,F;Li;Mn;O,3,0.75,False,True,True,8,,2,True,0.0,-2.66315,-2.66315,0.0,,stable_or_known,same rich family/formula/prototype/composition/chemical context,10.5,84,known_synthesized
same_family,JVASP-145157,Li7Mn2Co3O12,JVASP-48163,Li3Fe3CoO8,Li3Fe3CoO8,bulk,dft_3d,Co-Fe-Li-O,oxide,oxide,AB3C3D8,unknown,unknown,0.35,False,True,True,Co;Fe;Li;O,3,0.75,False,True,True,8,,2,True,0.0,-1.68704,-1.68704,0.035,,stable_or_known,same rich family/formula/prototype/composition/chemical context,10.5,85,known_synthesized
same_family,JVASP-145157,Li7Mn2Co3O12,JVASP-44389,Mn2Fe3Co3O16,Mn2Fe3Co3O16,bulk,dft_3d,Co-Fe-Mn-O,oxide,oxide,A2B3C3D16,unknown,unknown,0.35,False,True,True,Co;Fe;Mn;O,3,0.75,False,True,True,8,,2,True,0.0,-1.33392,-1.33392,0.0614,,stable_or_known,same rich family/formula/prototype/composition/chemical context,10.5,86,known_synthesized
same_family,JVASP-145157,Li7Mn2Co3O12,JVASP-45173,Li4Mn3V2Ni3O16,Li4Mn3V2Ni3O16,bulk,dft_3d,Li-Mn-Ni-O-V,oxide,oxide,A2B3C3D4E16,unknown,unknown,0.35,False,True,True,Li;Mn;Ni;O;V,3,0.75,False,True,True,8,,2,True,0.0,-1.90474,-1.90474,0.0794,,stable_or_known,same rich family/formula/prototype/composition/chemical context,10.5,87,known_synthesized
same_family,JVASP-145157,Li7Mn2Co3O12,JVASP-146780,Li4V5Co3O16,Li4V5Co3O16,bulk,dft_3d,Co-Li-O-V,oxide,oxide,A3B4C5D16,unknown,unknown,0.35,False,True,True,Co;Li;O;V,3,0.75,False,True,True,8,,2,True,0.0,-2.17348,-2.17348,0.038900000000000004,,stable_or_known,same rich family/formula/prototype/composition/chemical context,10.5,88,known_synthesized
same_family,JVASP-145157,Li7Mn2Co3O12,JVASP-117092,Li4Nb2Fe3Co3O16,Li4Nb2Fe3Co3O16,bulk,dft_3d,Co-Fe-Li-Nb-O,oxide,oxide,A2B3C3D4E16,unknown,unknown,0.35,False,True,True,Co;Fe;Li;Nb;O,3,0.75,False,True,True,8,,2,True,0.0,-1.89664,-1.89664,0.046400000000000004,,stable_or_known,same rich family/formula/prototype/composition/chemical context,10.5,89,known_synthesized
same_family,JVASP-145157,Li7Mn2Co3O12,JVASP-146928,Li4Mn3Fe3Te2O16,Li4Mn3Fe3(TeO8)2,bulk,dft_3d,Fe-Li-Mn-O-Te,oxide,oxide,AB3C3D4E8,unknown,unknown,0.35,False,True,True,Fe;Li;Mn;O;Te,3,0.75,False,True,True,8,,2,True,0.0,-1.68492,-1.68492,0.0,,stable_or_known,same rich family/formula/prototype/composition/chemical context,10.5,90,known_synthesized
same_family,JVASP-145157,Li7Mn2Co3O12,JVASP-147419,Li4Ti2Mn3Cu3O16,Li4Ti2Mn3Cu3O16,bulk,dft_3d,Cu-Li-Mn-O-Ti,oxide,oxide,A2B3C3D4E16,unknown,unknown,0.35,False,True,True,Cu;Li;Mn;O;Ti,3,0.75,False,True,True,8,,2,True,0.0,-1.96479,-1.96479,0.034800000000000005,,stable_or_known,same rich family/formula/prototype/composition/chemical context,10.5,91,known_synthesized
same_family,JVASP-145157,Li7Mn2Co3O12,JVASP-46519,LiMn4O8,LiMn4O8,bulk,dft_3d,Li-Mn-O,oxide,oxide,AB4C8,unknown,unknown,0.35,False,True,True,Li;Mn;O,3,0.75,False,True,True,8,,2,True,0.0,-1.86944,-1.86944,0.0637,,stable_or_known,same rich family/formula/prototype/composition/chemical context,10.5,92,known_synthesized
same_family,JVASP-145157,Li7Mn2Co3O12,JVASP-143122,Li4Co3Sn5O16,Li4Co3Sn5O16,bulk,dft_3d,Co-Li-O-Sn,oxide,oxide,A3B4C5D16,unknown,unknown,0.35,False,True,True,Co;Li;O;Sn,3,0.75,False,True,True,8,,2,True,0.0,-1.72479,-1.72479,0.047900000000000005,,stable_or_known,same rich family/formula/prototype/composition/chemical context,10.5,93,known_synthesized
same_family,JVASP-145157,Li7Mn2Co3O12,JVASP-111400,LiCo2CuO6,LiCo2CuO6,bulk,dft_3d,Co-Cu-Li-O,oxide,oxide,ABC2D6,unknown,unknown,0.35,False,True,True,Co;Cu;Li;O,3,0.75,False,True,True,8,,2,True,0.0,-1.11241,-1.11241,0.07980000000000001,,stable_or_known,same rich family/formula/prototype/composition/chemical context,10.5,94,known_synthesized
same_family,JVASP-145157,Li7Mn2Co3O12,JVASP-112849,Li5Mn7O15,Li5Mn7O15,bulk,dft_3d,Li-Mn-O,oxide,oxide,A5B7C15,unknown,unknown,0.35,False,True,True,Li;Mn;O,3,0.75,False,True,True,8,,2,True,0.0,-1.99547,-1.99547,0.0786,,stable_or_known,same rich family/formula/prototype/composition/chemical context,10.5,95,known_synthesized
same_family,JVASP-145157,Li7Mn2Co3O12,JVASP-146730,Li4Mn5Cu3O16,Li4Mn5Cu3O16,bulk,dft_3d,Cu-Li-Mn-O,oxide,oxide,A3B4C5D16,unknown,unknown,0.35,False,True,True,Cu;Li;Mn;O,3,0.75,False,True,True,8,,2,True,0.0,-1.64507,-1.64507,0.044700000000000004,,stable_or_known,same rich family/formula/prototype/composition/chemical context,10.5,96,known_synthesized
same_family,JVASP-145157,Li7Mn2Co3O12,JVASP-146337,Li4Mn3V3Cu2O16,Li4Mn3V3(CuO8)2,bulk,dft_3d,Cu-Li-Mn-O-V,oxide,oxide,AB3C3D4E8,unknown,unknown,0.35,False,True,True,Cu;Li;Mn;O;V,3,0.75,False,True,True,8,,2,True,0.0,-2.03374,-2.03374,0.08080000000000001,,stable_or_known,same rich family/formula/prototype/composition/chemical context,10.5,97,known_synthesized
same_family,JVASP-145157,Li7Mn2Co3O12,JVASP-44387,Li4Co3Ni5O16,Li4Co3Ni5O16,bulk,dft_3d,Co-Li-Ni-O,oxide,oxide,A3B4C5D16,unknown,unknown,0.35,False,True,True,Co;Li;Ni;O,3,0.75,False,True,True,8,,2,True,0.0,-1.32193,-1.32193,0.0771,,stable_or_known,same rich family/formula/prototype/composition/chemical context,10.5,98,known_synthesized
same_family,JVASP-145157,Li7Mn2Co3O12,JVASP-145658,Li4Mn3Cr2Sn3O16,Li4Mn3Cr2Sn3O16,bulk,dft_3d,Cr-Li-Mn-O-Sn,oxide,oxide,A2B3C3D4E16,unknown,unknown,0.35,False,True,True,Cr;Li;Mn;O;Sn,3,0.75,False,True,True,8,,2,True,0.0,-1.93679,-1.93679,0.0937,,stable_or_known,same rich family/formula/prototype/composition/chemical context,10.5,99,known_synthesized
same_family,JVASP-145157,Li7Mn2Co3O12,JVASP-119002,Li4Ti3Mn3Sn2O16,Li4Ti3Mn3(SnO8)2,bulk,dft_3d,Li-Mn-O-Sn-Ti,oxide,oxide,AB3C3D4E8,unknown,unknown,0.35,False,True,True,Li;Mn;O;Sn;Ti,3,0.75,False,True,True,8,,2,True,0.0,-2.36803,-2.36803,0.0511,,stable_or_known,same rich family/formula/prototype/composition/chemical context,10.5,100,known_synthesized
same_family,JVASP-145157,Li7Mn2Co3O12,JVASP-40657,Li4Mn2Nb3Cr3O16,Li4Mn2Nb3Cr3O16,bulk,dft_3d,Cr-Li-Mn-Nb-O,oxide,oxide,A2B3C3D4E16,unknown,unknown,0.35,False,True,True,Cr;Li;Mn;Nb;O,3,0.75,False,True,True,8,,2,True,0.0,-2.28136,-2.28136,0.088,,stable_or_known,same rich family/formula/prototype/composition/chemical context,10.5,101,known_synthesized
same_family,JVASP-145157,Li7Mn2Co3O12,JVASP-142653,Li4Co3Ni2Sb3O16,Li4Co3Ni2Sb3O16,bulk,dft_3d,Co-Li-Ni-O-Sb,oxide,oxide,A2B3C3D4E16,unknown,unknown,0.35,False,True,True,Co;Li;Ni;O;Sb,3,0.75,False,True,True,8,,2,True,0.0,-1.49657,-1.49657,0.0651,,stable_or_known,same rich family/formula/prototype/composition/chemical context,10.5,102,known_synthesized
same_family,JVASP-145157,Li7Mn2Co3O12,JVASP-142083,Li2Mn4O5F3,Li2Mn4O5F3,bulk,dft_3d,F-Li-Mn-O,oxide,oxide,A2B3C4D5,unknown,unknown,0.35,False,True,True,F;Li;Mn;O,3,0.75,False,True,True,8,,2,True,0.0,-2.13111,-2.13111,0.0,,stable_or_known,same rich family/formula/prototype/composition/chemical context,10.5,103,known_synthesized
same_family,JVASP-145157,Li7Mn2Co3O12,JVASP-44730,Li4Fe5Co3O16,Li4Fe5Co3O16,bulk,dft_3d,Co-Fe-Li-O,oxide,oxide,A3B4C5D16,unknown,unknown,0.35,False,True,True,Co;Fe;Li;O,3,0.75,False,True,True,8,,2,True,0.0,-1.57373,-1.57373,0.06330000000000001,,stable_or_known,same rich family/formula/prototype/composition/chemical context,10.5,104,known_synthesized
same_family,JVASP-145157,Li7Mn2Co3O12,JVASP-122536,Li4Mn5Fe3O16,Li4Mn5Fe3O16,bulk,dft_3d,Fe-Li-Mn-O,oxide,oxide,A3B4C5D16,unknown,unknown,0.35,False,True,True,Fe;Li;Mn;O,3,0.75,False,True,True,8,,2,True,0.0,-1.84233,-1.84233,0.08120000000000001,,stable_or_known,same rich family/formula/prototype/composition/chemical context,10.5,105,known_synthesized
same_family,JVASP-145157,Li7Mn2Co3O12,JVASP-43926,Li4Cr3Co3Sn2O16,Li4Cr3Co3(SnO8)2,bulk,dft_3d,Co-Cr-Li-O-Sn,oxide,oxide,AB3C3D4E8,unknown,unknown,0.35,False,True,True,Co;Cr;Li;O;Sn,3,0.75,False,True,True,8,,2,True,0.0,-1.86032,-1.86032,0.032100000000000004,,stable_or_known,same rich family/formula/prototype/composition/chemical context,10.5,106,known_synthesized
same_family,JVASP-145157,Li7Mn2Co3O12,JVASP-48193,Li4Ti3Co3Ni2O16,Li4Ti3Co3(NiO8)2,bulk,dft_3d,Co-Li-Ni-O-Ti,oxide,oxide,AB3C3D4E8,unknown,unknown,0.35,False,True,True,Co;Li;Ni;O;Ti,3,0.75,False,True,True,8,,2,True,0.0,-2.02114,-2.02114,0.0921,,stable_or_known,same rich family/formula/prototype/composition/chemical context,10.5,107,known_synthesized
same_family,JVASP-145157,Li7Mn2Co3O12,JVASP-144782,Li6Mn5Ni3O16,Li6Mn5Ni3O16,bulk,dft_3d,Li-Mn-Ni-O,oxide,oxide,A3B5C6D16,unknown,unknown,0.35,False,True,True,Li;Mn;Ni;O,3,0.75,False,True,True,8,,2,True,0.0,-1.8050300000000001,-1.8050300000000001,0.0613,,stable_or_known,same rich family/formula/prototype/composition/chemical context,10.5,108,known_synthesized
same_family,JVASP-145157,Li7Mn2Co3O12,JVASP-133672,Li4Co3Ni3Te2O16,Li4Co3Ni3(TeO8)2,bulk,dft_3d,Co-Li-Ni-O-Te,oxide,oxide,AB3C3D4E8,unknown,unknown,0.35,False,True,True,Co;Li;Ni;O;Te,3,0.75,False,True,True,8,,2,True,0.0,-1.37099,-1.37099,0.048400000000000006,,stable_or_known,same rich family/formula/prototype/composition/chemical context,10.5,109,known_synthesized
same_family,JVASP-145157,Li7Mn2Co3O12,JVASP-48230,Li4Cr3Co3Ni2O16,Li4Cr3Co3(NiO8)2,bulk,dft_3d,Co-Cr-Li-Ni-O,oxide,oxide,AB3C3D4E8,unknown,unknown,0.35,False,True,True,Co;Cr;Li;Ni;O,3,0.75,False,True,True,8,,2,True,0.0,-1.67323,-1.67323,0.0694,,stable_or_known,same rich family/formula/prototype/composition/chemical context,10.5,110,known_synthesized
same_family,JVASP-145157,Li7Mn2Co3O12,JVASP-132983,Li4Mn2Ni3Sn3O16,Li4Mn2Ni3Sn3O16,bulk,dft_3d,Li-Mn-Ni-O-Sn,oxide,oxide,A2B3C3D4E16,unknown,unknown,0.35,False,True,True,Li;Mn;Ni;O;Sn,3,0.75,False,True,True,8,,2,True,0.0,-1.6463,-1.6463,0.09380000000000001,,stable_or_known,same rich family/formula/prototype/composition/chemical context,10.5,111,known_synthesized
same_family,JVASP-145157,Li7Mn2Co3O12,JVASP-45848,LiCo2CuO6,LiCo2CuO6,bulk,dft_3d,Co-Cu-Li-O,oxide,oxide,ABC2D6,unknown,unknown,0.35,False,True,True,Co;Cu;Li;O,3,0.75,False,True,True,8,,2,True,0.0,-1.09576,-1.09576,0.0964,,stable_or_known,same rich family/formula/prototype/composition/chemical context,10.5,112,known_synthesized
same_family,JVASP-145157,Li7Mn2Co3O12,JVASP-145677,Li4Mn2Nb3Cr3O16,Li4Mn2Nb3Cr3O16,bulk,dft_3d,Cr-Li-Mn-Nb-O,oxide,oxide,A2B3C3D4E16,unknown,unknown,0.35,False,True,True,Cr;Li;Mn;Nb;O,3,0.75,False,True,True,8,,2,True,0.0,-2.29589,-2.29589,0.07350000000000001,,stable_or_known,same rich family/formula/prototype/composition/chemical context,10.5,113,known_synthesized
same_family,JVASP-145157,Li7Mn2Co3O12,JVASP-44135,Li4Mn3Fe2Cu3O16,Li4Mn3Fe2Cu3O16,bulk,dft_3d,Cu-Fe-Li-Mn-O,oxide,oxide,A2B3C3D4E16,unknown,unknown,0.35,False,True,True,Cu;Fe;Li;Mn;O,3,0.75,False,True,True,8,,2,True,0.0,-1.52523,-1.52523,0.0794,,stable_or_known,same rich family/formula/prototype/composition/chemical context,10.5,114,known_synthesized
same_family,JVASP-145157,Li7Mn2Co3O12,JVASP-121781,Li7Mn3W2O16,Li7Mn3(WO8)2,bulk,dft_3d,Li-Mn-O-W,oxide,oxide,AB3C7D8,unknown,unknown,0.35,False,True,True,Li;Mn;O;W,3,0.75,False,True,True,8,,2,True,0.0,-2.15178,-2.15178,0.0731,,stable_or_known,same rich family/formula/prototype/composition/chemical context,10.5,115,known_synthesized
same_family,JVASP-145157,Li7Mn2Co3O12,JVASP-42466,Li4Fe3Co3Sn2O16,Li4Fe3Co3(SnO8)2,bulk,dft_3d,Co-Fe-Li-O-Sn,oxide,oxide,AB3C3D4E8,unknown,unknown,0.35,False,True,True,Co;Fe;Li;O;Sn,3,0.75,False,True,True,8,,2,True,0.0,-1.6586800000000002,-1.6586800000000002,0.0408,,stable_or_known,same rich family/formula/prototype/composition/chemical context,10.5,116,known_synthesized
same_family,JVASP-145157,Li7Mn2Co3O12,JVASP-145972,Li4V3Co3Sn2O16,Li4V3Co3(SnO8)2,bulk,dft_3d,Co-Li-O-Sn-V,oxide,oxide,AB3C3D4E8,unknown,unknown,0.35,False,True,True,Co;Li;O;Sn;V,3,0.75,False,True,True,8,,2,True,0.0,-2.00052,-2.00052,0.0477,,stable_or_known,same rich family/formula/prototype/composition/chemical context,10.5,117,known_synthesized
same_family,JVASP-145157,Li7Mn2Co3O12,JVASP-116896,Li4Co3Sn3Sb2O16,Li4Co3Sn3(SbO8)2,bulk,dft_3d,Co-Li-O-Sb-Sn,oxide,oxide,AB3C3D4E8,unknown,unknown,0.35,False,True,True,Co;Li;O;Sb;Sn,3,0.75,False,True,True,8,,2,True,0.0,-1.62972,-1.62972,0.095,,stable_or_known,same rich family/formula/prototype/composition/chemical context,10.5,118,known_synthesized
same_family,JVASP-145157,Li7Mn2Co3O12,JVASP-122389,Li4Co3Ni3Sn2O16,Li4Co3Ni3(SnO8)2,bulk,dft_3d,Co-Li-Ni-O-Sn,oxide,oxide,AB3C3D4E8,unknown,unknown,0.35,False,True,True,Co;Li;Ni;O;Sn,3,0.75,False,True,True,8,,2,True,0.0,-1.53084,-1.53084,0.026500000000000003,,stable_or_known,same rich family/formula/prototype/composition/chemical context,10.5,119,known_synthesized
same_family,JVASP-145157,Li7Mn2Co3O12,JVASP-112455,Li4Ti3Mn2Nb3O16,Li4Ti3Mn2Nb3O16,bulk,dft_3d,Li-Mn-Nb-O-Ti,oxide,oxide,A2B3C3D4E16,unknown,unknown,0.35,False,True,True,Li;Mn;Nb;O;Ti,3,0.75,False,True,True,8,,2,True,0.0,-2.60573,-2.60573,0.08030000000000001,,stable_or_known,same rich family/formula/prototype/composition/chemical context,10.5,120,known_synthesized
same_family,JVASP-145157,Li7Mn2Co3O12,JVASP-48338,Li2Mn4O5F3,Li2Mn4O5F3,bulk,dft_3d,F-Li-Mn-O,oxide,oxide,A2B3C4D5,unknown,unknown,0.35,False,True,True,F;Li;Mn;O,3,0.75,False,True,True,8,,2,True,0.0,-2.1312,-2.1312,0.0,,stable_or_known,same rich family/formula/prototype/composition/chemical context,10.5,121,known_synthesized
same_family,JVASP-145157,Li7Mn2Co3O12,JVASP-40708,Li2MnOF3,Li2MnOF3,bulk,dft_3d,F-Li-Mn-O,oxide,oxide,ABC2D3,unknown,unknown,0.35,False,True,True,F;Li;Mn;O,3,0.75,False,True,True,8,,2,True,0.0,-2.63862,-2.63862,0.0,,stable_or_known,same rich family/formula/prototype/composition/chemical context,10.5,122,known_synthesized
same_family,JVASP-145157,Li7Mn2Co3O12,JVASP-142587,Li4Ti3Mn2Cu3O16,Li4Ti3Mn2Cu3O16,bulk,dft_3d,Cu-Li-Mn-O-Ti,oxide,oxide,A2B3C3D4E16,unknown,unknown,0.35,False,True,True,Cu;Li;Mn;O;Ti,3,0.75,False,True,True,8,,2,True,0.0,-2.07881,-2.07881,0.0729,,stable_or_known,same rich family/formula/prototype/composition/chemical context,10.5,123,known_synthesized
same_family,JVASP-145157,Li7Mn2Co3O12,JVASP-145965,Li4Co3Ni3Sb2O16,Li4Co3Ni3(SbO8)2,bulk,dft_3d,Co-Li-Ni-O-Sb,oxide,oxide,AB3C3D4E8,unknown,unknown,0.35,False,True,True,Co;Li;Ni;O;Sb,3,0.75,False,True,True,8,,2,True,0.0,-1.50831,-1.50831,0.0023,,stable_or_known,same rich family/formula/prototype/composition/chemical context,10.5,124,known_synthesized
same_family,JVASP-145157,Li7Mn2Co3O12,JVASP-8640,LiMnO2,LiMnO2,bulk,dft_3d,Li-Mn-O,oxide,oxide,ABC2,unknown,unknown,0.35,False,True,True,Li;Mn;O,3,0.75,False,True,True,8,,2,True,0.0,-1.9628800000000002,-1.9628800000000002,0.0762,,stable_or_known,same rich family/formula/prototype/composition/chemical context,10.5,125,known_synthesized
same_family,JVASP-145157,Li7Mn2Co3O12,JVASP-48166,LiMn5O3F5,LiMn5O3F5,bulk,dft_3d,F-Li-Mn-O,oxide,oxide,AB3C5D5,unknown,unknown,0.35,False,True,True,F;Li;Mn;O,3,0.75,False,True,True,8,,2,True,0.0,-2.01511,-2.01511,0.0,,stable_or_known,same rich family/formula/prototype/composition/chemical context,10.5,126,known_synthesized
same_family,JVASP-145157,Li7Mn2Co3O12,JVASP-122381,Li4Ti2Co3Sn3O16,Li4Ti2Co3Sn3O16,bulk,dft_3d,Co-Li-O-Sn-Ti,oxide,oxide,A2B3C3D4E16,unknown,unknown,0.35,False,True,True,Co;Li;O;Sn;Ti,3,0.75,False,True,True,8,,2,True,0.0,-2.02018,-2.02018,0.0796,,stable_or_known,same rich family/formula/prototype/composition/chemical context,10.5,127,known_synthesized
same_family,JVASP-145157,Li7Mn2Co3O12,JVASP-145633,Mn5Co3O16,Mn5Co3O16,bulk,dft_3d,Co-Mn-O,oxide,oxide,A3B5C16,unknown,unknown,0.35,False,True,True,Co;Mn;O,3,0.75,False,True,True,8,,2,True,0.0,-1.5017800000000001,-1.5017800000000001,0.0386,,stable_or_known,same rich family/formula/prototype/composition/chemical context,10.5,128,known_synthesized
same_family,JVASP-145157,Li7Mn2Co3O12,JVASP-145656,Li4Mn3Ni3Sn2O16,Li4Mn3Ni3(SnO8)2,bulk,dft_3d,Li-Mn-Ni-O-Sn,oxide,oxide,AB3C3D4E8,unknown,unknown,0.35,False,True,True,Li;Mn;Ni;O;Sn,3,0.75,False,True,True,8,,2,True,0.0,-1.73447,-1.73447,0.0241,,stable_or_known,same rich family/formula/prototype/composition/chemical context,10.5,129,known_synthesized
same_family,JVASP-145157,Li7Mn2Co3O12,JVASP-122364,Li4Ti3Fe2Co3O16,Li4Ti3Fe2Co3O16,bulk,dft_3d,Co-Fe-Li-O-Ti,oxide,oxide,A2B3C3D4E16,unknown,unknown,0.35,False,True,True,Co;Fe;Li;O;Ti,3,0.75,False,True,True,8,,2,True,0.0,-2.13183,-2.13183,0.069,,stable_or_known,same rich family/formula/prototype/composition/chemical context,10.5,130,known_synthesized
same_family,JVASP-145157,Li7Mn2Co3O12,JVASP-121762,Li4Fe3Co3Ni2O16,Li4Fe3Co3(NiO8)2,bulk,dft_3d,Co-Fe-Li-Ni-O,oxide,oxide,AB3C3D4E8,unknown,unknown,0.35,False,True,True,Co;Fe;Li;Ni;O,3,0.75,False,True,True,8,,2,True,0.0,-1.48406,-1.48406,0.0631,,stable_or_known,same rich family/formula/prototype/composition/chemical context,10.5,131,known_synthesized
same_family,JVASP-145157,Li7Mn2Co3O12,JVASP-119389,Li4Ti5Co3O16,Li4Ti5Co3O16,bulk,dft_3d,Co-Li-O-Ti,oxide,oxide,A3B4C5D16,unknown,unknown,0.35,False,True,True,Co;Li;O;Ti,3,0.75,False,True,True,8,,2,True,0.0,-2.53768,-2.53768,0.0337,,stable_or_known,same rich family/formula/prototype/composition/chemical context,10.5,132,known_synthesized
same_family,JVASP-145157,Li7Mn2Co3O12,JVASP-146076,Li5Mn4O8,Li5Mn4O8,bulk,dft_3d,Li-Mn-O,oxide,oxide,A4B5C8,unknown,unknown,0.35,False,True,True,Li;Mn;O,3,0.75,False,True,True,8,,2,True,0.0,-1.9544400000000002,-1.9544400000000002,0.08220000000000001,,stable_or_known,same rich family/formula/prototype/composition/chemical context,10.5,133,known_synthesized
same_family,JVASP-145157,Li7Mn2Co3O12,JVASP-141651,Li4Mn3Cr3Sb2O16,Li4Mn3Cr3(SbO8)2,bulk,dft_3d,Cr-Li-Mn-O-Sb,oxide,oxide,AB3C3D4E8,unknown,unknown,0.35,False,True,True,Cr;Li;Mn;O;Sb,3,0.75,False,True,True,8,,2,True,0.0,-1.9866000000000001,-1.9866000000000001,0.0403,,stable_or_known,same rich family/formula/prototype/composition/chemical context,10.5,134,known_synthesized
same_family,JVASP-145157,Li7Mn2Co3O12,JVASP-44492,Mn3Cr2Co3O16,Mn3Cr2Co3O16,bulk,dft_3d,Co-Cr-Mn-O,oxide,oxide,A2B3C3D16,unknown,unknown,0.35,False,True,True,Co;Cr;Mn;O,3,0.75,False,True,True,8,,2,True,0.0,-1.56021,-1.56021,0.0568,,stable_or_known,same rich family/formula/prototype/composition/chemical context,10.5,135,known_synthesized
same_family,JVASP-145157,Li7Mn2Co3O12,JVASP-90524,Li3MnOF4,Li3MnOF4,bulk,dft_3d,F-Li-Mn-O,oxide,oxide,ABC3D4,unknown,unknown,0.35,False,True,True,F;Li;Mn;O,3,0.75,False,True,True,8,,2,True,0.0,-2.7422,-2.7422,0.0,,stable_or_known,same rich family/formula/prototype/composition/chemical context,10.5,136,known_synthesized
same_family,JVASP-145157,Li7Mn2Co3O12,JVASP-132982,Li4Ti3Fe2Co3O16,Li4Ti3Fe2Co3O16,bulk,dft_3d,Co-Fe-Li-O-Ti,oxide,oxide,A2B3C3D4E16,unknown,unknown,0.35,False,True,True,Co;Fe;Li;O;Ti,3,0.75,False,True,True,8,,2,True,0.0,-2.11908,-2.11908,0.08170000000000001,,stable_or_known,same rich family/formula/prototype/composition/chemical context,10.5,137,known_synthesized
same_family,JVASP-145157,Li7Mn2Co3O12,JVASP-142559,Li2Mn3FeO8,Li2Mn3FeO8,bulk,dft_3d,Fe-Li-Mn-O,oxide,oxide,AB2C3D8,unknown,unknown,0.35,False,True,True,Fe;Li;Mn;O,3,0.75,False,True,True,8,,2,True,0.0,-1.91804,-1.91804,0.0506,,stable_or_known,same rich family/formula/prototype/composition/chemical context,10.5,138,known_synthesized
same_family,JVASP-145157,Li7Mn2Co3O12,JVASP-42837,Li4Mn3OF8,Li4Mn3OF8,bulk,dft_3d,F-Li-Mn-O,oxide,oxide,AB3C4D8,unknown,unknown,0.35,False,True,True,F;Li;Mn;O,3,0.75,False,True,True,8,,2,True,0.0,-2.59016,-2.59016,0.0,,stable_or_known,same rich family/formula/prototype/composition/chemical context,10.5,139,known_synthesized
same_family,JVASP-145157,Li7Mn2Co3O12,JVASP-121742,Li4Mn3Nb2Cr3O16,Li4Mn3Nb2Cr3O16,bulk,dft_3d,Cr-Li-Mn-Nb-O,oxide,oxide,A2B3C3D4E16,unknown,unknown,0.35,False,True,True,Cr;Li;Mn;Nb;O,3,0.75,False,True,True,8,,2,True,0.0,-2.26335,-2.26335,0.024800000000000003,,stable_or_known,same rich family/formula/prototype/composition/chemical context,10.5,140,known_synthesized
same_family,JVASP-145157,Li7Mn2Co3O12,JVASP-137386,Li4Ti3Mn5O16,Li4Ti3Mn5O16,bulk,dft_3d,Li-Mn-O-Ti,oxide,oxide,A3B4C5D16,unknown,unknown,0.35,False,True,True,Li;Mn;O;Ti,3,0.75,False,True,True,8,,2,True,0.0,-2.34786,-2.34786,0.09770000000000001,,stable_or_known,same rich family/formula/prototype/composition/chemical context,10.5,141,known_synthesized
same_family,JVASP-145157,Li7Mn2Co3O12,JVASP-122518,Li4Mn5O9F,Li4Mn5O9F,bulk,dft_3d,F-Li-Mn-O,oxide,oxide,AB4C5D9,unknown,unknown,0.35,False,True,True,F;Li;Mn;O,3,0.75,False,True,True,8,,2,True,0.0,-1.96902,-1.96902,0.0,,stable_or_known,same rich family/formula/prototype/composition/chemical context,10.5,142,known_synthesized
same_family,JVASP-145157,Li7Mn2Co3O12,JVASP-137379,Li4Mn3O5F3,Li4Mn3O5F3,bulk,dft_3d,F-Li-Mn-O,oxide,oxide,A3B3C4D5,unknown,unknown,0.35,False,True,True,F;Li;Mn;O,3,0.75,False,True,True,8,,2,True,0.0,-2.2754,-2.2754,0.0,,stable_or_known,same rich family/formula/prototype/composition/chemical context,10.5,143,known_synthesized
same_family,JVASP-145157,Li7Mn2Co3O12,JVASP-48971,Li4MnO2F3,Li4MnO2F3,bulk,dft_3d,F-Li-Mn-O,oxide,oxide,AB2C3D4,unknown,unknown,0.35,False,True,True,F;Li;Mn;O,3,0.75,False,True,True,8,,2,True,0.0,-2.59868,-2.59868,0.0,,stable_or_known,same rich family/formula/prototype/composition/chemical context,10.5,144,known_synthesized
same_family,JVASP-145157,Li7Mn2Co3O12,JVASP-43935,Li4Mn3V3Sn2O16,Li4Mn3V3(SnO8)2,bulk,dft_3d,Li-Mn-O-Sn-V,oxide,oxide,AB3C3D4E8,unknown,unknown,0.35,False,True,True,Li;Mn;O;Sn;V,3,0.75,False,True,True,8,,2,True,0.0,-2.13887,-2.13887,0.06620000000000001,,stable_or_known,same rich family/formula/prototype/composition/chemical context,10.5,145,known_synthesized
same_family,JVASP-145157,Li7Mn2Co3O12,JVASP-111934,Li4Mn3Co2Sb3O16,Li4Mn3Co2Sb3O16,bulk,dft_3d,Co-Li-Mn-O-Sb,oxide,oxide,A2B3C3D4E16,unknown,unknown,0.35,False,True,True,Co;Li;Mn;O;Sb,4,1.0,False,True,True,8,,2,True,0.0,-1.6337,-1.6337,0.1558,,unknown_or_less_stable,same rich family/formula/prototype/composition/chemical context,10.5,146,known_synthesized
same_family,JVASP-145157,Li7Mn2Co3O12,JVASP-143578,Li2MnV4CoO12,Li2MnV4CoO12,bulk,dft_3d,Co-Li-Mn-O-V,oxide,oxide,ABC2D4E12,unknown,unknown,0.35,False,True,True,Co;Li;Mn;O;V,4,1.0,False,True,True,5,,2,False,3.0,-2.26105,-2.26105,0.0521,,stable_or_known,same rich family/formula/prototype/composition/chemical context,10.25,147,known_synthesized
same_family,JVASP-145157,Li7Mn2Co3O12,JVASP-46733,Li4MnCo3P4O16,Li4MnCo3(PO4)4,bulk,dft_3d,Co-Li-Mn-O-P,oxide,oxide,ABC3D4E4,unknown,unknown,0.35,False,True,True,Co;Li;Mn;O;P,4,1.0,False,True,True,6,,2,False,2.0,-2.02881,-2.02881,0.0,,stable_or_known,same rich family/formula/prototype/composition/chemical context,10.25,148,known_synthesized
same_family,JVASP-145157,Li7Mn2Co3O12,JVASP-140615,Li2MnCoP2O8,Li2MnCo(PO4)2,bulk,dft_3d,Co-Li-Mn-O-P,oxide,oxide,ABCD2E4,unknown,unknown,0.35,False,True,True,Co;Li;Mn;O;P,4,1.0,False,True,True,6,,2,False,2.0,-2.10588,-2.10588,0.0,,stable_or_known,same rich family/formula/prototype/composition/chemical context,10.25,149,known_synthesized
same_family,JVASP-145157,Li7Mn2Co3O12,JVASP-146611,Li4Mn3CoP4O16,Li4Mn3Co(PO4)4,bulk,dft_3d,Co-Li-Mn-O-P,oxide,oxide,ABC3D4E4,unknown,unknown,0.35,False,True,True,Co;Li;Mn;O;P,4,1.0,False,True,True,6,,2,False,2.0,-2.16491,-2.16491,0.0,,stable_or_known,same rich family/formula/prototype/composition/chemical context,10.25,150,known_synthesized
same_family,JVASP-145157,Li7Mn2Co3O12,JVASP-144791,Li4Mn3Co2Ni3O16,Li4Mn3Co2Ni3O16,bulk,dft_3d,Co-Li-Mn-Ni-O,oxide,oxide,A2B3C3D4E16,unknown,unknown,0.35,False,True,True,Co;Li;Mn;Ni;O,4,1.0,False,True,True,1,,1,False,7.0,-1.5766,-1.5766,0.0789,,stable_or_known,same rich family/formula/prototype/composition/chemical context,10.25,151,known_synthesized
same_family,JVASP-145157,Li7Mn2Co3O12,JVASP-144094,Li4Ti2Mn3Co3O16,Li4Ti2Mn3Co3O16,bulk,dft_3d,Co-Li-Mn-O-Ti,oxide,oxide,A2B3C3D4E16,unknown,unknown,0.35,False,True,True,Co;Li;Mn;O;Ti,4,1.0,False,True,True,1,,1,False,7.0,-2.09893,-2.09893,0.0471,,stable_or_known,same rich family/formula/prototype/composition/chemical context,10.25,152,known_synthesized
same_family,JVASP-145157,Li7Mn2Co3O12,JVASP-143120,Li5Mn2Co2P4O16,Li5Mn2Co2(PO4)4,bulk,dft_3d,Co-Li-Mn-O-P,oxide,oxide,AB2C2D4E5,unknown,unknown,0.35,False,True,True,Co;Li;Mn;O;P,4,1.0,False,True,True,1,,1,False,7.0,-2.08642,-2.08642,0.0,,stable_or_known,same rich family/formula/prototype/composition/chemical context,10.25,153,known_synthesized
same_family,JVASP-145157,Li7Mn2Co3O12,JVASP-147156,Li4MnCo3P4O16,Li4MnCo3(PO4)4,bulk,dft_3d,Co-Li-Mn-O-P,oxide,oxide,ABC3D4E4,unknown,unknown,0.35,False,True,True,Co;Li;Mn;O;P,4,1.0,False,True,True,6,,2,False,2.0,-2.04232,-2.04232,0.0,,stable_or_known,same rich family/formula/prototype/composition/chemical context,10.25,154,known_synthesized
same_family,JVASP-145157,Li7Mn2Co3O12,JVASP-50689,Li4Ti3Cu3Te2O16,Li4Ti3Cu3(TeO8)2,bulk,dft_3d,Cu-Li-O-Te-Ti,oxide,oxide,AB3C3D4E8,unknown,unknown,0.35,False,True,True,Cu;Li;O;Te;Ti,2,0.5,False,True,True,8,,2,True,0.0,-1.9421700000000002,-1.9421700000000002,0.0724,,stable_or_known,same rich family/formula/prototype/composition/chemical context,10.0,155,known_synthesized
same_family,JVASP-145157,Li7Mn2Co3O12,JVASP-42946,Li4Ti3V3Cr2O16,Li4Ti3V3Cr2O16,bulk,dft_3d,Cr-Li-O-Ti-V,oxide,oxide,A2B3C3D4E16,unknown,unknown,0.35,False,True,True,Cr;Li;O;Ti;V,2,0.5,False,True,True,8,,2,True,0.0,-2.6485600000000002,-2.6485600000000002,0.037700000000000004,,stable_or_known,same rich family/formula/prototype/composition/chemical context,10.0,156,known_synthesized
same_family,JVASP-145157,Li7Mn2Co3O12,JVASP-117251,LiV3O4,LiV3O4,bulk,dft_3d,Li-O-V,oxide,oxide,AB3C4,unknown,unknown,0.35,False,True,True,Li;O;V,2,0.5,False,True,True,8,,2,True,0.0,-2.23811,-2.23811,0.0596,,stable_or_known,same rich family/formula/prototype/composition/chemical context,10.0,157,known_synthesized
same_family,JVASP-145157,Li7Mn2Co3O12,JVASP-44568,LiCuO2,LiCuO2,bulk,dft_3d,Cu-Li-O,oxide,oxide,ABC2,unknown,unknown,0.35,False,True,True,Cu;Li;O,2,0.5,False,True,True,8,,2,True,0.0,-1.23526,-1.23526,0.0257,,stable_or_known,same rich family/formula/prototype/composition/chemical context,10.0,158,known_synthesized
same_family,JVASP-145157,Li7Mn2Co3O12,JVASP-100440,LiO8,LiO8,bulk,dft_3d,Li-O,oxide,oxide,AB8,unknown,unknown,0.35,False,True,True,Li;O,2,0.5,False,True,True,8,,2,True,0.0,-0.34588,-0.34588,0.0245,,stable_or_known,same rich family/formula/prototype/composition/chemical context,10.0,159,known_synthesized
same_family,JVASP-145157,Li7Mn2Co3O12,JVASP-119003,Li4Nb3Ni3Te2O16,Li4Nb3Ni3(TeO8)2,bulk,dft_3d,Li-Nb-Ni-O-Te,oxide,oxide,AB3C3D4E8,unknown,unknown,0.35,False,True,True,Li;Nb;Ni;O;Te,2,0.5,False,True,True,8,,2,True,0.0,-1.8785,-1.8785,0.0818,,stable_or_known,same rich family/formula/prototype/composition/chemical context,10.0,160,known_synthesized
same_family,JVASP-145157,Li7Mn2Co3O12,JVASP-145618,Li2TiV3O8,Li2TiV3O8,bulk,dft_3d,Li-O-Ti-V,oxide,oxide,AB2C3D8,unknown,unknown,0.35,False,True,True,Li;O;Ti;V,2,0.5,False,True,True,8,,2,True,0.0,-2.62688,-2.62688,0.058300000000000005,,stable_or_known,same rich family/formula/prototype/composition/chemical context,10.0,161,known_synthesized
same_family,JVASP-145157,Li7Mn2Co3O12,JVASP-144264,Li4V3Cr5O16,Li4V3Cr5O16,bulk,dft_3d,Cr-Li-O-V,oxide,oxide,A3B4C5D16,unknown,unknown,0.35,False,True,True,Cr;Li;O;V,2,0.5,False,True,True,8,,2,True,0.0,-2.3398,-2.3398,0.016300000000000002,,stable_or_known,same rich family/formula/prototype/composition/chemical context,10.0,162,known_synthesized
same_family,JVASP-145157,Li7Mn2Co3O12,JVASP-104543,LiTiV2O6,LiTiV2O6,bulk,dft_3d,Li-O-Ti-V,oxide,oxide,ABC2D6,unknown,unknown,0.35,False,True,True,Li;O;Ti;V,2,0.5,False,True,True,8,,2,True,0.0,-2.6662500000000002,-2.6662500000000002,0.0907,,stable_or_known,same rich family/formula/prototype/composition/chemical context,10.0,163,known_synthesized
same_family,JVASP-145157,Li7Mn2Co3O12,JVASP-48505,Mn3OF5,Mn3OF5,bulk,dft_3d,F-Mn-O,oxide,oxide,AB3C5,unknown,unknown,0.35,False,True,True,F;Mn;O,2,0.5,False,True,True,8,,2,True,0.0,-2.29588,-2.29588,0.0,,stable_or_known,same rich family/formula/prototype/composition/chemical context,10.0,164,known_synthesized
same_family,JVASP-145157,Li7Mn2Co3O12,JVASP-133692,Li7Fe3W2O16,Li7Fe3(WO8)2,bulk,dft_3d,Fe-Li-O-W,oxide,oxide,AB3C7D8,unknown,unknown,0.35,False,True,True,Fe;Li;O;W,2,0.5,False,True,True,8,,2,True,0.0,-1.99407,-1.99407,0.0843,,stable_or_known,same rich family/formula/prototype/composition/chemical context,10.0,165,known_synthesized
same_family,JVASP-145157,Li7Mn2Co3O12,JVASP-111974,Li5VO4F,Li5VO4F,bulk,dft_3d,F-Li-O-V,oxide,oxide,ABC4D5,unknown,unknown,0.35,False,True,True,F;Li;O;V,2,0.5,False,True,True,8,,2,True,0.0,-2.44579,-2.44579,0.08990000000000001,,stable_or_known,same rich family/formula/prototype/composition/chemical context,10.0,166,known_synthesized
same_family,JVASP-145157,Li7Mn2Co3O12,JVASP-121741,Li4Ti3Fe3Sn2O16,Li4Ti3Fe3(SnO8)2,bulk,dft_3d,Fe-Li-O-Sn-Ti,oxide,oxide,AB3C3D4E8,unknown,unknown,0.35,False,True,True,Fe;Li;O;Sn;Ti,2,0.5,False,True,True,8,,2,True,0.0,-2.25033,-2.25033,0.058600000000000006,,stable_or_known,same rich family/formula/prototype/composition/chemical context,10.0,167,known_synthesized
same_family,JVASP-145157,Li7Mn2Co3O12,JVASP-46727,Mn5O3F5,Mn5O3F5,bulk,dft_3d,F-Mn-O,oxide,oxide,A3B5C5,unknown,unknown,0.35,False,True,True,F;Mn;O,2,0.5,False,True,True,8,,2,True,0.0,-1.9741600000000001,-1.9741600000000001,0.0,,stable_or_known,same rich family/formula/prototype/composition/chemical context,10.0,168,known_synthesized
same_family,JVASP-145157,Li7Mn2Co3O12,JVASP-34224,Li4CO4,Li4CO4,bulk,dft_3d,C-Li-O,oxide,oxide,AB4C4,unknown,unknown,0.35,False,True,True,C;Li;O,2,0.5,False,True,True,8,,2,True,0.0,-1.85006,-1.85006,0.19820000000000002,True,stable_or_known,same rich family/formula/prototype/composition/chemical context,10.0,169,
same_family,JVASP-145157,Li7Mn2Co3O12,JVASP-146565,Li2VO2F,Li2VO2F,bulk,dft_3d,F-Li-O-V,oxide,oxide,ABC2D2,unknown,unknown,0.35,False,True,True,F;Li;O;V,2,0.5,False,True,True,8,,2,True,0.0,-2.64123,-2.64123,0.0926,,stable_or_known,same rich family/formula/prototype/composition/chemical context,10.0,170,known_synthesized
same_family,JVASP-145157,Li7Mn2Co3O12,JVASP-141971,Mn2VPO7,Mn2VPO7,bulk,dft_3d,Mn-O-P-V,oxide,oxide,ABC2D7,unknown,unknown,0.35,False,True,True,Mn;O;P;V,2,0.5,False,True,True,8,,2,True,0.0,-2.15107,-2.15107,0.0,,stable_or_known,same rich family/formula/prototype/composition/chemical context,10.0,171,known_synthesized
same_family,JVASP-145157,Li7Mn2Co3O12,JVASP-121739,MnV3O8,MnV3O8,bulk,dft_3d,Mn-O-V,oxide,oxide,AB3C8,unknown,unknown,0.35,False,True,True,Mn;O;V,2,0.5,False,True,True,8,,2,True,0.0,-2.35316,-2.35316,0.0358,,stable_or_known,same rich family/formula/prototype/composition/chemical context,10.0,172,known_synthesized
same_family,JVASP-145157,Li7Mn2Co3O12,JVASP-49976,LiTi3O6,LiTi3O6,bulk,dft_3d,Li-O-Ti,oxide,oxide,AB3C6,unknown,unknown,0.35,False,True,True,Li;O;Ti,2,0.5,False,True,True,8,,2,True,0.0,-3.10799,-3.10799,0.0196,,stable_or_known,same rich family/formula/prototype/composition/chemical context,10.0,173,known_synthesized
same_family,JVASP-145157,Li7Mn2Co3O12,JVASP-43844,Li4Ti3V5O16,Li4Ti3V5O16,bulk,dft_3d,Li-O-Ti-V,oxide,oxide,A3B4C5D16,unknown,unknown,0.35,False,True,True,Li;O;Ti;V,2,0.5,False,True,True,8,,2,True,0.0,-2.71502,-2.71502,0.0427,,stable_or_known,same rich family/formula/prototype/composition/chemical context,10.0,174,known_synthesized
same_family,JVASP-145157,Li7Mn2Co3O12,JVASP-146096,Li5TiV3O8,Li5TiV3O8,bulk,dft_3d,Li-O-Ti-V,oxide,oxide,AB3C5D8,unknown,unknown,0.35,False,True,True,Li;O;Ti;V,2,0.5,False,True,True,8,,2,True,0.0,-2.43305,-2.43305,0.0813,,stable_or_known,same rich family/formula/prototype/composition/chemical context,10.0,175,known_synthesized
same_family,JVASP-145157,Li7Mn2Co3O12,JVASP-116820,Li2VOF3,Li2VOF3,bulk,dft_3d,F-Li-O-V,oxide,oxide,ABC2D3,unknown,unknown,0.35,False,True,True,F;Li;O;V,2,0.5,False,True,True,8,,2,True,0.0,-2.90045,-2.90045,0.097,,stable_or_known,same rich family/formula/prototype/composition/chemical context,10.0,176,known_synthesized
same_family,JVASP-145157,Li7Mn2Co3O12,JVASP-29816,CoH2O2,Co(HO)2,bulk,dft_3d,Co-H-O,oxide,oxide,ABC,unknown,unknown,0.35,False,True,True,Co;H;O,2,0.5,False,True,True,8,,2,True,0.0,-0.74799,-0.74799,0.2619,True,stable_or_known,same rich family/formula/prototype/composition/chemical context,10.0,177,
same_family,JVASP-145157,Li7Mn2Co3O12,JVASP-141143,Ca3Co2Si4O14,Ca3Co2(Si2O7)2,bulk,dft_3d,Ca-Co-O-Si,oxide,oxide,A2B2C3D7,unknown,unknown,0.35,False,True,True,Ca;Co;O;Si,2,0.5,False,True,True,8,,2,True,0.0,-2.60139,-2.60139,0.0913,,stable_or_known,same rich family/formula/prototype/composition/chemical context,10.0,178,known_synthesized
same_family,JVASP-145157,Li7Mn2Co3O12,JVASP-41331,Li4Ti3Fe3Sb2O16,Li4Ti3Fe3(SbO8)2,bulk,dft_3d,Fe-Li-O-Sb-Ti,oxide,oxide,AB3C3D4E8,unknown,unknown,0.35,False,True,True,Fe;Li;O;Sb;Ti,2,0.5,False,True,True,8,,2,True,0.0,-2.1896,-2.1896,0.0692,,stable_or_known,same rich family/formula/prototype/composition/chemical context,10.0,179,known_synthesized
same_family,JVASP-145157,Li7Mn2Co3O12,JVASP-8644,LiNiO2,LiNiO2,bulk,dft_3d,Li-Ni-O,oxide,oxide,ABC2,unknown,unknown,0.35,False,True,True,Li;Ni;O,2,0.5,False,True,True,8,,2,True,0.0,-1.4093900000000001,-1.4093900000000001,0.0708,,stable_or_known,same rich family/formula/prototype/composition/chemical context,10.0,180,known_synthesized
same_family,JVASP-145157,Li7Mn2Co3O12,JVASP-144074,Li4Nb2V3Cu3O16,Li4Nb2V3Cu3O16,bulk,dft_3d,Cu-Li-Nb-O-V,oxide,oxide,A2B3C3D4E16,unknown,unknown,0.35,False,True,True,Cu;Li;Nb;O;V,2,0.5,False,True,True,8,,2,True,0.0,-2.16659,-2.16659,0.0983,,stable_or_known,same rich family/formula/prototype/composition/chemical context,10.0,181,known_synthesized
same_family,JVASP-145157,Li7Mn2Co3O12,JVASP-142163,MnOF,MnOF,bulk,dft_3d,F-Mn-O,oxide,oxide,ABC,unknown,unknown,0.35,False,True,True,F;Mn;O,2,0.5,False,True,True,8,,2,True,0.0,-2.10903,-2.10903,0.0,,stable_or_known,same rich family/formula/prototype/composition/chemical context,10.0,182,known_synthesized
same_family,JVASP-145157,Li7Mn2Co3O12,JVASP-43973,Mn6O5F7,Mn6O5F7,bulk,dft_3d,F-Mn-O,oxide,oxide,A5B6C7,unknown,unknown,0.35,False,True,True,F;Mn;O,2,0.5,False,True,True,8,,2,True,0.0,-2.12286,-2.12286,0.0,,stable_or_known,same rich family/formula/prototype/composition/chemical context,10.0,183,known_synthesized
same_family,JVASP-145157,Li7Mn2Co3O12,JVASP-79451,MnHO2,MnHO2,bulk,dft_3d,H-Mn-O,oxide,oxide,ABC2,unknown,unknown,0.35,False,True,True,H;Mn;O,2,0.5,False,True,True,8,,2,True,0.0,-1.44358,-1.44358,0.039400000000000004,,stable_or_known,same rich family/formula/prototype/composition/chemical context,10.0,184,known_synthesized
same_family,JVASP-145157,Li7Mn2Co3O12,JVASP-146567,Mn3OF5,Mn3OF5,bulk,dft_3d,F-Mn-O,oxide,oxide,AB3C5,unknown,unknown,0.35,False,True,True,F;Mn;O,2,0.5,False,True,True,8,,2,True,0.0,-2.3075200000000002,-2.3075200000000002,0.0,,stable_or_known,same rich family/formula/prototype/composition/chemical context,10.0,185,known_synthesized
same_family,JVASP-145157,Li7Mn2Co3O12,JVASP-120596,Li4Nb2Ni3Sn3O16,Li4Nb2Ni3Sn3O16,bulk,dft_3d,Li-Nb-Ni-O-Sn,oxide,oxide,A2B3C3D4E16,unknown,unknown,0.35,False,True,True,Li;Nb;Ni;O;Sn,2,0.5,False,True,True,8,,2,True,0.0,-1.9265800000000002,-1.9265800000000002,0.0434,,stable_or_known,same rich family/formula/prototype/composition/chemical context,10.0,186,known_synthesized
same_family,JVASP-145157,Li7Mn2Co3O12,JVASP-143975,Li3V2OF7,Li3V2OF7,bulk,dft_3d,F-Li-O-V,oxide,oxide,AB2C3D7,unknown,unknown,0.35,False,True,True,F;Li;O;V,2,0.5,False,True,True,8,,2,True,0.0,-2.96921,-2.96921,0.0702,,stable_or_known,same rich family/formula/prototype/composition/chemical context,10.0,187,known_synthesized
same_family,JVASP-145157,Li7Mn2Co3O12,JVASP-133696,Li4Ti3V3Cr2O16,Li4Ti3V3Cr2O16,bulk,dft_3d,Cr-Li-O-Ti-V,oxide,oxide,A2B3C3D4E16,unknown,unknown,0.35,False,True,True,Cr;Li;O;Ti;V,2,0.5,False,True,True,8,,2,True,0.0,-2.64847,-2.64847,0.0378,,stable_or_known,same rich family/formula/prototype/composition/chemical context,10.0,188,known_synthesized
same_family,JVASP-145157,Li7Mn2Co3O12,JVASP-43767,Li4Ti5Cr3O16,Li4Ti5Cr3O16,bulk,dft_3d,Cr-Li-O-Ti,oxide,oxide,A3B4C5D16,unknown,unknown,0.35,False,True,True,Cr;Li;O;Ti,2,0.5,False,True,True,8,,2,True,0.0,-2.77257,-2.77257,0.01,,stable_or_known,same rich family/formula/prototype/composition/chemical context,10.0,189,known_synthesized
same_family,JVASP-145157,Li7Mn2Co3O12,JVASP-142570,Li2FeP2O8,Li2Fe(PO4)2,bulk,dft_3d,Fe-Li-O-P,oxide,oxide,ABC2D4,unknown,unknown,0.35,False,True,True,Fe;Li;O;P,2,0.5,False,True,True,8,,2,True,0.0,-2.10663,-2.10663,0.0468,,stable_or_known,same rich family/formula/prototype/composition/chemical context,10.0,190,known_synthesized
same_family,JVASP-145157,Li7Mn2Co3O12,JVASP-9232,ZnCo4O8,Zn(CoO2)4,bulk,dft_3d,Co-O-Zn,oxide,oxide,ABC2,unknown,unknown,0.35,False,True,True,Co;O;Zn,2,0.5,False,True,True,8,,2,True,0.0,-1.15931,-1.15931,0.0799,,stable_or_known,same rich family/formula/prototype/composition/chemical context,10.0,191,known_synthesized
same_family,JVASP-145157,Li7Mn2Co3O12,JVASP-9471,ZnCo4O8,Zn(CoO2)4,bulk,dft_3d,Co-O-Zn,oxide,oxide,ABC2,unknown,unknown,0.35,False,True,True,Co;O;Zn,2,0.5,False,True,True,8,,2,True,0.0,-1.15937,-1.15937,0.0799,,stable_or_known,same rich family/formula/prototype/composition/chemical context,10.0,192,known_synthesized
same_family,JVASP-145157,Li7Mn2Co3O12,JVASP-145664,Mn6O5F7,Mn6O5F7,bulk,dft_3d,F-Mn-O,oxide,oxide,A5B6C7,unknown,unknown,0.35,False,True,True,F;Mn;O,2,0.5,False,True,True,8,,2,True,0.0,-2.1340500000000002,-2.1340500000000002,0.0,,stable_or_known,same rich family/formula/prototype/composition/chemical context,10.0,193,known_synthesized
same_family,JVASP-145157,Li7Mn2Co3O12,JVASP-43156,Li4Cr3Sn3Sb2O16,Li4Cr3Sn3(SbO8)2,bulk,dft_3d,Cr-Li-O-Sb-Sn,oxide,oxide,AB3C3D4E8,unknown,unknown,0.35,False,True,True,Cr;Li;O;Sb;Sn,2,0.5,False,True,True,8,,2,True,0.0,-1.89893,-1.89893,0.06520000000000001,,stable_or_known,same rich family/formula/prototype/composition/chemical context,10.0,194,known_synthesized
same_family,JVASP-145157,Li7Mn2Co3O12,JVASP-144421,Mn6O11F,Mn6O11F,bulk,dft_3d,F-Mn-O,oxide,oxide,AB6C11,unknown,unknown,0.35,False,True,True,F;Mn;O,2,0.5,False,True,True,8,,2,True,0.0,-1.8596300000000001,-1.8596300000000001,0.0,,stable_or_known,same rich family/formula/prototype/composition/chemical context,10.0,195,known_synthesized
same_family,JVASP-145157,Li7Mn2Co3O12,JVASP-142624,V3CoO8,V3CoO8,bulk,dft_3d,Co-O-V,oxide,oxide,AB3C8,unknown,unknown,0.35,False,True,True,Co;O;V,2,0.5,False,True,True,8,,2,True,0.0,-2.21284,-2.21284,0.0143,,stable_or_known,same rich family/formula/prototype/composition/chemical context,10.0,196,known_synthesized
same_family,JVASP-145157,Li7Mn2Co3O12,JVASP-42619,Co6O7F5,Co6O7F5,bulk,dft_3d,Co-F-O,oxide,oxide,A5B6C7,unknown,unknown,0.35,False,True,True,Co;F;O,2,0.5,False,True,True,8,,2,True,0.0,-1.39067,-1.39067,0.026600000000000002,,stable_or_known,same rich family/formula/prototype/composition/chemical context,10.0,197,known_synthesized
same_family,JVASP-145157,Li7Mn2Co3O12,JVASP-43897,Mn6O7F5,Mn6O7F5,bulk,dft_3d,F-Mn-O,oxide,oxide,A5B6C7,unknown,unknown,0.35,False,True,True,F;Mn;O,2,0.5,False,True,True,8,,2,True,0.0,-2.046,-2.046,0.0,,stable_or_known,same rich family/formula/prototype/composition/chemical context,10.0,198,known_synthesized
same_family,JVASP-145157,Li7Mn2Co3O12,JVASP-121935,Li3V3O5F3,Li3V3O5F3,bulk,dft_3d,F-Li-O-V,oxide,oxide,A3B3C3D5,unknown,unknown,0.35,False,True,True,F;Li;O;V,2,0.5,False,True,True,8,,2,True,0.0,-2.71744,-2.71744,0.09620000000000001,,stable_or_known,same rich family/formula/prototype/composition/chemical context,10.0,199,known_synthesized
same_family,JVASP-145157,Li7Mn2Co3O12,JVASP-42309,Co3O4F2,Co3(O2F)2,bulk,dft_3d,Co-F-O,oxide,oxide,AB2C3,unknown,unknown,0.35,False,True,True,Co;F;O,2,0.5,False,True,True,8,,2,True,0.0,-1.34351,-1.34351,0.0155,,stable_or_known,same rich family/formula/prototype/composition/chemical context,10.0,200,known_synthesized
same_family,JVASP-145157,Li7Mn2Co3O12,JVASP-144008,Mn6O7F5,Mn6O7F5,bulk,dft_3d,F-Mn-O,oxide,oxide,A5B6C7,unknown,unknown,0.35,False,True,True,F;Mn;O,2,0.5,False,True,True,8,,2,True,0.0,-2.06027,-2.06027,0.0,,stable_or_known,same rich family/formula/prototype/composition/chemical context,10.0,201,known_synthesized
same_family,JVASP-145157,Li7Mn2Co3O12,JVASP-141852,Li4Nb3Cr5O16,Li4Nb3Cr5O16,bulk,dft_3d,Cr-Li-Nb-O,oxide,oxide,A3B4C5D16,unknown,unknown,0.35,False,True,True,Cr;Li;Nb;O,2,0.5,False,True,True,8,,2,True,0.0,-2.34333,-2.34333,0.0656,,stable_or_known,same rich family/formula/prototype/composition/chemical context,10.0,202,known_synthesized
same_family,JVASP-145157,Li7Mn2Co3O12,JVASP-146607,CrCo5O12,CrCo5O12,bulk,dft_3d,Co-Cr-O,oxide,oxide,AB5C12,unknown,unknown,0.35,False,True,True,Co;Cr;O,2,0.5,False,True,True,8,,2,True,0.0,-1.1548100000000001,-1.1548100000000001,0.08610000000000001,,stable_or_known,same rich family/formula/prototype/composition/chemical context,10.0,203,known_synthesized
same_family,JVASP-145157,Li7Mn2Co3O12,JVASP-144045,Li4Cu3Ni3Te2O16,Li4Cu3Ni3(TeO8)2,bulk,dft_3d,Cu-Li-Ni-O-Te,oxide,oxide,AB3C3D4E8,unknown,unknown,0.35,False,True,True,Cu;Li;Ni;O;Te,2,0.5,False,True,True,8,,2,True,0.0,-1.24333,-1.24333,0.031200000000000002,,stable_or_known,same rich family/formula/prototype/composition/chemical context,10.0,204,known_synthesized
same_family,JVASP-145157,Li7Mn2Co3O12,JVASP-142886,Li4Ti2V3Cr3O16,Li4Ti2V3Cr3O16,bulk,dft_3d,Cr-Li-O-Ti-V,oxide,oxide,A2B3C3D4E16,unknown,unknown,0.35,False,True,True,Cr;Li;O;Ti;V,2,0.5,False,True,True,8,,2,True,0.0,-2.5661300000000002,-2.5661300000000002,0.0111,,stable_or_known,same rich family/formula/prototype/composition/chemical context,10.0,205,known_synthesized
same_family,JVASP-145157,Li7Mn2Co3O12,JVASP-85382,Li4CO4,Li4CO4,bulk,dft_3d,C-Li-O,oxide,oxide,AB4C4,unknown,unknown,0.35,False,True,True,C;Li;O,2,0.5,False,True,True,8,,2,True,0.0,-1.86582,-1.86582,0.1825,True,stable_or_known,same rich family/formula/prototype/composition/chemical context,10.0,206,
same_family,JVASP-145157,Li7Mn2Co3O12,JVASP-46701,Li4V3Ni3Sb2O16,Li4V3Ni3(SbO8)2,bulk,dft_3d,Li-Ni-O-Sb-V,oxide,oxide,AB3C3D4E8,unknown,unknown,0.35,False,True,True,Li;Ni;O;Sb;V,2,0.5,False,True,True,8,,2,True,0.0,-1.89076,-1.89076,0.074,,stable_or_known,same rich family/formula/prototype/composition/chemical context,10.0,207,known_synthesized
same_family,JVASP-145157,Li7Mn2Co3O12,JVASP-42756,Li4Ti3Fe3Ni2O16,Li4Ti3Fe3(NiO8)2,bulk,dft_3d,Fe-Li-Ni-O-Ti,oxide,oxide,AB3C3D4E8,unknown,unknown,0.35,False,True,True,Fe;Li;Ni;O;Ti,2,0.5,False,True,True,8,,2,True,0.0,-2.10115,-2.10115,0.0775,,stable_or_known,same rich family/formula/prototype/composition/chemical context,10.0,208,known_synthesized
same_family,JVASP-145157,Li7Mn2Co3O12,JVASP-146122,Li4Ti3Fe3Ni2O16,Li4Ti3Fe3(NiO8)2,bulk,dft_3d,Fe-Li-Ni-O-Ti,oxide,oxide,AB3C3D4E8,unknown,unknown,0.35,False,True,True,Fe;Li;Ni;O;Ti,2,0.5,False,True,True,8,,2,True,0.0,-2.11843,-2.11843,0.060200000000000004,,stable_or_known,same rich family/formula/prototype/composition/chemical context,10.0,209,known_synthesized
same_family,JVASP-145157,Li7Mn2Co3O12,JVASP-44783,Li4Ti2V3Cr3O16,Li4Ti2V3Cr3O16,bulk,dft_3d,Cr-Li-O-Ti-V,oxide,oxide,A2B3C3D4E16,unknown,unknown,0.35,False,True,True,Cr;Li;O;Ti;V,2,0.5,False,True,True,8,,2,True,0.0,-2.55123,-2.55123,0.026000000000000002,,stable_or_known,same rich family/formula/prototype/composition/chemical context,10.0,210,known_synthesized
same_family,JVASP-145157,Li7Mn2Co3O12,JVASP-106786,Li3Cu2O4,Li3(CuO2)2,bulk,dft_3d,Cu-Li-O,oxide,oxide,AB2C3,unknown,unknown,0.35,False,True,True,Cu;Li;O,2,0.5,False,True,True,8,,2,True,0.0,-1.46849,-1.46849,0.0,,stable_or_known,same rich family/formula/prototype/composition/chemical context,10.0,211,known_synthesized
same_family,JVASP-145157,Li7Mn2Co3O12,JVASP-117319,Li4V3Cr3Fe2O16,Li4V3Cr3(FeO8)2,bulk,dft_3d,Cr-Fe-Li-O-V,oxide,oxide,AB3C3D4E8,unknown,unknown,0.35,False,True,True,Cr;Fe;Li;O;V,2,0.5,False,True,True,8,,2,True,0.0,-2.18207,-2.18207,0.0661,,stable_or_known,same rich family/formula/prototype/composition/chemical context,10.0,212,known_synthesized
same_family,JVASP-145157,Li7Mn2Co3O12,JVASP-118620,LiO,Li2O2,bulk,dft_3d,Li-O,oxide,oxide,AB,unknown,unknown,0.35,False,True,True,Li;O,2,0.5,False,True,True,8,,2,True,0.0,-1.62541,-1.62541,0.0,,stable_or_known,same rich family/formula/prototype/composition/chemical context,10.0,213,known_synthesized
same_family,JVASP-145157,Li7Mn2Co3O12,JVASP-145974,Co3Ni3Te2O16,Co3Ni3(TeO8)2,bulk,dft_3d,Co-Ni-O-Te,oxide,oxide,AB3C3D8,unknown,unknown,0.35,False,True,True,Co;Ni;O;Te,2,0.5,False,True,True,8,,2,True,0.0,-0.9919500000000001,-0.9919500000000001,0.0017000000000000001,,stable_or_known,same rich family/formula/prototype/composition/chemical context,10.0,214,known_synthesized
same_family,JVASP-145157,Li7Mn2Co3O12,JVASP-50177,Li2NbOF5,Li2NbOF5,bulk,dft_3d,F-Li-Nb-O,oxide,oxide,ABC2D5,unknown,unknown,0.35,False,True,True,F;Li;Nb;O,2,0.5,False,True,True,8,,2,True,0.0,-3.1139,-3.1139,0.0,,stable_or_known,same rich family/formula/prototype/composition/chemical context,10.0,215,known_synthesized
same_family,JVASP-145157,Li7Mn2Co3O12,JVASP-42614,Mn3O5F,Mn3O5F,bulk,dft_3d,F-Mn-O,oxide,oxide,AB3C5,unknown,unknown,0.35,False,True,True,F;Mn;O,2,0.5,False,True,True,8,,2,True,0.0,-1.91388,-1.91388,0.0,,stable_or_known,same rich family/formula/prototype/composition/chemical context,10.0,216,known_synthesized
same_family,JVASP-145157,Li7Mn2Co3O12,JVASP-121696,Li2MoP2O8,Li2Mo(PO4)2,bulk,dft_3d,Li-Mo-O-P,oxide,oxide,ABC2D4,unknown,unknown,0.35,False,True,True,Li;Mo;O;P,2,0.5,False,True,True,8,,2,True,0.0,-2.24999,-2.24999,0.0629,,stable_or_known,same rich family/formula/prototype/composition/chemical context,10.0,217,known_synthesized
same_family,JVASP-145157,Li7Mn2Co3O12,JVASP-142616,Li4Ti3V3Sn2O16,Li4Ti3V3(SnO8)2,bulk,dft_3d,Li-O-Sn-Ti-V,oxide,oxide,AB3C3D4E8,unknown,unknown,0.35,False,True,True,Li;O;Sn;Ti;V,2,0.5,False,True,True,8,,2,True,0.0,-2.56623,-2.56623,0.055200000000000006,,stable_or_known,same rich family/formula/prototype/composition/chemical context,10.0,218,known_synthesized
same_family,JVASP-145157,Li7Mn2Co3O12,JVASP-141629,Li3Fe8O3F13,Li3Fe8O3F13,bulk,dft_3d,F-Fe-Li-O,oxide,oxide,A3B3C8D13,unknown,unknown,0.35,False,True,True,F;Fe;Li;O,2,0.5,False,True,True,8,,2,True,0.0,-2.04127,-2.04127,0.0743,,stable_or_known,same rich family/formula/prototype/composition/chemical context,10.0,219,known_synthesized
same_family,JVASP-145157,Li7Mn2Co3O12,JVASP-145651,Fe3Co5O16,Fe3Co5O16,bulk,dft_3d,Co-Fe-O,oxide,oxide,A3B5C16,unknown,unknown,0.35,False,True,True,Co;Fe;O,2,0.5,False,True,True,8,,2,True,0.0,-1.16661,-1.16661,0.0402,,stable_or_known,same rich family/formula/prototype/composition/chemical context,10.0,220,known_synthesized
same_family,JVASP-145157,Li7Mn2Co3O12,JVASP-43809,Li4Ti5Fe3O16,Li4Ti5Fe3O16,bulk,dft_3d,Fe-Li-O-Ti,oxide,oxide,A3B4C5D16,unknown,unknown,0.35,False,True,True,Fe;Li;O;Ti,2,0.5,False,True,True,8,,2,True,0.0,-2.57651,-2.57651,0.046900000000000004,,stable_or_known,same rich family/formula/prototype/composition/chemical context,10.0,221,known_synthesized
same_family,JVASP-145157,Li7Mn2Co3O12,JVASP-119752,Co3O4F2,Co3(O2F)2,bulk,dft_3d,Co-F-O,oxide,oxide,AB2C3,unknown,unknown,0.35,False,True,True,Co;F;O,2,0.5,False,True,True,8,,2,True,0.0,-1.35649,-1.35649,0.0025,,stable_or_known,same rich family/formula/prototype/composition/chemical context,10.0,222,known_synthesized
same_family,JVASP-145157,Li7Mn2Co3O12,JVASP-132903,Li4Ti3Nb2Cr3O16,Li4Ti3Nb2Cr3O16,bulk,dft_3d,Cr-Li-Nb-O-Ti,oxide,oxide,A2B3C3D4E16,unknown,unknown,0.35,False,True,True,Cr;Li;Nb;O;Ti,2,0.5,False,True,True,8,,2,True,0.0,-2.6252400000000002,-2.6252400000000002,0.0454,,stable_or_known,same rich family/formula/prototype/composition/chemical context,10.0,223,known_synthesized
same_family,JVASP-145157,Li7Mn2Co3O12,JVASP-48125,LiV3O8,LiV3O8,bulk,dft_3d,Li-O-V,oxide,oxide,AB3C8,unknown,unknown,0.35,False,True,True,Li;O;V,2,0.5,False,True,True,8,,2,True,0.0,-2.38543,-2.38543,0.0519,,stable_or_known,same rich family/formula/prototype/composition/chemical context,10.0,224,known_synthesized
same_family,JVASP-145157,Li7Mn2Co3O12,JVASP-146742,Li4V2Ni3Sb3O16,Li4V2Ni3Sb3O16,bulk,dft_3d,Li-Ni-O-Sb-V,oxide,oxide,A2B3C3D4E16,unknown,unknown,0.35,False,True,True,Li;Ni;O;Sb;V,2,0.5,False,True,True,8,,2,True,0.0,-1.74296,-1.74296,0.0983,,stable_or_known,same rich family/formula/prototype/composition/chemical context,10.0,225,known_synthesized
same_family,JVASP-145157,Li7Mn2Co3O12,JVASP-137754,Li3Ni3O3F5,Li3Ni3O3F5,bulk,dft_3d,F-Li-Ni-O,oxide,oxide,A3B3C3D5,unknown,unknown,0.35,False,True,True,F;Li;Ni;O,2,0.5,False,True,True,8,,2,True,0.0,-1.97363,-1.97363,0.07540000000000001,,stable_or_known,same rich family/formula/prototype/composition/chemical context,10.0,226,known_synthesized
same_family,JVASP-145157,Li7Mn2Co3O12,JVASP-145666,Mn6O7F5,Mn6O7F5,bulk,dft_3d,F-Mn-O,oxide,oxide,A5B6C7,unknown,unknown,0.35,False,True,True,F;Mn;O,2,0.5,False,True,True,8,,2,True,0.0,-2.05394,-2.05394,0.0,,stable_or_known,same rich family/formula/prototype/composition/chemical context,10.0,227,known_synthesized
same_family,JVASP-145157,Li7Mn2Co3O12,JVASP-61048,Co3BPO7,Co3BPO7,bulk,dft_3d,B-Co-O-P,oxide,oxide,ABC3D7,unknown,unknown,0.35,False,True,True,B;Co;O;P,2,0.5,False,True,True,8,,2,True,0.0,-1.58281,-1.58281,0.099,,stable_or_known,same rich family/formula/prototype/composition/chemical context,10.0,228,known_synthesized
same_family,JVASP-145157,Li7Mn2Co3O12,JVASP-44605,Mn5Fe3O16,Mn5Fe3O16,bulk,dft_3d,Fe-Mn-O,oxide,oxide,A3B5C16,unknown,unknown,0.35,False,True,True,Fe;Mn;O,2,0.5,False,True,True,8,,2,True,0.0,-1.5969,-1.5969,0.0,,stable_or_known,same rich family/formula/prototype/composition/chemical context,10.0,229,known_synthesized
same_family,JVASP-145157,Li7Mn2Co3O12,JVASP-141858,Ti5Mn3O16,Ti5Mn3O16,bulk,dft_3d,Mn-O-Ti,oxide,oxide,A3B5C16,unknown,unknown,0.35,False,True,True,Mn;O;Ti,2,0.5,False,True,True,8,,2,True,0.0,-2.6221200000000002,-2.6221200000000002,0.0942,,stable_or_known,same rich family/formula/prototype/composition/chemical context,10.0,230,known_synthesized
same_family,JVASP-145157,Li7Mn2Co3O12,JVASP-139982,Co6O7F5,Co6O7F5,bulk,dft_3d,Co-F-O,oxide,oxide,A5B6C7,unknown,unknown,0.35,False,True,True,Co;F;O,2,0.5,False,True,True,8,,2,True,0.0,-1.39084,-1.39084,0.026500000000000003,,stable_or_known,same rich family/formula/prototype/composition/chemical context,10.0,231,known_synthesized
same_family,JVASP-145157,Li7Mn2Co3O12,JVASP-45788,LiVP2O8,LiV(PO4)2,bulk,dft_3d,Li-O-P-V,oxide,oxide,ABCD4,unknown,unknown,0.35,False,True,True,Li;O;P;V,2,0.5,False,True,True,8,,2,True,0.0,-2.28735,-2.28735,0.0,,stable_or_known,same rich family/formula/prototype/composition/chemical context,10.0,232,known_synthesized
same_family,JVASP-145157,Li7Mn2Co3O12,JVASP-34220,Li4CO4,Li4CO4,bulk,dft_3d,C-Li-O,oxide,oxide,AB4C4,unknown,unknown,0.35,False,True,True,C;Li;O,2,0.5,False,True,True,8,,2,True,0.0,-1.78136,-1.78136,0.2669,True,stable_or_known,same rich family/formula/prototype/composition/chemical context,10.0,233,
same_family,JVASP-145157,Li7Mn2Co3O12,JVASP-145610,Mn6OF11,Mn6OF11,bulk,dft_3d,F-Mn-O,oxide,oxide,AB6C11,unknown,unknown,0.35,False,True,True,F;Mn;O,2,0.5,False,True,True,8,,2,True,0.0,-2.362,-2.362,0.0,,stable_or_known,same rich family/formula/prototype/composition/chemical context,10.0,234,known_synthesized
same_family,JVASP-145157,Li7Mn2Co3O12,JVASP-144788,Li4V2Ni3Sn3O16,Li4V2Ni3Sn3O16,bulk,dft_3d,Li-Ni-O-Sn-V,oxide,oxide,A2B3C3D4E16,unknown,unknown,0.35,False,True,True,Li;Ni;O;Sn;V,2,0.5,False,True,True,8,,2,True,0.0,-1.8323,-1.8323,0.0959,,stable_or_known,same rich family/formula/prototype/composition/chemical context,10.0,235,known_synthesized
same_family,JVASP-145157,Li7Mn2Co3O12,JVASP-46642,Li4V2Cr3Fe3O16,Li4V2Cr3Fe3O16,bulk,dft_3d,Cr-Fe-Li-O-V,oxide,oxide,A2B3C3D4E16,unknown,unknown,0.35,False,True,True,Cr;Fe;Li;O;V,2,0.5,False,True,True,8,,2,True,0.0,-2.0799,-2.0799,0.0594,,stable_or_known,same rich family/formula/prototype/composition/chemical context,10.0,236,known_synthesized
same_family,JVASP-145157,Li7Mn2Co3O12,JVASP-46714,LiFe2P2O8,LiFe2(PO4)2,bulk,dft_3d,Fe-Li-O-P,oxide,oxide,ABC2D4,unknown,unknown,0.35,False,True,True,Fe;Li;O;P,2,0.5,False,True,True,8,,2,True,0.0,-1.94069,-1.94069,0.06420000000000001,,stable_or_known,same rich family/formula/prototype/composition/chemical context,10.0,237,known_synthesized
same_family,JVASP-145157,Li7Mn2Co3O12,JVASP-119004,Li4Fe3Ni2Sb3O16,Li4Fe3Ni2Sb3O16,bulk,dft_3d,Fe-Li-Ni-O-Sb,oxide,oxide,A2B3C3D4E16,unknown,unknown,0.35,False,True,True,Fe;Li;Ni;O;Sb,2,0.5,False,True,True,8,,2,True,0.0,-1.5464900000000001,-1.5464900000000001,0.0818,,stable_or_known,same rich family/formula/prototype/composition/chemical context,10.0,238,known_synthesized
same_family,JVASP-145157,Li7Mn2Co3O12,JVASP-137240,Li4V5Cr3O16,Li4V5Cr3O16,bulk,dft_3d,Cr-Li-O-V,oxide,oxide,A3B4C5D16,unknown,unknown,0.35,False,True,True,Cr;Li;O;V,2,0.5,False,True,True,8,,2,True,0.0,-2.39377,-2.39377,0.0379,,stable_or_known,same rich family/formula/prototype/composition/chemical context,10.0,239,known_synthesized
same_family,JVASP-145157,Li7Mn2Co3O12,JVASP-141448,KMnSn3O8,KMnSn3O8,bulk,dft_3d,K-Mn-O-Sn,oxide,oxide,ABC3D8,unknown,unknown,0.35,False,True,True,K;Mn;O;Sn,2,0.5,False,True,True,8,,2,True,0.0,-1.8031700000000002,-1.8031700000000002,0.0091,,stable_or_known,same rich family/formula/prototype/composition/chemical context,10.0,240,known_synthesized
same_family,JVASP-145157,Li7Mn2Co3O12,JVASP-119753,Mn3O5F,Mn3O5F,bulk,dft_3d,F-Mn-O,oxide,oxide,AB3C5,unknown,unknown,0.35,False,True,True,F;Mn;O,2,0.5,False,True,True,8,,2,True,0.0,-1.9133,-1.9133,0.0,,stable_or_known,same rich family/formula/prototype/composition/chemical context,10.0,241,known_synthesized
same_family,JVASP-145157,Li7Mn2Co3O12,JVASP-42368,Mn6O11F,Mn6O11F,bulk,dft_3d,F-Mn-O,oxide,oxide,AB6C11,unknown,unknown,0.35,False,True,True,F;Mn;O,2,0.5,False,True,True,8,,2,True,0.0,-1.8708900000000002,-1.8708900000000002,0.0,,stable_or_known,same rich family/formula/prototype/composition/chemical context,10.0,242,known_synthesized
same_family,JVASP-145157,Li7Mn2Co3O12,JVASP-102734,KLiZn3O4,KLiZn3O4,bulk,dft_3d,K-Li-O-Zn,oxide,oxide,ABC3D4,unknown,unknown,0.35,False,True,True,K;Li;O;Zn,2,0.5,False,True,True,8,,2,True,0.0,-1.70331,-1.70331,0.0,,stable_or_known,same rich family/formula/prototype/composition/chemical context,10.0,243,known_synthesized
same_family,JVASP-145157,Li7Mn2Co3O12,JVASP-111959,Fe3Co3Sb2O16,Fe3Co3(SbO8)2,bulk,dft_3d,Co-Fe-O-Sb,oxide,oxide,AB3C3D8,unknown,unknown,0.35,False,True,True,Co;Fe;O;Sb,2,0.5,False,True,True,8,,2,True,0.0,-1.27035,-1.27035,0.0451,,stable_or_known,same rich family/formula/prototype/composition/chemical context,10.0,244,known_synthesized
same_family,JVASP-145157,Li7Mn2Co3O12,JVASP-116854,Li3La7Fe2O16,Li3La7(FeO8)2,bulk,dft_3d,Fe-La-Li-O,oxide,oxide,AB3C7D8,unknown,unknown,0.35,False,True,True,Fe;La;Li;O,2,0.5,False,True,True,8,,2,True,0.0,-3.01882,-3.01882,0.0105,,stable_or_known,same rich family/formula/prototype/composition/chemical context,10.0,245,known_synthesized
same_family,JVASP-145157,Li7Mn2Co3O12,JVASP-143938,Mn2V3NiO8,Mn2V3NiO8,bulk,dft_3d,Mn-Ni-O-V,oxide,oxide,AB2C3D8,unknown,unknown,0.35,False,True,True,Mn;Ni;O;V,2,0.5,False,True,True,8,,2,True,0.0,-1.99949,-1.99949,0.0873,,stable_or_known,same rich family/formula/prototype/composition/chemical context,10.0,246,known_synthesized
same_family,JVASP-145157,Li7Mn2Co3O12,JVASP-112348,Sr2NdSmMn4O12,Sr2NdSmMn4O12,bulk,dft_3d,Mn-Nd-O-Sm-Sr,oxide,oxide,ABC2D4E12,unknown,unknown,0.35,False,True,True,Mn;Nd;O;Sm;Sr,2,0.5,False,True,True,8,,2,True,0.0,-2.69622,-2.69622,0.0,,stable_or_known,same rich family/formula/prototype/composition/chemical context,10.0,247,known_synthesized
same_family,JVASP-145157,Li7Mn2Co3O12,JVASP-144037,Li4V3Ni3Sb2O16,Li4V3Ni3(SbO8)2,bulk,dft_3d,Li-Ni-O-Sb-V,oxide,oxide,AB3C3D4E8,unknown,unknown,0.35,False,True,True,Li;Ni;O;Sb;V,2,0.5,False,True,True,8,,2,True,0.0,-1.90605,-1.90605,0.0587,,stable_or_known,same rich family/formula/prototype/composition/chemical context,10.0,248,known_synthesized
same_family,JVASP-145157,Li7Mn2Co3O12,JVASP-44406,Li4V3Cr3W2O16,Li4V3Cr3(WO8)2,bulk,dft_3d,Cr-Li-O-V-W,oxide,oxide,AB3C3D4E8,unknown,unknown,0.35,False,True,True,Cr;Li;O;V;W,2,0.5,False,True,True,8,,2,True,0.0,-2.27624,-2.27624,0.0828,,stable_or_known,same rich family/formula/prototype/composition/chemical context,10.0,249,known_synthesized
same_family,JVASP-145157,Li7Mn2Co3O12,JVASP-79748,LiNiO2,LiNiO2,bulk,dft_3d,Li-Ni-O,oxide,oxide,ABC2,unknown,unknown,0.35,False,True,True,Li;Ni;O,2,0.5,False,True,True,8,,2,True,0.0,-1.4094200000000001,-1.4094200000000001,0.0707,,stable_or_known,same rich family/formula/prototype/composition/chemical context,10.0,250,known_synthesized
same_family,JVASP-145157,Li7Mn2Co3O12,JVASP-112360,Li2AlCr2SbO8,Li2AlCr2SbO8,bulk,dft_3d,Al-Cr-Li-O-Sb,oxide,oxide,ABC2D2E8,unknown,unknown,0.35,False,True,True,Al;Cr;Li;O;Sb,2,0.5,False,True,True,8,,2,True,0.0,-2.29944,-2.29944,0.0,,stable_or_known,same rich family/formula/prototype/composition/chemical context,10.0,251,known_synthesized
same_family,JVASP-145157,Li7Mn2Co3O12,JVASP-116128,LiHO,LiHO,bulk,dft_3d,H-Li-O,oxide,oxide,ABC,unknown,unknown,0.35,False,True,True,H;Li;O,2,0.5,False,True,True,8,,2,True,0.0,-1.56883,-1.56883,0.0976,,stable_or_known,same rich family/formula/prototype/composition/chemical context,10.0,252,known_synthesized
same_family,JVASP-145157,Li7Mn2Co3O12,JVASP-146949,Ti3Mn5O16,Ti3Mn5O16,bulk,dft_3d,Mn-O-Ti,oxide,oxide,A3B5C16,unknown,unknown,0.35,False,True,True,Mn;O;Ti,2,0.5,False,True,True,8,,2,True,0.0,-2.27474,-2.27474,0.077,,stable_or_known,same rich family/formula/prototype/composition/chemical context,10.0,253,known_synthesized
same_family,JVASP-145157,Li7Mn2Co3O12,JVASP-144258,LiCo5O3F5,LiCo5O3F5,bulk,dft_3d,Co-F-Li-O,oxide,oxide,AB3C5D5,unknown,unknown,0.35,False,True,True,Co;F;Li;O,3,0.75,False,True,True,8,,2,True,0.0,-1.49881,-1.49881,0.1472,,unknown_or_less_stable,same rich family/formula/prototype/composition/chemical context,10.0,254,known_synthesized
same_family,JVASP-145157,Li7Mn2Co3O12,JVASP-145635,Li4Mn3Nb2Sn3O16,Li4Mn3Nb2Sn3O16,bulk,dft_3d,Li-Mn-Nb-O-Sn,oxide,oxide,A2B3C3D4E16,unknown,unknown,0.35,False,True,True,Li;Mn;Nb;O;Sn,3,0.75,False,True,True,8,,2,True,0.0,-2.06838,-2.06838,0.1038,,unknown_or_less_stable,same rich family/formula/prototype/composition/chemical context,10.0,255,known_synthesized
same_family,JVASP-145157,Li7Mn2Co3O12,JVASP-142871,Li4Mn5Sb3O16,Li4Mn5Sb3O16,bulk,dft_3d,Li-Mn-O-Sb,oxide,oxide,A3B4C5D16,unknown,unknown,0.35,False,True,True,Li;Mn;O;Sb,3,0.75,False,True,True,8,,2,True,0.0,-1.76197,-1.76197,0.1484,,unknown_or_less_stable,same rich family/formula/prototype/composition/chemical context,10.0,256,known_synthesized
same_family,JVASP-145157,Li7Mn2Co3O12,JVASP-144226,Li6MnFe2O6,Li6Mn(FeO3)2,bulk,dft_3d,Fe-Li-Mn-O,oxide,oxide,ABC3D6,unknown,unknown,0.35,False,True,True,Fe;Li;Mn;O,3,0.75,False,True,True,8,,2,True,0.0,-1.71781,-1.71781,0.1817,,unknown_or_less_stable,same rich family/formula/prototype/composition/chemical context,10.0,257,known_synthesized
same_family,JVASP-145157,Li7Mn2Co3O12,JVASP-146932,Li4Mn3Nb3Sn2O16,Li4Mn3Nb3(SnO8)2,bulk,dft_3d,Li-Mn-Nb-O-Sn,oxide,oxide,AB3C3D4E8,unknown,unknown,0.35,False,True,True,Li;Mn;Nb;O;Sn,3,0.75,False,True,True,8,,2,True,0.0,-2.15141,-2.15141,0.12480000000000001,,unknown_or_less_stable,same rich family/formula/prototype/composition/chemical context,10.0,258,known_synthesized
same_family,JVASP-145157,Li7Mn2Co3O12,JVASP-121786,Li3Co8O4F12,Li3Co8(OF3)4,bulk,dft_3d,Co-F-Li-O,oxide,oxide,AB3C3D8,unknown,unknown,0.35,False,True,True,Co;F;Li;O,3,0.75,False,True,True,8,,2,True,0.0,-1.76099,-1.76099,0.1385,,unknown_or_less_stable,same rich family/formula/prototype/composition/chemical context,10.0,259,known_synthesized
same_family,JVASP-145157,Li7Mn2Co3O12,JVASP-139902,Li4Ti2Mn3Sn3O16,Li4Ti2Mn3Sn3O16,bulk,dft_3d,Li-Mn-O-Sn-Ti,oxide,oxide,A2B3C3D4E16,unknown,unknown,0.35,False,True,True,Li;Mn;O;Sn;Ti,3,0.75,False,True,True,8,,2,True,0.0,-2.15752,-2.15752,0.1044,,unknown_or_less_stable,same rich family/formula/prototype/composition/chemical context,10.0,260,known_synthesized
same_family,JVASP-145157,Li7Mn2Co3O12,JVASP-143294,Li3MnV3O8,Li3MnV3O8,bulk,dft_3d,Li-Mn-O-V,oxide,oxide,AB3C3D8,unknown,unknown,0.35,False,True,True,Li;Mn;O;V,3,0.75,False,True,True,8,,2,True,0.0,-2.2896,-2.2896,0.11720000000000001,,unknown_or_less_stable,same rich family/formula/prototype/composition/chemical context,10.0,261,known_synthesized
same_family,JVASP-145157,Li7Mn2Co3O12,JVASP-139901,Li4Mn2Cr3Sb3O16,Li4Mn2Cr3Sb3O16,bulk,dft_3d,Cr-Li-Mn-O-Sb,oxide,oxide,A2B3C3D4E16,unknown,unknown,0.35,False,True,True,Cr;Li;Mn;O;Sb,3,0.75,False,True,True,8,,2,True,0.0,-1.84386,-1.84386,0.13670000000000002,,unknown_or_less_stable,same rich family/formula/prototype/composition/chemical context,10.0,262,known_synthesized
same_family,JVASP-145157,Li7Mn2Co3O12,JVASP-40688,Li3MnV3O8,Li3MnV3O8,bulk,dft_3d,Li-Mn-O-V,oxide,oxide,AB3C3D8,unknown,unknown,0.35,False,True,True,Li;Mn;O;V,3,0.75,False,True,True,8,,2,True,0.0,-2.3022,-2.3022,0.1046,,unknown_or_less_stable,same rich family/formula/prototype/composition/chemical context,10.0,263,known_synthesized
same_family,JVASP-145157,Li7Mn2Co3O12,JVASP-42750,Li6Co6O5F11,Li6Co6O5F11,bulk,dft_3d,Co-F-Li-O,oxide,oxide,A5B6C6D11,unknown,unknown,0.35,False,True,True,Co;F;Li;O,3,0.75,False,True,True,8,,2,True,0.0,-2.06516,-2.06516,0.126,,unknown_or_less_stable,same rich family/formula/prototype/composition/chemical context,10.0,264,known_synthesized
same_family,JVASP-145157,Li7Mn2Co3O12,JVASP-48368,LiCo5O3F5,LiCo5O3F5,bulk,dft_3d,Co-F-Li-O,oxide,oxide,AB3C5D5,unknown,unknown,0.35,False,True,True,Co;F;Li;O,3,0.75,False,True,True,8,,2,True,0.0,-1.48442,-1.48442,0.16160000000000002,,unknown_or_less_stable,same rich family/formula/prototype/composition/chemical context,10.0,265,known_synthesized
same_family,JVASP-145157,Li7Mn2Co3O12,JVASP-46779,Li3Co2Si2O8,Li3Co2(SiO4)2,bulk,dft_3d,Co-Li-O-Si,oxide,oxide,AB2C3D4,unknown,unknown,0.35,False,True,True,Co;Li;O;Si,3,0.75,False,True,True,8,,2,True,0.0,-2.10231,-2.10231,0.1491,,unknown_or_less_stable,same rich family/formula/prototype/composition/chemical context,10.0,266,known_synthesized
same_family,JVASP-145157,Li7Mn2Co3O12,JVASP-146736,Li4Mn3Nb3Sb2O16,Li4Mn3Nb3(SbO8)2,bulk,dft_3d,Li-Mn-Nb-O-Sb,oxide,oxide,AB3C3D4E8,unknown,unknown,0.35,False,True,True,Li;Mn;Nb;O;Sb,3,0.75,False,True,True,8,,2,True,0.0,-2.13164,-2.13164,0.1245,,unknown_or_less_stable,same rich family/formula/prototype/composition/chemical context,10.0,267,known_synthesized
same_family,JVASP-145157,Li7Mn2Co3O12,JVASP-144787,Li4Fe2Co3Sn3O16,Li4Fe2Co3Sn3O16,bulk,dft_3d,Co-Fe-Li-O-Sn,oxide,oxide,A2B3C3D4E16,unknown,unknown,0.35,False,True,True,Co;Fe;Li;O;Sn,3,0.75,False,True,True,8,,2,True,0.0,-1.61937,-1.61937,0.1096,,unknown_or_less_stable,same rich family/formula/prototype/composition/chemical context,10.0,268,known_synthesized
same_family,JVASP-145157,Li7Mn2Co3O12,JVASP-45894,Ti3Mn2Co3O16,Ti3Mn2Co3O16,bulk,dft_3d,Co-Mn-O-Ti,oxide,oxide,A2B3C3D16,unknown,unknown,0.35,False,True,True,Co;Mn;O;Ti,3,0.75,False,True,True,8,,2,True,0.0,-1.9598200000000001,-1.9598200000000001,0.12340000000000001,,unknown_or_less_stable,same rich family/formula/prototype/composition/chemical context,10.0,269,known_synthesized
same_family,JVASP-145157,Li7Mn2Co3O12,JVASP-116894,Li4Nb3Co3Sn2O16,Li4Nb3Co3(SnO8)2,bulk,dft_3d,Co-Li-Nb-O-Sn,oxide,oxide,AB3C3D4E8,unknown,unknown,0.35,False,True,True,Co;Li;Nb;O;Sn,3,0.75,False,True,True,8,,2,True,0.0,-2.02723,-2.02723,0.1194,,unknown_or_less_stable,same rich family/formula/prototype/composition/chemical context,10.0,270,known_synthesized
same_family,JVASP-145157,Li7Mn2Co3O12,JVASP-137321,Li4Mn3Sn3Sb2O16,Li4Mn3Sn3(SbO8)2,bulk,dft_3d,Li-Mn-O-Sb-Sn,oxide,oxide,AB3C3D4E8,unknown,unknown,0.35,False,True,True,Li;Mn;O;Sb;Sn,3,0.75,False,True,True,8,,2,True,0.0,-1.79667,-1.79667,0.1042,,unknown_or_less_stable,same rich family/formula/prototype/composition/chemical context,10.0,271,known_synthesized
same_family,JVASP-145157,Li7Mn2Co3O12,JVASP-146891,Li6MnFe2O6,Li6Mn(FeO3)2,bulk,dft_3d,Fe-Li-Mn-O,oxide,oxide,ABC3D6,unknown,unknown,0.35,False,True,True,Fe;Li;Mn;O,3,0.75,False,True,True,8,,2,True,0.0,-1.7179,-1.7179,0.1816,,unknown_or_less_stable,same rich family/formula/prototype/composition/chemical context,10.0,272,known_synthesized
same_family,JVASP-145157,Li7Mn2Co3O12,JVASP-122537,Li4Mn3Sn2Sb3O16,Li4Mn3Sn2Sb3O16,bulk,dft_3d,Li-Mn-O-Sb-Sn,oxide,oxide,A2B3C3D4E16,unknown,unknown,0.35,False,True,True,Li;Mn;O;Sb;Sn,3,0.75,False,True,True,8,,2,True,0.0,-1.6664700000000001,-1.6664700000000001,0.21350000000000002,,unknown_or_less_stable,same rich family/formula/prototype/composition/chemical context,10.0,273,known_synthesized
same_family,JVASP-145157,Li7Mn2Co3O12,JVASP-145607,Li7Co2O6,Li7(CoO3)2,bulk,dft_3d,Co-Li-O,oxide,oxide,AB3C7,unknown,unknown,0.35,False,True,True,Co;Li;O,3,0.75,False,True,True,8,,2,True,0.0,-1.75536,-1.75536,0.11280000000000001,,unknown_or_less_stable,same rich family/formula/prototype/composition/chemical context,10.0,274,known_synthesized
same_family,JVASP-145157,Li7Mn2Co3O12,JVASP-46643,Li4Mn3V3Cr2O16,Li4Mn3V3Cr2O16,bulk,dft_3d,Cr-Li-Mn-O-V,oxide,oxide,A2B3C3D4E16,unknown,unknown,0.35,False,True,True,Cr;Li;Mn;O;V,3,0.75,False,True,True,8,,2,True,0.0,-2.17902,-2.17902,0.1057,,unknown_or_less_stable,same rich family/formula/prototype/composition/chemical context,10.0,275,known_synthesized
same_family,JVASP-145157,Li7Mn2Co3O12,JVASP-48136,LiCr2CoO6,LiCr2CoO6,bulk,dft_3d,Co-Cr-Li-O,oxide,oxide,ABC2D6,unknown,unknown,0.35,False,True,True,Co;Cr;Li;O,3,0.75,False,True,True,8,,2,True,0.0,-1.82278,-1.82278,0.1227,,unknown_or_less_stable,same rich family/formula/prototype/composition/chemical context,10.0,276,known_synthesized
same_family,JVASP-145157,Li7Mn2Co3O12,JVASP-46921,Li2MnNiO4,Li2MnNiO4,bulk,dft_3d,Li-Mn-Ni-O,oxide,oxide,ABC2D4,unknown,unknown,0.35,False,True,True,Li;Mn;Ni;O,3,0.75,False,True,True,74,,3,False,66.0,-1.78471,-1.78471,0.0526,,stable_or_known,same rich family/formula/prototype/composition/chemical context,9.75,277,known_synthesized
same_family,JVASP-145157,Li7Mn2Co3O12,JVASP-145608,LiMnO2,LiMnO2,bulk,dft_3d,Li-Mn-O,oxide,oxide,ABC2,unknown,unknown,0.35,False,True,True,Li;Mn;O,3,0.75,False,True,True,15,,2,False,7.0,-1.9702600000000001,-1.9702600000000001,0.0688,,stable_or_known,same rich family/formula/prototype/composition/chemical context,9.75,278,known_synthesized
same_family,JVASP-145157,Li7Mn2Co3O12,JVASP-133667,Li4MnTe3O12,Li4Mn(TeO4)3,bulk,dft_3d,Li-Mn-O-Te,oxide,oxide,ABC4D4,unknown,unknown,0.35,False,True,True,Li;Mn;O;Te,3,0.75,False,True,True,1,,1,False,7.0,-1.54194,-1.54194,0.0,,stable_or_known,same rich family/formula/prototype/composition/chemical context,9.75,279,known_synthesized
same_family,JVASP-145157,Li7Mn2Co3O12,JVASP-46516,Li5MnO5,Li5MnO5,bulk,dft_3d,Li-Mn-O,oxide,oxide,AB5C5,unknown,unknown,0.35,False,True,True,Li;Mn;O,3,0.75,False,True,True,5,,2,False,3.0,-1.9970700000000001,-1.9970700000000001,0.058800000000000005,,stable_or_known,same rich family/formula/prototype/composition/chemical context,9.75,280,known_synthesized
same_family,JVASP-145157,Li7Mn2Co3O12,JVASP-122354,Li2CoP2O7,Li2CoP2O7,bulk,dft_3d,Co-Li-O-P,oxide,oxide,AB2C2D7,unknown,unknown,0.35,False,True,True,Co;Li;O;P,3,0.75,False,True,True,4,,2,False,4.0,-2.1186,-2.1186,0.032100000000000004,,stable_or_known,same rich family/formula/prototype/composition/chemical context,9.75,281,known_synthesized
same_family,JVASP-145157,Li7Mn2Co3O12,JVASP-144009,LiMnBO3,LiMnBO3,bulk,dft_3d,B-Li-Mn-O,oxide,oxide,ABCD3,unknown,unknown,0.35,False,True,True,B;Li;Mn;O,3,0.75,False,True,True,14,,2,False,6.0,-2.12691,-2.12691,0.0951,,stable_or_known,same rich family/formula/prototype/composition/chemical context,9.75,282,known_synthesized
same_family,JVASP-145157,Li7Mn2Co3O12,JVASP-42276,Li2MnSiO4,Li2MnSiO4,bulk,dft_3d,Li-Mn-O-Si,oxide,oxide,ABC2D4,unknown,unknown,0.35,False,True,True,Li;Mn;O;Si,3,0.75,False,True,True,20,,3,False,12.0,-2.38978,-2.38978,0.0201,,stable_or_known,same rich family/formula/prototype/composition/chemical context,9.75,283,known_synthesized
same_family,JVASP-145157,Li7Mn2Co3O12,JVASP-120587,Li3Fe5Co2O12,Li3Fe5(CoO6)2,bulk,dft_3d,Co-Fe-Li-O,oxide,oxide,AB3C5D6,unknown,unknown,0.35,False,True,True,Co;Fe;Li;O,3,0.75,False,True,True,5,,2,False,3.0,-1.51331,-1.51331,0.0896,,stable_or_known,same rich family/formula/prototype/composition/chemical context,9.75,284,known_synthesized
same_family,JVASP-145157,Li7Mn2Co3O12,JVASP-119722,LiMn2O3F,LiMn2O3F,bulk,dft_3d,F-Li-Mn-O,oxide,oxide,ABC2D3,unknown,unknown,0.35,False,True,True,F;Li;Mn;O,3,0.75,False,True,True,62,,3,False,54.0,-2.11382,-2.11382,0.0,,stable_or_known,same rich family/formula/prototype/composition/chemical context,9.75,285,known_synthesized
same_family,JVASP-145157,Li7Mn2Co3O12,JVASP-122530,Li2Fe3CoO8,Li2Fe3CoO8,bulk,dft_3d,Co-Fe-Li-O,oxide,oxide,AB2C3D8,unknown,unknown,0.35,False,True,True,Co;Fe;Li;O,3,0.75,False,True,True,166,,5,False,158.0,-1.65972,-1.65972,0.0,,stable_or_known,same rich family/formula/prototype/composition/chemical context,9.75,286,known_synthesized
same_family,JVASP-145157,Li7Mn2Co3O12,JVASP-42168,Li2MnCSO7,Li2MnCSO7,bulk,dft_3d,C-Li-Mn-O-S,oxide,oxide,ABCD2E7,unknown,unknown,0.35,False,True,True,C;Li;Mn;O;S,3,0.75,False,True,True,11,,2,False,3.0,-1.71296,-1.71296,0.0918,,stable_or_known,same rich family/formula/prototype/composition/chemical context,9.75,287,known_synthesized
same_family,JVASP-145157,Li7Mn2Co3O12,JVASP-146331,Li7Mn5O12,Li7Mn5O12,bulk,dft_3d,Li-Mn-O,oxide,oxide,A5B7C12,unknown,unknown,0.35,False,True,True,Li;Mn;O,3,0.75,False,True,True,2,,1,False,6.0,-2.1227,-2.1227,0.00030000000000000003,,stable_or_known,same rich family/formula/prototype/composition/chemical context,9.75,288,known_synthesized
same_family,JVASP-145157,Li7Mn2Co3O12,JVASP-147595,Li5FeCo4O10,Li5Fe(Co2O5)2,bulk,dft_3d,Co-Fe-Li-O,oxide,oxide,AB2C5D5,unknown,unknown,0.35,False,True,True,Co;Fe;Li;O,3,0.75,False,True,True,166,,5,False,158.0,-1.71598,-1.71598,0.0,,stable_or_known,same rich family/formula/prototype/composition/chemical context,9.75,289,known_synthesized
same_family,JVASP-145157,Li7Mn2Co3O12,JVASP-120745,LiCoPO4,LiCoPO4,bulk,dft_3d,Co-Li-O-P,oxide,oxide,ABCD4,unknown,unknown,0.35,False,True,True,Co;Li;O;P,3,0.75,False,True,True,7,,2,False,1.0,-1.9896,-1.9896,0.0,,stable_or_known,same rich family/formula/prototype/composition/chemical context,9.75,290,known_synthesized
same_family,JVASP-145157,Li7Mn2Co3O12,JVASP-44747,Li4MgCo3O8,Li4MgCo3O8,bulk,dft_3d,Co-Li-Mg-O,oxide,oxide,AB3C4D8,unknown,unknown,0.35,False,True,True,Co;Li;Mg;O,3,0.75,False,True,True,166,,5,False,158.0,-1.86903,-1.86903,0.038900000000000004,,stable_or_known,same rich family/formula/prototype/composition/chemical context,9.75,291,known_synthesized
same_family,JVASP-145157,Li7Mn2Co3O12,JVASP-133682,Li3MnO2F,Li3MnO2F,bulk,dft_3d,F-Li-Mn-O,oxide,oxide,ABC2D3,unknown,unknown,0.35,False,True,True,F;Li;Mn;O,3,0.75,False,True,True,2,,1,False,6.0,-2.08164,-2.08164,0.0,,stable_or_known,same rich family/formula/prototype/composition/chemical context,9.75,292,known_synthesized
same_family,JVASP-145157,Li7Mn2Co3O12,JVASP-48228,LiCoSiO4,LiCoSiO4,bulk,dft_3d,Co-Li-O-Si,oxide,oxide,ABCD4,unknown,unknown,0.35,False,True,True,Co;Li;O;Si,3,0.75,False,True,True,91,,4,False,83.0,-2.13272,-2.13272,0.08030000000000001,,stable_or_known,same rich family/formula/prototype/composition/chemical context,9.75,293,known_synthesized
same_family,JVASP-145157,Li7Mn2Co3O12,JVASP-141525,BaYMnCoO5,BaYMnCoO5,bulk,dft_3d,Ba-Co-Mn-O-Y,oxide,oxide,ABCDE5,unknown,unknown,0.35,False,True,True,Ba;Co;Mn;O;Y,3,0.75,False,True,True,99,,4,False,91.0,-2.4718,-2.4718,0.0984,,stable_or_known,same rich family/formula/prototype/composition/chemical context,9.75,294,known_synthesized
same_family,JVASP-145157,Li7Mn2Co3O12,JVASP-146933,Li3Mn5OF11,Li3Mn5OF11,bulk,dft_3d,F-Li-Mn-O,oxide,oxide,AB3C5D11,unknown,unknown,0.35,False,True,True,F;Li;Mn;O,3,0.75,False,True,True,1,,1,False,7.0,-2.50332,-2.50332,0.0,,stable_or_known,same rich family/formula/prototype/composition/chemical context,9.75,295,known_synthesized
same_family,JVASP-145157,Li7Mn2Co3O12,JVASP-117397,Li2MnOF3,Li2MnOF3,bulk,dft_3d,F-Li-Mn-O,oxide,oxide,ABC2D3,unknown,unknown,0.35,False,True,True,F;Li;Mn;O,3,0.75,False,True,True,2,,1,False,6.0,-2.64426,-2.64426,0.0,,stable_or_known,same rich family/formula/prototype/composition/chemical context,9.75,296,known_synthesized
same_family,JVASP-145157,Li7Mn2Co3O12,JVASP-52783,LiMnPO4,LiMnPO4,bulk,dft_3d,Li-Mn-O-P,oxide,oxide,ABCD4,unknown,unknown,0.35,False,True,True,Li;Mn;O;P,3,0.75,False,True,True,4,,2,False,4.0,-2.18809,-2.18809,0.030500000000000003,,stable_or_known,same rich family/formula/prototype/composition/chemical context,9.75,297,known_synthesized
same_family,JVASP-145157,Li7Mn2Co3O12,JVASP-47758,LiMn3O6,LiMn3O6,bulk,dft_3d,Li-Mn-O,oxide,oxide,AB3C6,unknown,unknown,0.35,False,True,True,Li;Mn;O,3,0.75,False,True,True,12,,2,False,4.0,-1.8952,-1.8952,0.0765,,stable_or_known,same rich family/formula/prototype/composition/chemical context,9.75,298,known_synthesized
same_family,JVASP-145157,Li7Mn2Co3O12,JVASP-108967,Li2CoO2,Li2CoO2,bulk,dft_3d,Co-Li-O,oxide,oxide,AB2C2,unknown,unknown,0.35,False,True,True,Co;Li;O,3,0.75,False,True,True,71,,3,False,63.0,-1.66889,-1.66889,0.0722,,stable_or_known,same rich family/formula/prototype/composition/chemical context,9.75,299,known_synthesized
same_family,JVASP-145157,Li7Mn2Co3O12,JVASP-57303,LiMnO2,LiMnO2,bulk,dft_3d,Li-Mn-O,oxide,oxide,ABC2,unknown,unknown,0.35,False,True,True,Li;Mn;O,3,0.75,False,True,True,141,,4,False,133.0,-1.9871,-1.9871,0.052000000000000005,True,stable_or_known,same rich family/formula/prototype/composition/chemical context,9.75,300,
same_family,JVASP-145157,Li7Mn2Co3O12,JVASP-147398,Li7Mn5O12,Li7Mn5O12,bulk,dft_3d,Li-Mn-O,oxide,oxide,A5B7C12,unknown,unknown,0.35,False,True,True,Li;Mn;O,3,0.75,False,True,True,2,,1,False,6.0,-2.12283,-2.12283,0.0001,,stable_or_known,same rich family/formula/prototype/composition/chemical context,9.75,301,known_synthesized
same_family,JVASP-145157,Li7Mn2Co3O12,JVASP-119521,Li2CrCo3O8,Li2CrCo3O8,bulk,dft_3d,Co-Cr-Li-O,oxide,oxide,AB2C3D8,unknown,unknown,0.35,False,True,True,Co;Cr;Li;O,3,0.75,False,True,True,160,,5,False,152.0,-1.6869800000000001,-1.6869800000000001,0.0,,stable_or_known,same rich family/formula/prototype/composition/chemical context,9.75,302,known_synthesized
same_family,JVASP-145157,Li7Mn2Co3O12,JVASP-30231,Li2CoNi2O6,Li2Co(NiO3)2,bulk,dft_3d,Co-Li-Ni-O,oxide,oxide,ABC2D3,unknown,unknown,0.35,False,True,True,Co;Li;Ni;O,3,0.75,False,True,True,36,,3,False,28.0,-1.37464,-1.37464,0.0765,,stable_or_known,same rich family/formula/prototype/composition/chemical context,9.75,303,known_synthesized
same_family,JVASP-145157,Li7Mn2Co3O12,JVASP-113201,Li2Co3NiO8,Li2Co3NiO8,bulk,dft_3d,Co-Li-Ni-O,oxide,oxide,AB2C3D8,unknown,unknown,0.35,False,True,True,Co;Li;Ni;O,3,0.75,False,True,True,166,,5,False,158.0,-1.47322,-1.47322,0.0,,stable_or_known,same rich family/formula/prototype/composition/chemical context,9.75,304,known_synthesized
same_family,JVASP-145157,Li7Mn2Co3O12,JVASP-140627,Li2VCo3O8,Li2VCo3O8,bulk,dft_3d,Co-Li-O-V,oxide,oxide,AB2C3D8,unknown,unknown,0.35,False,True,True,Co;Li;O;V,3,0.75,False,True,True,186,,6,False,178.0,-1.79584,-1.79584,0.0,,stable_or_known,same rich family/formula/prototype/composition/chemical context,9.75,305,known_synthesized
same_family,JVASP-145157,Li7Mn2Co3O12,JVASP-47675,LiCrCoO4,LiCrCoO4,bulk,dft_3d,Co-Cr-Li-O,oxide,oxide,ABCD4,unknown,unknown,0.35,False,True,True,Co;Cr;Li;O,3,0.75,False,True,True,74,,3,False,66.0,-1.84402,-1.84402,0.0304,,stable_or_known,same rich family/formula/prototype/composition/chemical context,9.75,306,known_synthesized
same_family,JVASP-145157,Li7Mn2Co3O12,JVASP-146258,LiTi2Mn3O10,LiTi2Mn3O10,bulk,dft_3d,Li-Mn-O-Ti,oxide,oxide,AB2C3D10,unknown,unknown,0.35,False,True,True,Li;Mn;O;Ti,3,0.75,False,True,True,1,,1,False,7.0,-2.36252,-2.36252,0.0935,,stable_or_known,same rich family/formula/prototype/composition/chemical context,9.75,307,known_synthesized
same_family,JVASP-145157,Li7Mn2Co3O12,JVASP-146332,Li7Mn5O12,Li7Mn5O12,bulk,dft_3d,Li-Mn-O,oxide,oxide,A5B7C12,unknown,unknown,0.35,False,True,True,Li;Mn;O,3,0.75,False,True,True,2,,1,False,6.0,-2.08927,-2.08927,0.0337,,stable_or_known,same rich family/formula/prototype/composition/chemical context,9.75,308,known_synthesized
same_family,JVASP-145157,Li7Mn2Co3O12,JVASP-46544,Li3CoCu4O8,Li3Co(CuO2)4,bulk,dft_3d,Co-Cu-Li-O,oxide,oxide,ABC2D3,unknown,unknown,0.35,False,True,True,Co;Cu;Li;O,3,0.75,False,True,True,12,,2,False,4.0,-1.21428,-1.21428,0.0436,,stable_or_known,same rich family/formula/prototype/composition/chemical context,9.75,309,known_synthesized
same_family,JVASP-145157,Li7Mn2Co3O12,JVASP-146733,Li2MnO2F,Li2MnO2F,bulk,dft_3d,F-Li-Mn-O,oxide,oxide,ABC2D2,unknown,unknown,0.35,False,True,True,F;Li;Mn;O,3,0.75,False,True,True,9,,2,False,1.0,-2.32056,-2.32056,0.0,,stable_or_known,same rich family/formula/prototype/composition/chemical context,9.75,310,known_synthesized
same_family,JVASP-145157,Li7Mn2Co3O12,JVASP-12701,Li2MnPO4F,Li2MnPO4F,bulk,dft_3d,F-Li-Mn-O-P,oxide,oxide,ABCD2E4,unknown,unknown,0.35,False,True,True,F;Li;Mn;O;P,3,0.75,False,True,True,1,,1,False,7.0,-2.37704,-2.37704,0.0,,stable_or_known,same rich family/formula/prototype/composition/chemical context,9.75,311,known_synthesized
same_family,JVASP-145157,Li7Mn2Co3O12,JVASP-145990,Li3Mn2O5,Li3Mn2O5,bulk,dft_3d,Li-Mn-O,oxide,oxide,A2B3C5,unknown,unknown,0.35,False,True,True,Li;Mn;O,3,0.75,False,True,True,2,,1,False,6.0,-2.10269,-2.10269,0.0367,,stable_or_known,same rich family/formula/prototype/composition/chemical context,9.75,312,known_synthesized
same_family,JVASP-145157,Li7Mn2Co3O12,JVASP-48978,LiMn2O3F,LiMn2O3F,bulk,dft_3d,F-Li-Mn-O,oxide,oxide,ABC2D3,unknown,unknown,0.35,False,True,True,F;Li;Mn;O,3,0.75,False,True,True,166,,5,False,158.0,-2.11756,-2.11756,0.0,,stable_or_known,same rich family/formula/prototype/composition/chemical context,9.75,313,known_synthesized
same_family,JVASP-145157,Li7Mn2Co3O12,JVASP-44062,Li2Co3NiO8,Li2Co3NiO8,bulk,dft_3d,Co-Li-Ni-O,oxide,oxide,AB2C3D8,unknown,unknown,0.35,False,True,True,Co;Li;Ni;O,3,0.75,False,True,True,12,,2,False,4.0,-1.38493,-1.38493,0.0883,,stable_or_known,same rich family/formula/prototype/composition/chemical context,9.75,314,known_synthesized
same_family,JVASP-145157,Li7Mn2Co3O12,JVASP-48611,Li7MnO3F3,Li7Mn(OF)3,bulk,dft_3d,F-Li-Mn-O,oxide,oxide,ABCD7,unknown,unknown,0.35,False,True,True,F;Li;Mn;O,3,0.75,False,True,True,1,,1,False,7.0,-2.34126,-2.34126,0.0,,stable_or_known,same rich family/formula/prototype/composition/chemical context,9.75,315,known_synthesized
same_family,JVASP-145157,Li7Mn2Co3O12,JVASP-144292,LiMnPO4,LiMnPO4,bulk,dft_3d,Li-Mn-O-P,oxide,oxide,ABCD4,unknown,unknown,0.35,False,True,True,Li;Mn;O;P,3,0.75,False,True,True,5,,2,False,3.0,-2.17237,-2.17237,0.046200000000000005,,stable_or_known,same rich family/formula/prototype/composition/chemical context,9.75,316,known_synthesized
same_family,JVASP-145157,Li7Mn2Co3O12,JVASP-145687,Li2CoO3,Li2CoO3,bulk,dft_3d,Co-Li-O,oxide,oxide,AB2C3,unknown,unknown,0.35,False,True,True,Co;Li;O,3,0.75,False,True,True,12,,2,False,4.0,-1.78172,-1.78172,0.0,,stable_or_known,same rich family/formula/prototype/composition/chemical context,9.75,317,known_synthesized
same_family,JVASP-145157,Li7Mn2Co3O12,JVASP-112668,Li4CoTeO6,Li4CoTeO6,bulk,dft_3d,Co-Li-O-Te,oxide,oxide,ABC4D6,unknown,unknown,0.35,False,True,True,Co;Li;O;Te,3,0.75,False,True,True,5,,2,False,3.0,-1.75431,-1.75431,0.0563,,stable_or_known,same rich family/formula/prototype/composition/chemical context,9.75,318,known_synthesized
same_family,JVASP-145157,Li7Mn2Co3O12,JVASP-47091,LiMnPO4,LiMnPO4,bulk,dft_3d,Li-Mn-O-P,oxide,oxide,ABCD4,unknown,unknown,0.35,False,True,True,Li;Mn;O;P,3,0.75,False,True,True,82,,4,False,74.0,-2.15184,-2.15184,0.06670000000000001,,stable_or_known,same rich family/formula/prototype/composition/chemical context,9.75,319,known_synthesized
same_family,JVASP-145157,Li7Mn2Co3O12,JVASP-141052,Li3Mn2Si2O8,Li3Mn2(SiO4)2,bulk,dft_3d,Li-Mn-O-Si,oxide,oxide,AB2C3D4,unknown,unknown,0.35,False,True,True,Li;Mn;O;Si,3,0.75,False,True,True,7,,2,False,1.0,-2.34998,-2.34998,0.0684,,stable_or_known,same rich family/formula/prototype/composition/chemical context,9.75,320,known_synthesized
same_family,JVASP-145157,Li7Mn2Co3O12,JVASP-48925,Li2MnO2F,Li2MnO2F,bulk,dft_3d,F-Li-Mn-O,oxide,oxide,ABC2D2,unknown,unknown,0.35,False,True,True,F;Li;Mn;O,3,0.75,False,True,True,15,,2,False,7.0,-2.29362,-2.29362,0.0,,stable_or_known,same rich family/formula/prototype/composition/chemical context,9.75,321,known_synthesized
same_family,JVASP-145157,Li7Mn2Co3O12,JVASP-46852,LiCoPO4,LiCoPO4,bulk,dft_3d,Co-Li-O-P,oxide,oxide,ABCD4,unknown,unknown,0.35,False,True,True,Co;Li;O;P,3,0.75,False,True,True,148,,5,False,140.0,-1.93904,-1.93904,0.0506,,stable_or_known,same rich family/formula/prototype/composition/chemical context,9.75,322,known_synthesized
same_family,JVASP-145157,Li7Mn2Co3O12,JVASP-42717,LiMn2B2O6,LiMn2(BO3)2,bulk,dft_3d,B-Li-Mn-O,oxide,oxide,ABC2D3,unknown,unknown,0.35,False,True,True,B;Li;Mn;O,3,0.75,False,True,True,2,,1,False,6.0,-2.1114100000000002,-2.1114100000000002,0.09630000000000001,,stable_or_known,same rich family/formula/prototype/composition/chemical context,9.75,323,known_synthesized
same_family,JVASP-145157,Li7Mn2Co3O12,JVASP-42834,LiCoO2,LiCoO2,bulk,dft_3d,Co-Li-O,oxide,oxide,ABC2,unknown,unknown,0.35,False,True,True,Co;Li;O,3,0.75,False,True,True,227,,7,False,219.0,-1.67428,-1.67428,0.022600000000000002,,stable_or_known,same rich family/formula/prototype/composition/chemical context,9.75,324,known_synthesized
same_family,JVASP-145157,Li7Mn2Co3O12,JVASP-45925,Li2Mn3GaO8,Li2Mn3GaO8,bulk,dft_3d,Ga-Li-Mn-O,oxide,oxide,AB2C3D8,unknown,unknown,0.35,False,True,True,Ga;Li;Mn;O,3,0.75,False,True,True,166,,5,False,158.0,-2.03525,-2.03525,0.0173,,stable_or_known,same rich family/formula/prototype/composition/chemical context,9.75,325,known_synthesized
same_family,JVASP-145157,Li7Mn2Co3O12,JVASP-117284,Li3FeCo4O8,Li3Fe(CoO2)4,bulk,dft_3d,Co-Fe-Li-O,oxide,oxide,ABC2D3,unknown,unknown,0.35,False,True,True,Co;Fe;Li;O,3,0.75,False,True,True,12,,2,False,4.0,-1.46509,-1.46509,0.0952,,stable_or_known,same rich family/formula/prototype/composition/chemical context,9.75,326,known_synthesized
same_family,JVASP-145157,Li7Mn2Co3O12,JVASP-116848,Li2MnNi3O8,Li2MnNi3O8,bulk,dft_3d,Li-Mn-Ni-O,oxide,oxide,AB2C3D8,unknown,unknown,0.35,False,True,True,Li;Mn;Ni;O,3,0.75,False,True,True,166,,5,False,158.0,-1.49259,-1.49259,0.0,,stable_or_known,same rich family/formula/prototype/composition/chemical context,9.75,327,known_synthesized
same_family,JVASP-145157,Li7Mn2Co3O12,JVASP-46711,LiMnP2O8,LiMn(PO4)2,bulk,dft_3d,Li-Mn-O-P,oxide,oxide,ABCD4,unknown,unknown,0.35,False,True,True,Li;Mn;O;P,3,0.75,False,True,True,15,,2,False,7.0,-2.00594,-2.00594,0.0756,,stable_or_known,same rich family/formula/prototype/composition/chemical context,9.75,328,known_synthesized
same_family,JVASP-145157,Li7Mn2Co3O12,JVASP-117292,Li3Co3NiO8,Li3Co3NiO8,bulk,dft_3d,Co-Li-Ni-O,oxide,oxide,AB3C3D8,unknown,unknown,0.35,False,True,True,Co;Li;Ni;O,3,0.75,False,True,True,186,,6,False,178.0,-1.52796,-1.52796,0.0465,,stable_or_known,same rich family/formula/prototype/composition/chemical context,9.75,329,known_synthesized
same_family,JVASP-145157,Li7Mn2Co3O12,JVASP-122144,Yb2MnCoO6,Yb2MnCoO6,bulk,dft_3d,Co-Mn-O-Yb,oxide,oxide,ABC2D6,unknown,unknown,0.35,False,True,True,Co;Mn;O;Yb,3,0.75,False,True,True,14,,2,False,6.0,-2.48118,-2.48118,0.0,,stable_or_known,same rich family/formula/prototype/composition/chemical context,9.75,330,known_synthesized
same_family,JVASP-145157,Li7Mn2Co3O12,JVASP-48280,Li3Mn4O8,Li3Mn4O8,bulk,dft_3d,Li-Mn-O,oxide,oxide,A3B4C8,unknown,unknown,0.35,False,True,True,Li;Mn;O,3,0.75,False,True,True,12,,2,False,4.0,-1.9503300000000001,-1.9503300000000001,0.09050000000000001,,stable_or_known,same rich family/formula/prototype/composition/chemical context,9.75,331,known_synthesized
same_family,JVASP-145157,Li7Mn2Co3O12,JVASP-11735,Li2MnO3,Li2MnO3,bulk,dft_3d,Li-Mn-O,oxide,oxide,AB2C3,unknown,unknown,0.35,False,True,True,Li;Mn;O,3,0.75,False,True,True,12,,2,False,4.0,-2.1832,-2.1832,0.0,True,stable_or_known,same rich family/formula/prototype/composition/chemical context,9.75,332,
same_family,JVASP-145157,Li7Mn2Co3O12,JVASP-116791,LiCoP2O7,LiCoP2O7,bulk,dft_3d,Co-Li-O-P,oxide,oxide,ABC2D7,unknown,unknown,0.35,False,True,True,Co;Li;O;P,3,0.75,False,True,True,2,,1,False,6.0,-2.02115,-2.02115,0.0105,,stable_or_known,same rich family/formula/prototype/composition/chemical context,9.75,333,known_synthesized
same_family,JVASP-145157,Li7Mn2Co3O12,JVASP-43389,Li4MnW3O12,Li4Mn(WO4)3,bulk,dft_3d,Li-Mn-O-W,oxide,oxide,ABC4D4,unknown,unknown,0.35,False,True,True,Li;Mn;O;W,3,0.75,False,True,True,3,,2,False,5.0,-2.26153,-2.26153,0.0818,,stable_or_known,same rich family/formula/prototype/composition/chemical context,9.75,334,known_synthesized
same_family,JVASP-145157,Li7Mn2Co3O12,JVASP-11719,LiCoC4O4,LiCo(CO)4,bulk,dft_3d,C-Co-Li-O,oxide,oxide,ABCD,unknown,unknown,0.35,False,True,True,C;Co;Li;O,3,0.75,False,True,True,215,,7,False,207.0,-0.8485900000000001,-0.8485900000000001,0.2646,True,stable_or_known,same rich family/formula/prototype/composition/chemical context,9.75,335,
same_family,JVASP-145157,Li7Mn2Co3O12,JVASP-47566,Li2FeCo2O6,Li2Fe(CoO3)2,bulk,dft_3d,Co-Fe-Li-O,oxide,oxide,ABC2D3,unknown,unknown,0.35,False,True,True,Co;Fe;Li;O,3,0.75,False,True,True,64,,3,False,56.0,-1.5572300000000001,-1.5572300000000001,0.0872,,stable_or_known,same rich family/formula/prototype/composition/chemical context,9.75,336,known_synthesized
same_family,JVASP-145157,Li7Mn2Co3O12,JVASP-42301,LiMnPH2O5,LiMnPH2O5,bulk,dft_3d,H-Li-Mn-O-P,oxide,oxide,ABCD2E5,unknown,unknown,0.35,False,True,True,H;Li;Mn;O;P,3,0.75,False,True,True,31,,3,False,23.0,-1.76398,-1.76398,0.0877,,stable_or_known,same rich family/formula/prototype/composition/chemical context,9.75,337,known_synthesized
same_family,JVASP-145157,Li7Mn2Co3O12,JVASP-44355,Li3MnAl2O6,Li3MnAl2O6,bulk,dft_3d,Al-Li-Mn-O,oxide,oxide,AB2C3D6,unknown,unknown,0.35,False,True,True,Al;Li;Mn;O,3,0.75,False,True,True,2,,1,False,6.0,-2.61286,-2.61286,0.055400000000000005,,stable_or_known,same rich family/formula/prototype/composition/chemical context,9.75,338,known_synthesized
same_family,JVASP-145157,Li7Mn2Co3O12,JVASP-47609,LiCoSnO4,LiCoSnO4,bulk,dft_3d,Co-Li-O-Sn,oxide,oxide,ABCD4,unknown,unknown,0.35,False,True,True,Co;Li;O;Sn,3,0.75,False,True,True,74,,3,False,66.0,-1.67755,-1.67755,0.061700000000000005,,stable_or_known,same rich family/formula/prototype/composition/chemical context,9.75,339,known_synthesized
same_family,JVASP-145157,Li7Mn2Co3O12,JVASP-110622,Li2MnFeO4,Li2MnFeO4,bulk,dft_3d,Fe-Li-Mn-O,oxide,oxide,ABC2D4,unknown,unknown,0.35,False,True,True,Fe;Li;Mn;O,3,0.75,False,True,True,119,,4,False,111.0,-1.87446,-1.87446,0.06770000000000001,,stable_or_known,same rich family/formula/prototype/composition/chemical context,9.75,340,known_synthesized
same_family,JVASP-145157,Li7Mn2Co3O12,JVASP-145989,Li5Co3O8,Li5Co3O8,bulk,dft_3d,Co-Li-O,oxide,oxide,A3B5C8,unknown,unknown,0.35,False,True,True,Co;Li;O,3,0.75,False,True,True,166,,5,False,158.0,-1.75625,-1.75625,0.0125,,stable_or_known,same rich family/formula/prototype/composition/chemical context,9.75,341,known_synthesized
same_family,JVASP-145157,Li7Mn2Co3O12,JVASP-141835,Li3Mn2OF5,Li3Mn2OF5,bulk,dft_3d,F-Li-Mn-O,oxide,oxide,AB2C3D5,unknown,unknown,0.35,False,True,True,F;Li;Mn;O,3,0.75,False,True,True,22,,3,False,14.0,-2.54184,-2.54184,0.0,,stable_or_known,same rich family/formula/prototype/composition/chemical context,9.75,342,known_synthesized
same_family,JVASP-145157,Li7Mn2Co3O12,JVASP-143941,Li2CoP2O7,Li2CoP2O7,bulk,dft_3d,Co-Li-O-P,oxide,oxide,AB2C2D7,unknown,unknown,0.35,False,True,True,Co;Li;O;P,3,0.75,False,True,True,2,,1,False,6.0,-2.15053,-2.15053,0.0002,,stable_or_known,same rich family/formula/prototype/composition/chemical context,9.75,343,known_synthesized
same_family,JVASP-145157,Li7Mn2Co3O12,JVASP-142880,LiCoPO4,LiCoPO4,bulk,dft_3d,Co-Li-O-P,oxide,oxide,ABCD4,unknown,unknown,0.35,False,True,True,Co;Li;O;P,3,0.75,False,True,True,9,,2,False,1.0,-1.93279,-1.93279,0.0568,,stable_or_known,same rich family/formula/prototype/composition/chemical context,9.75,344,known_synthesized
same_family,JVASP-145157,Li7Mn2Co3O12,JVASP-141844,Li4Ti3Mn2Sn3O16,Li4Ti3Mn2Sn3O16,bulk,dft_3d,Li-Mn-O-Sn-Ti,oxide,oxide,A2B3C3D4E16,unknown,unknown,0.35,False,True,True,Li;Mn;O;Sn;Ti,3,0.75,False,True,True,1,,1,False,7.0,-2.30057,-2.30057,0.0995,,stable_or_known,same rich family/formula/prototype/composition/chemical context,9.75,345,known_synthesized
same_family,JVASP-145157,Li7Mn2Co3O12,JVASP-147441,LiMn7O9F3,LiMn7(O3F)3,bulk,dft_3d,F-Li-Mn-O,oxide,oxide,ABC3D7,unknown,unknown,0.35,False,True,True,F;Li;Mn;O,3,0.75,False,True,True,146,,5,False,138.0,-1.9360700000000002,-1.9360700000000002,0.0,,stable_or_known,same rich family/formula/prototype/composition/chemical context,9.75,346,known_synthesized
same_family,JVASP-145157,Li7Mn2Co3O12,JVASP-44528,Li2Co3TeO8,Li2Co3TeO8,bulk,dft_3d,Co-Li-O-Te,oxide,oxide,AB2C3D8,unknown,unknown,0.35,False,True,True,Co;Li;O;Te,3,0.75,False,True,True,166,,5,False,158.0,-1.40248,-1.40248,0.06810000000000001,,stable_or_known,same rich family/formula/prototype/composition/chemical context,9.75,347,known_synthesized
same_family,JVASP-145157,Li7Mn2Co3O12,JVASP-43159,Li2Fe3CoO8,Li2Fe3CoO8,bulk,dft_3d,Co-Fe-Li-O,oxide,oxide,AB2C3D8,unknown,unknown,0.35,False,True,True,Co;Fe;Li;O,3,0.75,False,True,True,166,,5,False,158.0,-1.64176,-1.64176,0.018000000000000002,,stable_or_known,same rich family/formula/prototype/composition/chemical context,9.75,348,known_synthesized
same_family,JVASP-145157,Li7Mn2Co3O12,JVASP-120744,Li4Cr3CoP4O16,Li4Cr3Co(PO4)4,bulk,dft_3d,Co-Cr-Li-O-P,oxide,oxide,ABC3D4E4,unknown,unknown,0.35,False,True,True,Co;Cr;Li;O;P,3,0.75,False,True,True,6,,2,False,2.0,-2.14061,-2.14061,0.0,,stable_or_known,same rich family/formula/prototype/composition/chemical context,9.75,349,known_synthesized
same_family,JVASP-145157,Li7Mn2Co3O12,JVASP-144493,Li5MnO4,Li5MnO4,bulk,dft_3d,Li-Mn-O,oxide,oxide,AB4C5,unknown,unknown,0.35,False,True,True,Li;Mn;O,3,0.75,False,True,True,41,,3,False,33.0,-2.03504,-2.03504,0.0483,,stable_or_known,same rich family/formula/prototype/composition/chemical context,9.75,350,known_synthesized
same_family,JVASP-145157,Li7Mn2Co3O12,JVASP-137737,Li2Ti2Mn3O10,Li2Ti2Mn3O10,bulk,dft_3d,Li-Mn-O-Ti,oxide,oxide,A2B2C3D10,unknown,unknown,0.35,False,True,True,Li;Mn;O;Ti,3,0.75,False,True,True,2,,1,False,6.0,-2.38997,-2.38997,0.0893,,stable_or_known,same rich family/formula/prototype/composition/chemical context,9.75,351,known_synthesized
same_family,JVASP-145157,Li7Mn2Co3O12,JVASP-137301,Li5Mn6O12,Li5Mn6O12,bulk,dft_3d,Li-Mn-O,oxide,oxide,A5B6C12,unknown,unknown,0.35,False,True,True,Li;Mn;O,3,0.75,False,True,True,2,,1,False,6.0,-1.9609800000000002,-1.9609800000000002,0.07930000000000001,,stable_or_known,same rich family/formula/prototype/composition/chemical context,9.75,352,known_synthesized
same_family,JVASP-145157,Li7Mn2Co3O12,JVASP-112435,LiMn2O3F,LiMn2O3F,bulk,dft_3d,F-Li-Mn-O,oxide,oxide,ABC2D3,unknown,unknown,0.35,False,True,True,F;Li;Mn;O,3,0.75,False,True,True,44,,3,False,36.0,-2.09288,-2.09288,0.0,,stable_or_known,same rich family/formula/prototype/composition/chemical context,9.75,353,known_synthesized
same_family,JVASP-145157,Li7Mn2Co3O12,JVASP-46700,Li6MnO2F4,Li6Mn(OF2)2,bulk,dft_3d,F-Li-Mn-O,oxide,oxide,ABC2D6,unknown,unknown,0.35,False,True,True,F;Li;Mn;O,3,0.75,False,True,True,14,,2,False,6.0,-2.50513,-2.50513,0.0,,stable_or_known,same rich family/formula/prototype/composition/chemical context,9.75,354,known_synthesized
same_family,JVASP-145157,Li7Mn2Co3O12,JVASP-46728,Li4Mn3SbP4O16,Li4Mn3Sb(PO4)4,bulk,dft_3d,Li-Mn-O-P-Sb,oxide,oxide,ABC3D4E4,unknown,unknown,0.35,False,True,True,Li;Mn;O;P;Sb,3,0.75,False,True,True,6,,2,False,2.0,-2.10462,-2.10462,0.0879,,stable_or_known,same rich family/formula/prototype/composition/chemical context,9.75,355,known_synthesized
same_family,JVASP-145157,Li7Mn2Co3O12,JVASP-34836,LiCo2O4,Li(CoO2)2,bulk,dft_3d,Co-Li-O,oxide,oxide,ABC2,unknown,unknown,0.35,False,True,True,Co;Li;O,3,0.75,False,True,True,227,,7,False,219.0,-1.4923,-1.4923,0.0,,stable_or_known,same rich family/formula/prototype/composition/chemical context,9.75,356,known_synthesized
same_family,JVASP-145157,Li7Mn2Co3O12,JVASP-139804,Li4Mn3FeB4O12,Li4Mn3Fe(BO3)4,bulk,dft_3d,B-Fe-Li-Mn-O,oxide,oxide,ABC3D3E4,unknown,unknown,0.35,False,True,True,B;Fe;Li;Mn;O,3,0.75,False,True,True,1,,1,False,7.0,-2.1271,-2.1271,0.09670000000000001,,stable_or_known,same rich family/formula/prototype/composition/chemical context,9.75,357,known_synthesized
same_family,JVASP-145157,Li7Mn2Co3O12,JVASP-133189,Li3Mn2O5,Li3Mn2O5,bulk,dft_3d,Li-Mn-O,oxide,oxide,A2B3C5,unknown,unknown,0.35,False,True,True,Li;Mn;O,3,0.75,False,True,True,12,,2,False,4.0,-2.06905,-2.06905,0.0704,,stable_or_known,same rich family/formula/prototype/composition/chemical context,9.75,358,known_synthesized
same_family,JVASP-145157,Li7Mn2Co3O12,JVASP-117302,Li2MnP2O8,Li2Mn(PO4)2,bulk,dft_3d,Li-Mn-O-P,oxide,oxide,ABC2D4,unknown,unknown,0.35,False,True,True,Li;Mn;O;P,3,0.75,False,True,True,2,,1,False,6.0,-2.23113,-2.23113,0.021,,stable_or_known,same rich family/formula/prototype/composition/chemical context,9.75,359,known_synthesized
same_family,JVASP-145157,Li7Mn2Co3O12,JVASP-47550,Li2CoNiO4,Li2CoNiO4,bulk,dft_3d,Co-Li-Ni-O,oxide,oxide,ABC2D4,unknown,unknown,0.35,False,True,True,Co;Li;Ni;O,3,0.75,False,True,True,119,,4,False,111.0,-1.5086300000000001,-1.5086300000000001,0.0848,,stable_or_known,same rich family/formula/prototype/composition/chemical context,9.75,360,known_synthesized
same_family,JVASP-145157,Li7Mn2Co3O12,JVASP-44592,Li2TiCo3O8,Li2TiCo3O8,bulk,dft_3d,Co-Li-O-Ti,oxide,oxide,AB2C3D8,unknown,unknown,0.35,False,True,True,Co;Li;O;Ti,3,0.75,False,True,True,186,,6,False,178.0,-1.89498,-1.89498,0.035300000000000005,,stable_or_known,same rich family/formula/prototype/composition/chemical context,9.75,361,known_synthesized
same_family,JVASP-145157,Li7Mn2Co3O12,JVASP-111889,Li3Co4O8,Li3(CoO2)4,bulk,dft_3d,Co-Li-O,oxide,oxide,AB2C3,unknown,unknown,0.35,False,True,True,Co;Li;O,3,0.75,False,True,True,166,,5,False,158.0,-1.57095,-1.57095,0.030500000000000003,,stable_or_known,same rich family/formula/prototype/composition/chemical context,9.75,362,known_synthesized
same_family,JVASP-145157,Li7Mn2Co3O12,JVASP-145963,LiMn3Fe2O8,LiMn3(FeO4)2,bulk,dft_3d,Fe-Li-Mn-O,oxide,oxide,ABC3D4,unknown,unknown,0.35,False,True,True,Fe;Li;Mn;O,3,0.75,False,True,True,160,,5,False,152.0,-1.76183,-1.76183,0.0068000000000000005,,stable_or_known,same rich family/formula/prototype/composition/chemical context,9.75,363,known_synthesized
same_family,JVASP-145157,Li7Mn2Co3O12,JVASP-44667,Li2Mn3FeO8,Li2Mn3FeO8,bulk,dft_3d,Fe-Li-Mn-O,oxide,oxide,AB2C3D8,unknown,unknown,0.35,False,True,True,Fe;Li;Mn;O,3,0.75,False,True,True,166,,5,False,158.0,-1.9514,-1.9514,0.0172,,stable_or_known,same rich family/formula/prototype/composition/chemical context,9.75,364,known_synthesized
same_family,JVASP-145157,Li7Mn2Co3O12,JVASP-142030,Li2FeCo3O8,Li2FeCo3O8,bulk,dft_3d,Co-Fe-Li-O,oxide,oxide,AB2C3D8,unknown,unknown,0.35,False,True,True,Co;Fe;Li;O,3,0.75,False,True,True,166,,5,False,158.0,-1.55057,-1.55057,0.018500000000000003,,stable_or_known,same rich family/formula/prototype/composition/chemical context,9.75,365,known_synthesized
same_family,JVASP-145157,Li7Mn2Co3O12,JVASP-112809,Li2Mn3GaO8,Li2Mn3GaO8,bulk,dft_3d,Ga-Li-Mn-O,oxide,oxide,AB2C3D8,unknown,unknown,0.35,False,True,True,Ga;Li;Mn;O,3,0.75,False,True,True,166,,5,False,158.0,-2.05254,-2.05254,0.0,,stable_or_known,same rich family/formula/prototype/composition/chemical context,9.75,366,known_synthesized
same_family,JVASP-145157,Li7Mn2Co3O12,JVASP-120753,Li4MnFe3B4O12,Li4MnFe3(BO3)4,bulk,dft_3d,B-Fe-Li-Mn-O,oxide,oxide,ABC3D3E4,unknown,unknown,0.35,False,True,True,B;Fe;Li;Mn;O,3,0.75,False,True,True,1,,1,False,7.0,-2.07218,-2.07218,0.09240000000000001,,stable_or_known,same rich family/formula/prototype/composition/chemical context,9.75,367,known_synthesized
same_family,JVASP-145157,Li7Mn2Co3O12,JVASP-47567,Li2CrCo2O6,Li2Cr(CoO3)2,bulk,dft_3d,Co-Cr-Li-O,oxide,oxide,ABC2D3,unknown,unknown,0.35,False,True,True,Co;Cr;Li;O,3,0.75,False,True,True,64,,3,False,56.0,-1.72421,-1.72421,0.0857,,stable_or_known,same rich family/formula/prototype/composition/chemical context,9.75,368,known_synthesized
same_family,JVASP-145157,Li7Mn2Co3O12,JVASP-12054,Mn3CoO8,Mn3CoO8,bulk,dft_3d,Co-Mn-O,oxide,oxide,AB3C8,unknown,unknown,0.35,False,True,True,Co;Mn;O,3,0.75,False,True,True,166,,5,False,158.0,-1.54392,-1.54392,0.0847,,stable_or_known,same rich family/formula/prototype/composition/chemical context,9.75,369,known_synthesized
same_family,JVASP-145157,Li7Mn2Co3O12,JVASP-45862,Li3Co3NiO8,Li3Co3NiO8,bulk,dft_3d,Co-Li-Ni-O,oxide,oxide,AB3C3D8,unknown,unknown,0.35,False,True,True,Co;Li;Ni;O,3,0.75,False,True,True,166,,5,False,158.0,-1.5367300000000002,-1.5367300000000002,0.037700000000000004,,stable_or_known,same rich family/formula/prototype/composition/chemical context,9.75,370,known_synthesized
same_family,JVASP-145157,Li7Mn2Co3O12,JVASP-44763,Li4Mn3FeP4O16,Li4Mn3Fe(PO4)4,bulk,dft_3d,Fe-Li-Mn-O-P,oxide,oxide,ABC3D4E4,unknown,unknown,0.35,False,True,True,Fe;Li;Mn;O;P,3,0.75,False,True,True,6,,2,False,2.0,-2.1747900000000002,-2.1747900000000002,0.013900000000000001,,stable_or_known,same rich family/formula/prototype/composition/chemical context,9.75,371,known_synthesized
same_family,JVASP-145157,Li7Mn2Co3O12,JVASP-48276,LiMnP3O9,LiMn(PO3)3,bulk,dft_3d,Li-Mn-O-P,oxide,oxide,ABCD3,unknown,unknown,0.35,False,True,True,Li;Mn;O;P,3,0.75,False,True,True,146,,5,False,138.0,-2.12695,-2.12695,0.0727,,stable_or_known,same rich family/formula/prototype/composition/chemical context,9.75,372,known_synthesized
same_family,JVASP-145157,Li7Mn2Co3O12,JVASP-122362,Li3CoNi3O8,Li3CoNi3O8,bulk,dft_3d,Co-Li-Ni-O,oxide,oxide,AB3C3D8,unknown,unknown,0.35,False,True,True,Co;Li;Ni;O,3,0.75,False,True,True,166,,5,False,158.0,-1.42513,-1.42513,0.0337,,stable_or_known,same rich family/formula/prototype/composition/chemical context,9.75,373,known_synthesized
same_family,JVASP-145157,Li7Mn2Co3O12,JVASP-40738,Li2MnV4NiO12,Li2MnV4NiO12,bulk,dft_3d,Li-Mn-Ni-O-V,oxide,oxide,ABC2D4E12,unknown,unknown,0.35,False,True,True,Li;Mn;Ni;O;V,3,0.75,False,True,True,5,,2,False,3.0,-2.23713,-2.23713,0.0726,,stable_or_known,same rich family/formula/prototype/composition/chemical context,9.75,374,known_synthesized
same_family,JVASP-145157,Li7Mn2Co3O12,JVASP-112821,Li5Mn3Ni2O10,Li5Mn3(NiO5)2,bulk,dft_3d,Li-Mn-Ni-O,oxide,oxide,AB3C5D5,unknown,unknown,0.35,False,True,True,Li;Mn;Ni;O,3,0.75,False,True,True,2,,1,False,6.0,-1.82214,-1.82214,0.0839,,stable_or_known,same rich family/formula/prototype/composition/chemical context,9.75,375,known_synthesized
same_family,JVASP-145157,Li7Mn2Co3O12,JVASP-113234,Li4Co3SnP4O16,Li4Co3Sn(PO4)4,bulk,dft_3d,Co-Li-O-P-Sn,oxide,oxide,ABC3D4E4,unknown,unknown,0.35,False,True,True,Co;Li;O;P;Sn,3,0.75,False,True,True,6,,2,False,2.0,-2.00206,-2.00206,0.0342,,stable_or_known,same rich family/formula/prototype/composition/chemical context,9.75,376,known_synthesized
same_family,JVASP-145157,Li7Mn2Co3O12,JVASP-111931,LiMnCSO7,LiMnCSO7,bulk,dft_3d,C-Li-Mn-O-S,oxide,oxide,ABCDE7,unknown,unknown,0.35,False,True,True,C;Li;Mn;O;S,3,0.75,False,True,True,4,,2,False,4.0,-1.5737700000000001,-1.5737700000000001,0.074,,stable_or_known,same rich family/formula/prototype/composition/chemical context,9.75,377,known_synthesized
same_family,JVASP-145157,Li7Mn2Co3O12,JVASP-122010,Li7Co5O12,Li7Co5O12,bulk,dft_3d,Co-Li-O,oxide,oxide,A5B7C12,unknown,unknown,0.35,False,True,True,Co;Li;O,3,0.75,False,True,True,12,,2,False,4.0,-1.7169400000000001,-1.7169400000000001,0.0359,,stable_or_known,same rich family/formula/prototype/composition/chemical context,9.75,378,known_synthesized
same_family,JVASP-145157,Li7Mn2Co3O12,JVASP-113205,Li2CoNiO4,Li2CoNiO4,bulk,dft_3d,Co-Li-Ni-O,oxide,oxide,ABC2D4,unknown,unknown,0.35,False,True,True,Co;Li;Ni;O,3,0.75,False,True,True,74,,3,False,66.0,-1.5911,-1.5911,0.0024000000000000002,,stable_or_known,same rich family/formula/prototype/composition/chemical context,9.75,379,known_synthesized
same_family,JVASP-145157,Li7Mn2Co3O12,JVASP-55805,LiMnAsO4,LiMnAsO4,bulk,dft_3d,As-Li-Mn-O,oxide,oxide,ABCD4,unknown,unknown,0.35,False,True,True,As;Li;Mn;O,3,0.75,False,True,True,62,,3,False,54.0,-1.64738,-1.64738,0.1597,True,stable_or_known,same rich family/formula/prototype/composition/chemical context,9.75,380,
same_family,JVASP-145157,Li7Mn2Co3O12,JVASP-141214,Li4Co3O7,Li4Co3O7,bulk,dft_3d,Co-Li-O,oxide,oxide,A3B4C7,unknown,unknown,0.35,False,True,True,Co;Li;O,3,0.75,False,True,True,2,,1,False,6.0,-1.7445,-1.7445,0.0025,,stable_or_known,same rich family/formula/prototype/composition/chemical context,9.75,381,known_synthesized
same_family,JVASP-145157,Li7Mn2Co3O12,JVASP-111146,Li2MnCrO4,Li2MnCrO4,bulk,dft_3d,Cr-Li-Mn-O,oxide,oxide,ABC2D4,unknown,unknown,0.35,False,True,True,Cr;Li;Mn;O,3,0.75,False,True,True,119,,4,False,111.0,-2.1223,-2.1223,0.0131,,stable_or_known,same rich family/formula/prototype/composition/chemical context,9.75,382,known_synthesized
same_family,JVASP-145157,Li7Mn2Co3O12,JVASP-145583,Li2MnSi2O6,Li2Mn(SiO3)2,bulk,dft_3d,Li-Mn-O-Si,oxide,oxide,ABC2D3,unknown,unknown,0.35,False,True,True,Li;Mn;O;Si,3,0.75,False,True,True,15,,2,False,7.0,-2.50438,-2.50438,0.0395,,stable_or_known,same rich family/formula/prototype/composition/chemical context,9.75,383,known_synthesized
same_family,JVASP-145157,Li7Mn2Co3O12,JVASP-13168,LiCoPO4,LiCoPO4,bulk,dft_3d,Co-Li-O-P,oxide,oxide,ABCD4,unknown,unknown,0.35,False,True,True,Co;Li;O;P,3,0.75,False,True,True,63,,3,False,55.0,-1.9708,-1.9708,0.0188,,stable_or_known,same rich family/formula/prototype/composition/chemical context,9.75,384,known_synthesized
same_family,JVASP-145157,Li7Mn2Co3O12,JVASP-42738,Li4Mn3FeB4O12,Li4Mn3Fe(BO3)4,bulk,dft_3d,B-Fe-Li-Mn-O,oxide,oxide,ABC3D3E4,unknown,unknown,0.35,False,True,True,B;Fe;Li;Mn;O,3,0.75,False,True,True,1,,1,False,7.0,-2.13048,-2.13048,0.09330000000000001,,stable_or_known,same rich family/formula/prototype/composition/chemical context,9.75,385,known_synthesized
same_family,JVASP-145157,Li7Mn2Co3O12,JVASP-117096,Li5Co2Cu2P4O16,Li5Co2Cu2(PO4)4,bulk,dft_3d,Co-Cu-Li-O-P,oxide,oxide,AB2C2D4E5,unknown,unknown,0.35,False,True,True,Co;Cu;Li;O;P,3,0.75,False,True,True,2,,1,False,6.0,-1.99197,-1.99197,0.0451,,stable_or_known,same rich family/formula/prototype/composition/chemical context,9.75,386,known_synthesized
same_family,JVASP-145157,Li7Mn2Co3O12,JVASP-142825,Li2CoNiO4,Li2CoNiO4,bulk,dft_3d,Co-Li-Ni-O,oxide,oxide,ABC2D4,unknown,unknown,0.35,False,True,True,Co;Li;Ni;O,3,0.75,False,True,True,119,,4,False,111.0,-1.53253,-1.53253,0.0609,,stable_or_known,same rich family/formula/prototype/composition/chemical context,9.75,387,known_synthesized
same_family,JVASP-145157,Li7Mn2Co3O12,JVASP-121733,Li2Co4O3F8,Li2Co4O3F8,bulk,dft_3d,Co-F-Li-O,oxide,oxide,A2B3C4D8,unknown,unknown,0.35,False,True,True,Co;F;Li;O,3,0.75,False,True,True,2,,1,False,6.0,-1.91474,-1.91474,0.0752,,stable_or_known,same rich family/formula/prototype/composition/chemical context,9.75,388,known_synthesized
same_family,JVASP-145157,Li7Mn2Co3O12,JVASP-144024,Li4Mn3FeB4O12,Li4Mn3Fe(BO3)4,bulk,dft_3d,B-Fe-Li-Mn-O,oxide,oxide,ABC3D3E4,unknown,unknown,0.35,False,True,True,B;Fe;Li;Mn;O,3,0.75,False,True,True,1,,1,False,7.0,-2.15099,-2.15099,0.0728,,stable_or_known,same rich family/formula/prototype/composition/chemical context,9.75,389,known_synthesized
same_family,JVASP-145157,Li7Mn2Co3O12,JVASP-48340,Li6CoOF6,Li6CoOF6,bulk,dft_3d,Co-F-Li-O,oxide,oxide,ABC6D6,unknown,unknown,0.35,False,True,True,Co;F;Li;O,3,0.75,False,True,True,139,,4,False,131.0,-2.7754600000000003,-2.7754600000000003,0.098,,stable_or_known,same rich family/formula/prototype/composition/chemical context,9.75,390,known_synthesized
same_family,JVASP-145157,Li7Mn2Co3O12,JVASP-133565,Li2MnO2F,Li2MnO2F,bulk,dft_3d,F-Li-Mn-O,oxide,oxide,ABC2D2,unknown,unknown,0.35,False,True,True,F;Li;Mn;O,3,0.75,False,True,True,1,,1,False,7.0,-2.29956,-2.29956,0.0,,stable_or_known,same rich family/formula/prototype/composition/chemical context,9.75,391,known_synthesized
same_family,JVASP-145157,Li7Mn2Co3O12,JVASP-95674,Li8CoO6,Li8CoO6,bulk,dft_3d,Co-Li-O,oxide,oxide,AB6C8,unknown,unknown,0.35,False,True,True,Co;Li;O,3,0.75,False,True,True,185,,6,False,177.0,-1.8787200000000002,-1.8787200000000002,0.0869,True,stable_or_known,same rich family/formula/prototype/composition/chemical context,9.75,392,
same_family,JVASP-145157,Li7Mn2Co3O12,JVASP-118981,Li2CoO3,Li2CoO3,bulk,dft_3d,Co-Li-O,oxide,oxide,AB2C3,unknown,unknown,0.35,False,True,True,Co;Li;O,3,0.75,False,True,True,12,,2,False,4.0,-1.7427300000000001,-1.7427300000000001,0.039,,stable_or_known,same rich family/formula/prototype/composition/chemical context,9.75,393,known_synthesized
same_family,JVASP-145157,Li7Mn2Co3O12,JVASP-111972,Li2MnP2O8,Li2Mn(PO4)2,bulk,dft_3d,Li-Mn-O-P,oxide,oxide,ABC2D4,unknown,unknown,0.35,False,True,True,Li;Mn;O;P,3,0.75,False,True,True,2,,1,False,6.0,-2.22359,-2.22359,0.0286,,stable_or_known,same rich family/formula/prototype/composition/chemical context,9.75,394,known_synthesized
same_family,JVASP-145157,Li7Mn2Co3O12,JVASP-48360,Li2FeCo3O8,Li2FeCo3O8,bulk,dft_3d,Co-Fe-Li-O,oxide,oxide,AB2C3D8,unknown,unknown,0.35,False,True,True,Co;Fe;Li;O,3,0.75,False,True,True,12,,2,False,4.0,-1.48706,-1.48706,0.082,,stable_or_known,same rich family/formula/prototype/composition/chemical context,9.75,395,known_synthesized
same_family,JVASP-145157,Li7Mn2Co3O12,JVASP-42696,Li3CrCo3O8,Li3CrCo3O8,bulk,dft_3d,Co-Cr-Li-O,oxide,oxide,AB3C3D8,unknown,unknown,0.35,False,True,True,Co;Cr;Li;O,3,0.75,False,True,True,166,,5,False,158.0,-1.70768,-1.70768,0.0721,,stable_or_known,same rich family/formula/prototype/composition/chemical context,9.75,396,known_synthesized
same_family,JVASP-145157,Li7Mn2Co3O12,JVASP-46794,LiMnO2,LiMnO2,bulk,dft_3d,Li-Mn-O,oxide,oxide,ABC2,unknown,unknown,0.35,False,True,True,Li;Mn;O,3,0.75,False,True,True,2,,1,False,6.0,-1.99998,-1.99998,0.0391,,stable_or_known,same rich family/formula/prototype/composition/chemical context,9.75,397,known_synthesized
same_family,JVASP-145157,Li7Mn2Co3O12,JVASP-103753,LiCo2CuO6,LiCo2CuO6,bulk,dft_3d,Co-Cu-Li-O,oxide,oxide,ABC2D6,unknown,unknown,0.35,False,True,True,Co;Cu;Li;O,3,0.75,False,True,True,12,,2,False,4.0,-1.12401,-1.12401,0.0682,,stable_or_known,same rich family/formula/prototype/composition/chemical context,9.75,398,known_synthesized
same_family,JVASP-145157,Li7Mn2Co3O12,JVASP-147144,LiMn7O12,LiMn7O12,bulk,dft_3d,Li-Mn-O,oxide,oxide,AB7C12,unknown,unknown,0.35,False,True,True,Li;Mn;O,3,0.75,False,True,True,204,,7,False,196.0,-1.82819,-1.82819,0.0414,,stable_or_known,same rich family/formula/prototype/composition/chemical context,9.75,399,known_synthesized
same_family,JVASP-145157,Li7Mn2Co3O12,JVASP-119375,Li3MnP2HO8,Li3MnP2HO8,bulk,dft_3d,H-Li-Mn-O-P,oxide,oxide,ABC2D3E8,unknown,unknown,0.35,False,True,True,H;Li;Mn;O;P,3,0.75,False,True,True,4,,2,False,4.0,-2.20538,-2.20538,0.0206,,stable_or_known,same rich family/formula/prototype/composition/chemical context,9.75,400,known_synthesized
same_family,JVASP-145157,Li7Mn2Co3O12,JVASP-46752,Li6MnCrP2C2O14,Li6MnCrP2(CO7)2,bulk,dft_3d,C-Cr-Li-Mn-O-P,oxide,oxide,ABCD2E6F7,unknown,unknown,0.35,False,True,True,C;Cr;Li;Mn;O;P,3,0.75,False,True,True,6,,2,False,2.0,-2.08265,-2.08265,0.0,,stable_or_known,same rich family/formula/prototype/composition/chemical context,9.75,401,known_synthesized
same_family,JVASP-145157,Li7Mn2Co3O12,JVASP-46777,Li4MnO2F2,Li4Mn(OF)2,bulk,dft_3d,F-Li-Mn-O,oxide,oxide,ABCD4,unknown,unknown,0.35,False,True,True,F;Li;Mn;O,3,0.75,False,True,True,14,,2,False,6.0,-2.2925,-2.2925,0.0,,stable_or_known,same rich family/formula/prototype/composition/chemical context,9.75,402,known_synthesized
same_family,JVASP-145157,Li7Mn2Co3O12,JVASP-120598,Li4MnFe3P4O16,Li4MnFe3(PO4)4,bulk,dft_3d,Fe-Li-Mn-O-P,oxide,oxide,ABC3D4E4,unknown,unknown,0.35,False,True,True,Fe;Li;Mn;O;P,3,0.75,False,True,True,6,,2,False,2.0,-2.10813,-2.10813,0.0056,,stable_or_known,same rich family/formula/prototype/composition/chemical context,9.75,403,known_synthesized
same_family,JVASP-145157,Li7Mn2Co3O12,JVASP-48392,Li3MnP2O8,Li3Mn(PO4)2,bulk,dft_3d,Li-Mn-O-P,oxide,oxide,ABC3D4,unknown,unknown,0.35,False,True,True,Li;Mn;O;P,3,0.75,False,True,True,11,,2,False,3.0,-2.33073,-2.33073,0.029400000000000003,,stable_or_known,same rich family/formula/prototype/composition/chemical context,9.75,404,known_synthesized
same_family,JVASP-145157,Li7Mn2Co3O12,JVASP-118988,Li4Mn3O7,Li4Mn3O7,bulk,dft_3d,Li-Mn-O,oxide,oxide,A3B4C7,unknown,unknown,0.35,False,True,True,Li;Mn;O,3,0.75,False,True,True,2,,1,False,6.0,-2.06628,-2.06628,0.044700000000000004,,stable_or_known,same rich family/formula/prototype/composition/chemical context,9.75,405,known_synthesized
same_family,JVASP-145157,Li7Mn2Co3O12,JVASP-141695,Li4Ti2V3Co3O16,Li4Ti2V3Co3O16,bulk,dft_3d,Co-Li-O-Ti-V,oxide,oxide,A2B3C3D4E16,unknown,unknown,0.35,False,True,True,Co;Li;O;Ti;V,3,0.75,False,True,True,1,,1,False,7.0,-2.31831,-2.31831,0.0444,,stable_or_known,same rich family/formula/prototype/composition/chemical context,9.75,406,known_synthesized
same_family,JVASP-145157,Li7Mn2Co3O12,JVASP-111869,Li2V3CoO8,Li2V3CoO8,bulk,dft_3d,Co-Li-O-V,oxide,oxide,AB2C3D8,unknown,unknown,0.35,False,True,True,Co;Li;O;V,3,0.75,False,True,True,160,,5,False,152.0,-2.26089,-2.26089,0.08750000000000001,,stable_or_known,same rich family/formula/prototype/composition/chemical context,9.75,407,known_synthesized
same_family,JVASP-145157,Li7Mn2Co3O12,JVASP-12055,MnCo3O8,MnCo3O8,bulk,dft_3d,Co-Mn-O,oxide,oxide,AB3C8,unknown,unknown,0.35,False,True,True,Co;Mn;O,3,0.75,False,True,True,166,,5,False,158.0,-1.16841,-1.16841,0.0912,,stable_or_known,same rich family/formula/prototype/composition/chemical context,9.75,408,known_synthesized
same_family,JVASP-145157,Li7Mn2Co3O12,JVASP-119585,Li4Co3O7,Li4Co3O7,bulk,dft_3d,Co-Li-O,oxide,oxide,A3B4C7,unknown,unknown,0.35,False,True,True,Co;Li;O,3,0.75,False,True,True,12,,2,False,4.0,-1.72072,-1.72072,0.0263,,stable_or_known,same rich family/formula/prototype/composition/chemical context,9.75,409,known_synthesized
same_family,JVASP-145157,Li7Mn2Co3O12,JVASP-145594,Li2Mn2FeO6,Li2Mn2FeO6,bulk,dft_3d,Fe-Li-Mn-O,oxide,oxide,AB2C2D6,unknown,unknown,0.35,False,True,True,Fe;Li;Mn;O,3,0.75,False,True,True,64,,3,False,56.0,-1.87802,-1.87802,0.0815,,stable_or_known,same rich family/formula/prototype/composition/chemical context,9.75,410,known_synthesized
same_family,JVASP-145157,Li7Mn2Co3O12,JVASP-44301,Li2CoOF3,Li2CoOF3,bulk,dft_3d,Co-F-Li-O,oxide,oxide,ABC2D3,unknown,unknown,0.35,False,True,True,Co;F;Li;O,3,0.75,False,True,True,76,,4,False,68.0,-2.36348,-2.36348,0.0952,,stable_or_known,same rich family/formula/prototype/composition/chemical context,9.75,411,known_synthesized
same_family,JVASP-145157,Li7Mn2Co3O12,JVASP-122502,LiCo4O8,Li(CoO2)4,bulk,dft_3d,Co-Li-O,oxide,oxide,ABC2,unknown,unknown,0.35,False,True,True,Co;Li;O,3,0.75,False,True,True,166,,5,False,158.0,-1.23903,-1.23903,0.056900000000000006,,stable_or_known,same rich family/formula/prototype/composition/chemical context,9.75,412,known_synthesized
same_family,JVASP-145157,Li7Mn2Co3O12,JVASP-46771,LiMn2OF3,LiMn2OF3,bulk,dft_3d,F-Li-Mn-O,oxide,oxide,ABC2D3,unknown,unknown,0.35,False,True,True,F;Li;Mn;O,3,0.75,False,True,True,62,,3,False,54.0,-2.26108,-2.26108,0.0,,stable_or_known,same rich family/formula/prototype/composition/chemical context,9.75,413,known_synthesized
same_family,JVASP-145157,Li7Mn2Co3O12,JVASP-47029,Li2CoNiO4,Li2CoNiO4,bulk,dft_3d,Co-Li-Ni-O,oxide,oxide,ABC2D4,unknown,unknown,0.35,False,True,True,Co;Li;Ni;O,3,0.75,False,True,True,74,,3,False,66.0,-1.56832,-1.56832,0.0252,,stable_or_known,same rich family/formula/prototype/composition/chemical context,9.75,414,known_synthesized
same_family,JVASP-145157,Li7Mn2Co3O12,JVASP-141573,Li6MnO2F4,Li6Mn(OF2)2,bulk,dft_3d,F-Li-Mn-O,oxide,oxide,ABC2D6,unknown,unknown,0.35,False,True,True,F;Li;Mn;O,3,0.75,False,True,True,15,,2,False,7.0,-2.53291,-2.53291,0.0,,stable_or_known,same rich family/formula/prototype/composition/chemical context,9.75,415,known_synthesized
same_family,JVASP-145157,Li7Mn2Co3O12,JVASP-57480,KLiMnO2,KLiMnO2,bulk,dft_3d,K-Li-Mn-O,oxide,oxide,ABCD2,unknown,unknown,0.35,False,True,True,K;Li;Mn;O,3,0.75,False,True,True,12,,2,False,4.0,-1.63473,-1.63473,0.1227,True,stable_or_known,same rich family/formula/prototype/composition/chemical context,9.75,416,
same_family,JVASP-145157,Li7Mn2Co3O12,JVASP-107791,LiMnO2,LiMnO2,bulk,dft_3d,Li-Mn-O,oxide,oxide,ABC2,unknown,unknown,0.35,False,True,True,Li;Mn;O,3,0.75,False,True,True,166,,5,False,158.0,-1.9426800000000002,-1.9426800000000002,0.0964,,stable_or_known,same rich family/formula/prototype/composition/chemical context,9.75,417,known_synthesized
same_family,JVASP-145157,Li7Mn2Co3O12,JVASP-44414,Li2Mn3WO8,Li2Mn3WO8,bulk,dft_3d,Li-Mn-O-W,oxide,oxide,AB2C3D8,unknown,unknown,0.35,False,True,True,Li;Mn;O;W,3,0.75,False,True,True,9,,2,False,1.0,-2.02474,-2.02474,0.06,,stable_or_known,same rich family/formula/prototype/composition/chemical context,9.75,418,known_synthesized
same_family,JVASP-145157,Li7Mn2Co3O12,JVASP-132851,Li3Co2Cu3O10,Li3Co2Cu3O10,bulk,dft_3d,Co-Cu-Li-O,oxide,oxide,A2B3C3D10,unknown,unknown,0.35,False,True,True,Co;Cu;Li;O,3,0.75,False,True,True,2,,1,False,6.0,-1.13815,-1.13815,0.09230000000000001,,stable_or_known,same rich family/formula/prototype/composition/chemical context,9.75,419,known_synthesized
same_family,JVASP-145157,Li7Mn2Co3O12,JVASP-145554,LiMnP3O9,LiMn(PO3)3,bulk,dft_3d,Li-Mn-O-P,oxide,oxide,ABCD3,unknown,unknown,0.35,False,True,True,Li;Mn;O;P,3,0.75,False,True,True,188,,6,False,180.0,-2.15793,-2.15793,0.0417,,stable_or_known,same rich family/formula/prototype/composition/chemical context,9.75,420,known_synthesized
same_family,JVASP-145157,Li7Mn2Co3O12,JVASP-145604,Li2CoCuO4,Li2CoCuO4,bulk,dft_3d,Co-Cu-Li-O,oxide,oxide,ABC2D4,unknown,unknown,0.35,False,True,True,Co;Cu;Li;O,3,0.75,False,True,True,119,,4,False,111.0,-1.42155,-1.42155,0.0978,,stable_or_known,same rich family/formula/prototype/composition/chemical context,9.75,421,known_synthesized
same_family,JVASP-145157,Li7Mn2Co3O12,JVASP-140991,LiCoPO4,LiCoPO4,bulk,dft_3d,Co-Li-O-P,oxide,oxide,ABCD4,unknown,unknown,0.35,False,True,True,Co;Li;O;P,3,0.75,False,True,True,1,,1,False,7.0,-1.9536900000000001,-1.9536900000000001,0.0359,,stable_or_known,same rich family/formula/prototype/composition/chemical context,9.75,422,known_synthesized
same_family,JVASP-145157,Li7Mn2Co3O12,JVASP-48641,Li3Mn5OF11,Li3Mn5OF11,bulk,dft_3d,F-Li-Mn-O,oxide,oxide,AB3C5D11,unknown,unknown,0.35,False,True,True,F;Li;Mn;O,3,0.75,False,True,True,1,,1,False,7.0,-2.48287,-2.48287,0.0,,stable_or_known,same rich family/formula/prototype/composition/chemical context,9.75,423,known_synthesized
same_family,JVASP-145157,Li7Mn2Co3O12,JVASP-146625,Li3Co3NiO8,Li3Co3NiO8,bulk,dft_3d,Co-Li-Ni-O,oxide,oxide,AB3C3D8,unknown,unknown,0.35,False,True,True,Co;Li;Ni;O,3,0.75,False,True,True,12,,2,False,4.0,-1.54602,-1.54602,0.0285,,stable_or_known,same rich family/formula/prototype/composition/chemical context,9.75,424,known_synthesized
same_family,JVASP-145157,Li7Mn2Co3O12,JVASP-121924,Li3MnPCO7,Li3MnPCO7,bulk,dft_3d,C-Li-Mn-O-P,oxide,oxide,ABCD3E7,unknown,unknown,0.35,False,True,True,C;Li;Mn;O;P,3,0.75,False,True,True,2,,1,False,6.0,-2.09825,-2.09825,0.0599,,stable_or_known,same rich family/formula/prototype/composition/chemical context,9.75,425,known_synthesized
same_family,JVASP-145157,Li7Mn2Co3O12,JVASP-112793,Ca3MnCoO6,Ca3MnCoO6,bulk,dft_3d,Ca-Co-Mn-O,oxide,oxide,ABC3D6,unknown,unknown,0.35,False,True,True,Ca;Co;Mn;O,3,0.75,False,True,True,15,,2,False,7.0,-2.51916,-2.51916,0.0148,,stable_or_known,same rich family/formula/prototype/composition/chemical context,9.75,426,known_synthesized
same_family,JVASP-145157,Li7Mn2Co3O12,JVASP-11776,LiMnVO4,LiMnVO4,bulk,dft_3d,Li-Mn-O-V,oxide,oxide,ABCD4,unknown,unknown,0.35,False,True,True,Li;Mn;O;V,3,0.75,False,True,True,63,,3,False,55.0,-2.27645,-2.27645,0.0175,True,stable_or_known,same rich family/formula/prototype/composition/chemical context,9.75,427,
same_family,JVASP-145157,Li7Mn2Co3O12,JVASP-40662,LiMnPO4,LiMnPO4,bulk,dft_3d,Li-Mn-O-P,oxide,oxide,ABCD4,unknown,unknown,0.35,False,True,True,Li;Mn;O;P,3,0.75,False,True,True,14,,2,False,6.0,-2.1823,-2.1823,0.0363,,stable_or_known,same rich family/formula/prototype/composition/chemical context,9.75,428,known_synthesized
same_family,JVASP-145157,Li7Mn2Co3O12,JVASP-121920,LiMnBO3,LiMnBO3,bulk,dft_3d,B-Li-Mn-O,oxide,oxide,ABCD3,unknown,unknown,0.35,False,True,True,B;Li;Mn;O,3,0.75,False,True,True,2,,1,False,6.0,-2.19142,-2.19142,0.030600000000000002,,stable_or_known,same rich family/formula/prototype/composition/chemical context,9.75,429,known_synthesized
same_family,JVASP-145157,Li7Mn2Co3O12,JVASP-141918,Li7Co5O12,Li7Co5O12,bulk,dft_3d,Co-Li-O,oxide,oxide,A5B7C12,unknown,unknown,0.35,False,True,True,Co;Li;O,3,0.75,False,True,True,2,,1,False,6.0,-1.72464,-1.72464,0.028200000000000003,,stable_or_known,same rich family/formula/prototype/composition/chemical context,9.75,430,known_synthesized
same_family,JVASP-145157,Li7Mn2Co3O12,JVASP-146768,Li7Co5O12,Li7Co5O12,bulk,dft_3d,Co-Li-O,oxide,oxide,A5B7C12,unknown,unknown,0.35,False,True,True,Co;Li;O,3,0.75,False,True,True,2,,1,False,6.0,-1.7508700000000001,-1.7508700000000001,0.002,,stable_or_known,same rich family/formula/prototype/composition/chemical context,9.75,431,known_synthesized
same_family,JVASP-145157,Li7Mn2Co3O12,JVASP-144773,Li4Mn3TeO12,Li4Mn3TeO12,bulk,dft_3d,Li-Mn-O-Te,oxide,oxide,AB3C4D12,unknown,unknown,0.35,False,True,True,Li;Mn;O;Te,3,0.75,False,True,True,3,,2,False,5.0,-1.78374,-1.78374,0.0,,stable_or_known,same rich family/formula/prototype/composition/chemical context,9.75,432,known_synthesized
same_family,JVASP-145157,Li7Mn2Co3O12,JVASP-143973,Li5Mn3Cr2O10,Li5Mn3Cr2O10,bulk,dft_3d,Cr-Li-Mn-O,oxide,oxide,A2B3C5D10,unknown,unknown,0.35,False,True,True,Cr;Li;Mn;O,3,0.75,False,True,True,2,,1,False,6.0,-2.09239,-2.09239,0.0238,,stable_or_known,same rich family/formula/prototype/composition/chemical context,9.75,433,known_synthesized
same_family,JVASP-145157,Li7Mn2Co3O12,JVASP-147118,Li2CoW2O8,Li2Co(WO4)2,bulk,dft_3d,Co-Li-O-W,oxide,oxide,ABC2D4,unknown,unknown,0.35,False,True,True,Co;Li;O;W,3,0.75,False,True,True,2,,1,False,6.0,-2.10153,-2.10153,0.0999,,stable_or_known,same rich family/formula/prototype/composition/chemical context,9.75,434,known_synthesized
same_family,JVASP-145157,Li7Mn2Co3O12,JVASP-146975,Li5Mn3O8,Li5Mn3O8,bulk,dft_3d,Li-Mn-O,oxide,oxide,A3B5C8,unknown,unknown,0.35,False,True,True,Li;Mn;O,3,0.75,False,True,True,12,,2,False,4.0,-2.1549,-2.1549,0.0091,,stable_or_known,same rich family/formula/prototype/composition/chemical context,9.75,435,known_synthesized
same_family,JVASP-145157,Li7Mn2Co3O12,JVASP-119543,Li3Mn2VO6,Li3Mn2VO6,bulk,dft_3d,Li-Mn-O-V,oxide,oxide,AB2C3D6,unknown,unknown,0.35,False,True,True,Li;Mn;O;V,3,0.75,False,True,True,12,,2,False,4.0,-2.16526,-2.16526,0.0449,,stable_or_known,same rich family/formula/prototype/composition/chemical context,9.75,436,known_synthesized
same_family,JVASP-145157,Li7Mn2Co3O12,JVASP-46864,Li3CoNi3O8,Li3CoNi3O8,bulk,dft_3d,Co-Li-Ni-O,oxide,oxide,AB3C3D8,unknown,unknown,0.35,False,True,True,Co;Li;Ni;O,3,0.75,False,True,True,166,,5,False,158.0,-1.40344,-1.40344,0.055400000000000005,,stable_or_known,same rich family/formula/prototype/composition/chemical context,9.75,437,known_synthesized
same_family,JVASP-145157,Li7Mn2Co3O12,JVASP-117082,Li4CoOF5,Li4CoOF5,bulk,dft_3d,Co-F-Li-O,oxide,oxide,ABC4D5,unknown,unknown,0.35,False,True,True,Co;F;Li;O,3,0.75,False,True,True,12,,2,False,4.0,-2.6324300000000003,-2.6324300000000003,0.09230000000000001,,stable_or_known,same rich family/formula/prototype/composition/chemical context,9.75,438,known_synthesized
same_family,JVASP-145157,Li7Mn2Co3O12,JVASP-119357,Li2Mn3TeO8,Li2Mn3TeO8,bulk,dft_3d,Li-Mn-O-Te,oxide,oxide,AB2C3D8,unknown,unknown,0.35,False,True,True,Li;Mn;O;Te,3,0.75,False,True,True,166,,5,False,158.0,-1.73455,-1.73455,0.0,,stable_or_known,same rich family/formula/prototype/composition/chemical context,9.75,439,known_synthesized
same_family,JVASP-145157,Li7Mn2Co3O12,JVASP-142885,Li3TiMn4O8,Li3TiMn4O8,bulk,dft_3d,Li-Mn-O-Ti,oxide,oxide,AB3C4D8,unknown,unknown,0.35,False,True,True,Li;Mn;O;Ti,3,0.75,False,True,True,12,,2,False,4.0,-2.06005,-2.06005,0.099,,stable_or_known,same rich family/formula/prototype/composition/chemical context,9.75,440,known_synthesized
same_family,JVASP-145157,Li7Mn2Co3O12,JVASP-7888,Li2MnO2,Li2MnO2,bulk,dft_3d,Li-Mn-O,oxide,oxide,AB2C2,unknown,unknown,0.35,False,True,True,Li;Mn;O,3,0.75,False,True,True,164,,5,False,156.0,-1.7594400000000001,-1.7594400000000001,0.183,True,stable_or_known,same rich family/formula/prototype/composition/chemical context,9.75,441,
same_family,JVASP-145157,Li7Mn2Co3O12,JVASP-47526,LiMnPO4,LiMnPO4,bulk,dft_3d,Li-Mn-O-P,oxide,oxide,ABCD4,unknown,unknown,0.35,False,True,True,Li;Mn;O;P,3,0.75,False,True,True,5,,2,False,3.0,-2.15882,-2.15882,0.0597,,stable_or_known,same rich family/formula/prototype/composition/chemical context,9.75,442,known_synthesized
same_family,JVASP-145157,Li7Mn2Co3O12,JVASP-48314,Li6MnO2F4,Li6Mn(OF2)2,bulk,dft_3d,F-Li-Mn-O,oxide,oxide,ABC2D6,unknown,unknown,0.35,False,True,True,F;Li;Mn;O,3,0.75,False,True,True,2,,1,False,6.0,-2.50152,-2.50152,0.0,,stable_or_known,same rich family/formula/prototype/composition/chemical context,9.75,443,known_synthesized
same_family,JVASP-145157,Li7Mn2Co3O12,JVASP-145629,Li3MnPCO7,Li3MnPCO7,bulk,dft_3d,C-Li-Mn-O-P,oxide,oxide,ABCD3E7,unknown,unknown,0.35,False,True,True,C;Li;Mn;O;P,3,0.75,False,True,True,4,,2,False,4.0,-2.12087,-2.12087,0.0373,,stable_or_known,same rich family/formula/prototype/composition/chemical context,9.75,444,known_synthesized
same_family,JVASP-145157,Li7Mn2Co3O12,JVASP-145895,Li7Co5O12,Li7Co5O12,bulk,dft_3d,Co-Li-O,oxide,oxide,A5B7C12,unknown,unknown,0.35,False,True,True,Co;Li;O,3,0.75,False,True,True,12,,2,False,4.0,-1.72624,-1.72624,0.026600000000000002,,stable_or_known,same rich family/formula/prototype/composition/chemical context,9.75,445,known_synthesized
same_family,JVASP-145157,Li7Mn2Co3O12,JVASP-121709,Li2V3CoO8,Li2V3CoO8,bulk,dft_3d,Co-Li-O-V,oxide,oxide,AB2C3D8,unknown,unknown,0.35,False,True,True,Co;Li;O;V,3,0.75,False,True,True,166,,5,False,158.0,-2.27787,-2.27787,0.07060000000000001,,stable_or_known,same rich family/formula/prototype/composition/chemical context,9.75,446,known_synthesized
same_family,JVASP-145157,Li7Mn2Co3O12,JVASP-143257,Li5Mn5O9F,Li5Mn5O9F,bulk,dft_3d,F-Li-Mn-O,oxide,oxide,AB5C5D9,unknown,unknown,0.35,False,True,True,F;Li;Mn;O,3,0.75,False,True,True,1,,1,False,7.0,-2.0185,-2.0185,0.0,,stable_or_known,same rich family/formula/prototype/composition/chemical context,9.75,447,known_synthesized
same_family,JVASP-145157,Li7Mn2Co3O12,JVASP-133195,Li7Co5O12,Li7Co5O12,bulk,dft_3d,Co-Li-O,oxide,oxide,A5B7C12,unknown,unknown,0.35,False,True,True,Co;Li;O,3,0.75,False,True,True,12,,2,False,4.0,-1.72708,-1.72708,0.0257,,stable_or_known,same rich family/formula/prototype/composition/chemical context,9.75,448,known_synthesized
same_family,JVASP-145157,Li7Mn2Co3O12,JVASP-112820,Li2VCoO4,Li2VCoO4,bulk,dft_3d,Co-Li-O-V,oxide,oxide,ABC2D4,unknown,unknown,0.35,False,True,True,Co;Li;O;V,3,0.75,False,True,True,1,,1,False,7.0,-2.09022,-2.09022,0.0983,,stable_or_known,same rich family/formula/prototype/composition/chemical context,9.75,449,known_synthesized
same_family,JVASP-145157,Li7Mn2Co3O12,JVASP-146980,Li4MnCrO6,Li4MnCrO6,bulk,dft_3d,Cr-Li-Mn-O,oxide,oxide,ABC4D6,unknown,unknown,0.35,False,True,True,Cr;Li;Mn;O,3,0.75,False,True,True,1,,1,False,7.0,-2.19091,-2.19091,0.037,,stable_or_known,same rich family/formula/prototype/composition/chemical context,9.75,450,known_synthesized
same_family,JVASP-145157,Li7Mn2Co3O12,JVASP-42633,LiMn2P2O8,LiMn2(PO4)2,bulk,dft_3d,Li-Mn-O-P,oxide,oxide,ABC2D4,unknown,unknown,0.35,False,True,True,Li;Mn;O;P,3,0.75,False,True,True,7,,2,False,1.0,-2.07238,-2.07238,0.093,,stable_or_known,same rich family/formula/prototype/composition/chemical context,9.75,451,known_synthesized
same_family,JVASP-145157,Li7Mn2Co3O12,JVASP-146890,Li2Mn3GaO8,Li2Mn3GaO8,bulk,dft_3d,Ga-Li-Mn-O,oxide,oxide,AB2C3D8,unknown,unknown,0.35,False,True,True,Ga;Li;Mn;O,3,0.75,False,True,True,166,,5,False,158.0,-2.05251,-2.05251,0.0,,stable_or_known,same rich family/formula/prototype/composition/chemical context,9.75,452,known_synthesized
same_family,JVASP-145157,Li7Mn2Co3O12,JVASP-42516,Li2Mn3CuO8,Li2Mn3CuO8,bulk,dft_3d,Cu-Li-Mn-O,oxide,oxide,AB2C3D8,unknown,unknown,0.35,False,True,True,Cu;Li;Mn;O,3,0.75,False,True,True,160,,5,False,152.0,-1.8082200000000002,-1.8082200000000002,0.009600000000000001,,stable_or_known,same rich family/formula/prototype/composition/chemical context,9.75,453,known_synthesized
same_family,JVASP-145157,Li7Mn2Co3O12,JVASP-116768,Li2MnV3O8,Li2MnV3O8,bulk,dft_3d,Li-Mn-O-V,oxide,oxide,AB2C3D8,unknown,unknown,0.35,False,True,True,Li;Mn;O;V,3,0.75,False,True,True,160,,5,False,152.0,-2.39321,-2.39321,0.0238,,stable_or_known,same rich family/formula/prototype/composition/chemical context,9.75,454,known_synthesized
same_family,JVASP-145157,Li7Mn2Co3O12,JVASP-42829,Li3Co4O8,Li3(CoO2)4,bulk,dft_3d,Co-Li-O,oxide,oxide,AB2C3,unknown,unknown,0.35,False,True,True,Co;Li;O,3,0.75,False,True,True,166,,5,False,158.0,-1.57084,-1.57084,0.030600000000000002,,stable_or_known,same rich family/formula/prototype/composition/chemical context,9.75,455,known_synthesized
same_family,JVASP-145157,Li7Mn2Co3O12,JVASP-112799,LiCoPO4,LiCoPO4,bulk,dft_3d,Co-Li-O-P,oxide,oxide,ABCD4,unknown,unknown,0.35,False,True,True,Co;Li;O;P,3,0.75,False,True,True,2,,1,False,6.0,-1.9554200000000002,-1.9554200000000002,0.0342,,stable_or_known,same rich family/formula/prototype/composition/chemical context,9.75,456,known_synthesized
same_family,JVASP-145157,Li7Mn2Co3O12,JVASP-121805,Li3Co2O5,Li3Co2O5,bulk,dft_3d,Co-Li-O,oxide,oxide,A2B3C5,unknown,unknown,0.35,False,True,True,Co;Li;O,3,0.75,False,True,True,12,,2,False,4.0,-1.76008,-1.76008,0.0009000000000000001,,stable_or_known,same rich family/formula/prototype/composition/chemical context,9.75,457,known_synthesized
same_family,JVASP-145157,Li7Mn2Co3O12,JVASP-122353,Li5Mn5V2O12,Li5Mn5V2O12,bulk,dft_3d,Li-Mn-O-V,oxide,oxide,A2B5C5D12,unknown,unknown,0.35,False,True,True,Li;Mn;O;V,3,0.75,False,True,True,5,,2,False,3.0,-2.07016,-2.07016,0.0483,,stable_or_known,same rich family/formula/prototype/composition/chemical context,9.75,458,known_synthesized
same_family,JVASP-145157,Li7Mn2Co3O12,JVASP-111965,Li2CoNi2O6,Li2Co(NiO3)2,bulk,dft_3d,Co-Li-Ni-O,oxide,oxide,ABC2D3,unknown,unknown,0.35,False,True,True,Co;Li;Ni;O,3,0.75,False,True,True,41,,3,False,33.0,-1.35585,-1.35585,0.09530000000000001,,stable_or_known,same rich family/formula/prototype/composition/chemical context,9.75,459,known_synthesized
same_family,JVASP-145157,Li7Mn2Co3O12,JVASP-140663,LiMnNbO4,LiMnNbO4,bulk,dft_3d,Li-Mn-Nb-O,oxide,oxide,ABCD4,unknown,unknown,0.35,False,True,True,Li;Mn;Nb;O,3,0.75,False,True,True,95,,4,False,87.0,-2.31196,-2.31196,0.041600000000000005,,stable_or_known,same rich family/formula/prototype/composition/chemical context,9.75,460,known_synthesized
same_family,JVASP-145157,Li7Mn2Co3O12,JVASP-142612,Li2MnCr3O8,Li2MnCr3O8,bulk,dft_3d,Cr-Li-Mn-O,oxide,oxide,AB2C3D8,unknown,unknown,0.35,False,True,True,Cr;Li;Mn;O,3,0.75,False,True,True,12,,2,False,4.0,-2.11346,-2.11346,0.050300000000000004,,stable_or_known,same rich family/formula/prototype/composition/chemical context,9.75,461,known_synthesized
same_family,JVASP-145157,Li7Mn2Co3O12,JVASP-141593,SrLiLa3MnO8,SrLiLa3MnO8,bulk,dft_3d,La-Li-Mn-O-Sr,oxide,oxide,ABCD3E8,unknown,unknown,0.35,False,True,True,La;Li;Mn;O;Sr,3,0.75,False,True,True,38,,3,False,30.0,-3.16934,-3.16934,0.0,,stable_or_known,same rich family/formula/prototype/composition/chemical context,9.75,462,known_synthesized
same_family,JVASP-145157,Li7Mn2Co3O12,JVASP-48232,LiMn7O12,LiMn7O12,bulk,dft_3d,Li-Mn-O,oxide,oxide,AB7C12,unknown,unknown,0.35,False,True,True,Li;Mn;O,3,0.75,False,True,True,5,,2,False,3.0,-1.7778500000000002,-1.7778500000000002,0.0917,,stable_or_known,same rich family/formula/prototype/composition/chemical context,9.75,463,known_synthesized
same_family,JVASP-145157,Li7Mn2Co3O12,JVASP-48966,Li2MnO2F,Li2MnO2F,bulk,dft_3d,F-Li-Mn-O,oxide,oxide,ABC2D2,unknown,unknown,0.35,False,True,True,F;Li;Mn;O,3,0.75,False,True,True,9,,2,False,1.0,-2.29909,-2.29909,0.0,,stable_or_known,same rich family/formula/prototype/composition/chemical context,9.75,464,known_synthesized
same_family,JVASP-145157,Li7Mn2Co3O12,JVASP-55326,LiCoPO4,LiCoPO4,bulk,dft_3d,Co-Li-O-P,oxide,oxide,ABCD4,unknown,unknown,0.35,False,True,True,Co;Li;O;P,3,0.75,False,True,True,62,,3,False,54.0,-1.97266,-1.97266,0.016900000000000002,True,stable_or_known,same rich family/formula/prototype/composition/chemical context,9.75,465,
same_family,JVASP-145157,Li7Mn2Co3O12,JVASP-147673,LiMn3O6,LiMn3O6,bulk,dft_3d,Li-Mn-O,oxide,oxide,AB3C6,unknown,unknown,0.35,False,True,True,Li;Mn;O,3,0.75,False,True,True,9,,2,False,1.0,-1.9023800000000002,-1.9023800000000002,0.0693,,stable_or_known,same rich family/formula/prototype/composition/chemical context,9.75,466,known_synthesized
same_family,JVASP-145157,Li7Mn2Co3O12,JVASP-48297,Li3Co4O8,Li3(CoO2)4,bulk,dft_3d,Co-Li-O,oxide,oxide,AB2C3,unknown,unknown,0.35,False,True,True,Co;Li;O,3,0.75,False,True,True,166,,5,False,158.0,-1.56663,-1.56663,0.034800000000000005,,stable_or_known,same rich family/formula/prototype/composition/chemical context,9.75,467,known_synthesized
same_family,JVASP-145157,Li7Mn2Co3O12,JVASP-143571,Li7Mn5O12,Li7Mn5O12,bulk,dft_3d,Li-Mn-O,oxide,oxide,A5B7C12,unknown,unknown,0.35,False,True,True,Li;Mn;O,3,0.75,False,True,True,2,,1,False,6.0,-2.12283,-2.12283,0.0001,,stable_or_known,same rich family/formula/prototype/composition/chemical context,9.75,468,known_synthesized
same_family,JVASP-145157,Li7Mn2Co3O12,JVASP-146088,LiMnPO4,LiMnPO4,bulk,dft_3d,Li-Mn-O-P,oxide,oxide,ABCD4,unknown,unknown,0.35,False,True,True,Li;Mn;O;P,3,0.75,False,True,True,63,,3,False,55.0,-2.21856,-2.21856,0.0,,stable_or_known,same rich family/formula/prototype/composition/chemical context,9.75,469,known_synthesized
same_family,JVASP-145157,Li7Mn2Co3O12,JVASP-44754,LiMnCuO4,LiMnCuO4,bulk,dft_3d,Cu-Li-Mn-O,oxide,oxide,ABCD4,unknown,unknown,0.35,False,True,True,Cu;Li;Mn;O,3,0.75,False,True,True,74,,3,False,66.0,-1.52983,-1.52983,0.030500000000000003,,stable_or_known,same rich family/formula/prototype/composition/chemical context,9.75,470,known_synthesized
same_family,JVASP-145157,Li7Mn2Co3O12,JVASP-47817,LiMn2NiO6,LiMn2NiO6,bulk,dft_3d,Li-Mn-Ni-O,oxide,oxide,ABC2D6,unknown,unknown,0.35,False,True,True,Li;Mn;Ni;O,3,0.75,False,True,True,12,,2,False,4.0,-1.6593,-1.6593,0.0614,,stable_or_known,same rich family/formula/prototype/composition/chemical context,9.75,471,known_synthesized
same_family,JVASP-145157,Li7Mn2Co3O12,JVASP-44707,Li2TiMnO4,Li2TiMnO4,bulk,dft_3d,Li-Mn-O-Ti,oxide,oxide,ABC2D4,unknown,unknown,0.35,False,True,True,Li;Mn;O;Ti,3,0.75,False,True,True,10,,2,False,2.0,-2.43784,-2.43784,0.0926,,stable_or_known,same rich family/formula/prototype/composition/chemical context,9.75,472,known_synthesized
same_family,JVASP-145157,Li7Mn2Co3O12,JVASP-105695,Li2FeCoO4,Li2FeCoO4,bulk,dft_3d,Co-Fe-Li-O,oxide,oxide,ABC2D4,unknown,unknown,0.35,False,True,True,Co;Fe;Li;O,3,0.75,False,True,True,119,,4,False,111.0,-1.64848,-1.64848,0.0946,,stable_or_known,same rich family/formula/prototype/composition/chemical context,9.75,473,known_synthesized
same_family,JVASP-145157,Li7Mn2Co3O12,JVASP-147104,Li7Co5O12,Li7Co5O12,bulk,dft_3d,Co-Li-O,oxide,oxide,A5B7C12,unknown,unknown,0.35,False,True,True,Co;Li;O,3,0.75,False,True,True,12,,2,False,4.0,-1.75139,-1.75139,0.0014,,stable_or_known,same rich family/formula/prototype/composition/chemical context,9.75,474,known_synthesized
same_family,JVASP-145157,Li7Mn2Co3O12,JVASP-47067,LiMnPO4,LiMnPO4,bulk,dft_3d,Li-Mn-O-P,oxide,oxide,ABCD4,unknown,unknown,0.35,False,True,True,Li;Mn;O;P,3,0.75,False,True,True,60,,3,False,52.0,-2.17501,-2.17501,0.0436,,stable_or_known,same rich family/formula/prototype/composition/chemical context,9.75,475,known_synthesized
same_family,JVASP-145157,Li7Mn2Co3O12,JVASP-43057,LiCo2NiO6,LiCo2NiO6,bulk,dft_3d,Co-Li-Ni-O,oxide,oxide,ABC2D6,unknown,unknown,0.35,False,True,True,Co;Li;Ni;O,3,0.75,False,True,True,12,,2,False,4.0,-1.2442,-1.2442,0.0801,,stable_or_known,same rich family/formula/prototype/composition/chemical context,9.75,476,known_synthesized
same_family,JVASP-145157,Li7Mn2Co3O12,JVASP-133669,Na2LiMnPCO7,Na2LiMnPCO7,bulk,dft_3d,C-Li-Mn-Na-O-P,oxide,oxide,ABCDE2F7,unknown,unknown,0.35,False,True,True,C;Li;Mn;Na;O;P,3,0.75,False,True,True,1,,1,False,7.0,-2.05404,-2.05404,0.0262,,stable_or_known,same rich family/formula/prototype/composition/chemical context,9.75,477,known_synthesized
same_family,JVASP-145157,Li7Mn2Co3O12,JVASP-45932,LiVCoO4,LiVCoO4,bulk,dft_3d,Co-Li-O-V,oxide,oxide,ABCD4,unknown,unknown,0.35,False,True,True,Co;Li;O;V,3,0.75,False,True,True,74,,3,False,66.0,-2.03193,-2.03193,0.0443,,stable_or_known,same rich family/formula/prototype/composition/chemical context,9.75,478,known_synthesized
same_family,JVASP-145157,Li7Mn2Co3O12,JVASP-30333,Mn5CoO12,Mn5CoO12,bulk,dft_3d,Co-Mn-O,oxide,oxide,AB5C12,unknown,unknown,0.35,False,True,True,Co;Mn;O,3,0.75,False,True,True,12,,2,False,4.0,-1.6098400000000002,-1.6098400000000002,0.0775,,stable_or_known,same rich family/formula/prototype/composition/chemical context,9.75,479,known_synthesized
same_family,JVASP-145157,Li7Mn2Co3O12,JVASP-112913,Li7Co5O12,Li7Co5O12,bulk,dft_3d,Co-Li-O,oxide,oxide,A5B7C12,unknown,unknown,0.35,False,True,True,Co;Li;O,3,0.75,False,True,True,2,,1,False,6.0,-1.75153,-1.75153,0.0013000000000000002,,stable_or_known,same rich family/formula/prototype/composition/chemical context,9.75,480,known_synthesized
same_family,JVASP-145157,Li7Mn2Co3O12,JVASP-141215,Li4Co3O7,Li4Co3O7,bulk,dft_3d,Co-Li-O,oxide,oxide,A3B4C7,unknown,unknown,0.35,False,True,True,Co;Li;O,3,0.75,False,True,True,2,,1,False,6.0,-1.74403,-1.74403,0.003,,stable_or_known,same rich family/formula/prototype/composition/chemical context,9.75,481,known_synthesized
same_family,JVASP-145157,Li7Mn2Co3O12,JVASP-47584,Li2Co3SbO8,Li2Co3SbO8,bulk,dft_3d,Co-Li-O-Sb,oxide,oxide,AB2C3D8,unknown,unknown,0.35,False,True,True,Co;Li;O;Sb,3,0.75,False,True,True,166,,5,False,158.0,-1.57248,-1.57248,0.016,,stable_or_known,same rich family/formula/prototype/composition/chemical context,9.75,482,known_synthesized
same_family,JVASP-145157,Li7Mn2Co3O12,JVASP-112839,Li3Mn3NiO8,Li3Mn3NiO8,bulk,dft_3d,Li-Mn-Ni-O,oxide,oxide,AB3C3D8,unknown,unknown,0.35,False,True,True,Li;Mn;Ni;O,3,0.75,False,True,True,12,,2,False,4.0,-1.8976600000000001,-1.8976600000000001,0.048,,stable_or_known,same rich family/formula/prototype/composition/chemical context,9.75,483,known_synthesized
same_family,JVASP-145157,Li7Mn2Co3O12,JVASP-122401,Li2MnO3,Li2MnO3,bulk,dft_3d,Li-Mn-O,oxide,oxide,AB2C3,unknown,unknown,0.35,False,True,True,Li;Mn;O,3,0.75,False,True,True,12,,2,False,4.0,-2.15962,-2.15962,0.0236,,stable_or_known,same rich family/formula/prototype/composition/chemical context,9.75,484,known_synthesized
same_family,JVASP-145157,Li7Mn2Co3O12,JVASP-119334,Li2Mn2OF6,Li2Mn2OF6,bulk,dft_3d,F-Li-Mn-O,oxide,oxide,AB2C2D6,unknown,unknown,0.35,False,True,True,F;Li;Mn;O,3,0.75,False,True,True,9,,2,False,1.0,-2.60306,-2.60306,0.0,,stable_or_known,same rich family/formula/prototype/composition/chemical context,9.75,485,known_synthesized
same_family,JVASP-145157,Li7Mn2Co3O12,JVASP-91986,Li2FeCoO4,Li2FeCoO4,bulk,dft_3d,Co-Fe-Li-O,oxide,oxide,ABC2D4,unknown,unknown,0.35,False,True,True,Co;Fe;Li;O,3,0.75,False,True,True,10,,2,False,2.0,-1.7155500000000001,-1.7155500000000001,0.0275,,stable_or_known,same rich family/formula/prototype/composition/chemical context,9.75,486,known_synthesized
same_family,JVASP-145157,Li7Mn2Co3O12,JVASP-112405,LiMn2O3F,LiMn2O3F,bulk,dft_3d,F-Li-Mn-O,oxide,oxide,ABC2D3,unknown,unknown,0.35,False,True,True,F;Li;Mn;O,3,0.75,False,True,True,12,,2,False,4.0,-2.1352,-2.1352,0.0,,stable_or_known,same rich family/formula/prototype/composition/chemical context,9.75,487,known_synthesized
same_family,JVASP-145157,Li7Mn2Co3O12,JVASP-42567,Li2Mg2MnFeP4O16,Li2Mg2MnFe(PO4)4,bulk,dft_3d,Fe-Li-Mg-Mn-O-P,oxide,oxide,ABCD2E2F4,unknown,unknown,0.35,False,True,True,Fe;Li;Mg;Mn;O;P,3,0.75,False,True,True,1,,1,False,7.0,-2.37243,-2.37243,0.020200000000000003,,stable_or_known,same rich family/formula/prototype/composition/chemical context,9.75,488,known_synthesized
same_family,JVASP-145157,Li7Mn2Co3O12,JVASP-101474,LiMn3O5F,LiMn3O5F,bulk,dft_3d,F-Li-Mn-O,oxide,oxide,ABC3D5,unknown,unknown,0.35,False,True,True,F;Li;Mn;O,3,0.75,False,True,True,1,,1,False,7.0,-1.9913800000000001,-1.9913800000000001,0.0,,stable_or_known,same rich family/formula/prototype/composition/chemical context,9.75,489,known_synthesized
same_family,JVASP-145157,Li7Mn2Co3O12,JVASP-116846,Li2Mn2CrO6,Li2Mn2CrO6,bulk,dft_3d,Cr-Li-Mn-O,oxide,oxide,AB2C2D6,unknown,unknown,0.35,False,True,True,Cr;Li;Mn;O,3,0.75,False,True,True,64,,3,False,56.0,-2.03998,-2.03998,0.0719,,stable_or_known,same rich family/formula/prototype/composition/chemical context,9.75,490,known_synthesized
same_family,JVASP-145157,Li7Mn2Co3O12,JVASP-48294,LiMnP2O7,LiMnP2O7,bulk,dft_3d,Li-Mn-O-P,oxide,oxide,ABC2D7,unknown,unknown,0.35,False,True,True,Li;Mn;O;P,3,0.75,False,True,True,2,,1,False,6.0,-2.1458,-2.1458,0.09390000000000001,,stable_or_known,same rich family/formula/prototype/composition/chemical context,9.75,491,known_synthesized
same_family,JVASP-145157,Li7Mn2Co3O12,JVASP-141517,LiCo3O6,Li(CoO2)3,bulk,dft_3d,Co-Li-O,oxide,oxide,ABC2,unknown,unknown,0.35,False,True,True,Co;Li;O,3,0.75,False,True,True,12,,2,False,4.0,-1.33471,-1.33471,0.03,,stable_or_known,same rich family/formula/prototype/composition/chemical context,9.75,492,known_synthesized
same_family,JVASP-145157,Li7Mn2Co3O12,JVASP-100454,Li2CoNiO4,Li2CoNiO4,bulk,dft_3d,Co-Li-Ni-O,oxide,oxide,ABC2D4,unknown,unknown,0.35,False,True,True,Co;Li;Ni;O,3,0.75,False,True,True,10,,2,False,2.0,-1.56905,-1.56905,0.0244,,stable_or_known,same rich family/formula/prototype/composition/chemical context,9.75,493,known_synthesized
same_family,JVASP-145157,Li7Mn2Co3O12,JVASP-117089,Mn3CoP4O16,Mn3Co(PO4)4,bulk,dft_3d,Co-Mn-O-P,oxide,oxide,ABC3D4,unknown,unknown,0.35,False,True,True,Co;Mn;O;P,3,0.75,False,True,True,6,,2,False,2.0,-1.97456,-1.97456,0.0165,,stable_or_known,same rich family/formula/prototype/composition/chemical context,9.75,494,known_synthesized
same_family,JVASP-145157,Li7Mn2Co3O12,JVASP-47603,Li2VCo3O8,Li2VCo3O8,bulk,dft_3d,Co-Li-O-V,oxide,oxide,AB2C3D8,unknown,unknown,0.35,False,True,True,Co;Li;O;V,3,0.75,False,True,True,186,,6,False,178.0,-1.78006,-1.78006,0.0158,,stable_or_known,same rich family/formula/prototype/composition/chemical context,9.75,495,known_synthesized
same_family,JVASP-145157,Li7Mn2Co3O12,JVASP-47583,Li2Cr3CoO8,Li2Cr3CoO8,bulk,dft_3d,Co-Cr-Li-O,oxide,oxide,AB2C3D8,unknown,unknown,0.35,False,True,True,Co;Cr;Li;O,3,0.75,False,True,True,160,,5,False,152.0,-1.94544,-1.94544,0.0884,,stable_or_known,same rich family/formula/prototype/composition/chemical context,9.75,496,known_synthesized
same_family,JVASP-145157,Li7Mn2Co3O12,JVASP-111930,LiMn3OF5,LiMn3OF5,bulk,dft_3d,F-Li-Mn-O,oxide,oxide,ABC3D5,unknown,unknown,0.35,False,True,True,F;Li;Mn;O,3,0.75,False,True,True,1,,1,False,7.0,-2.28743,-2.28743,0.0,,stable_or_known,same rich family/formula/prototype/composition/chemical context,9.75,497,known_synthesized
same_family,JVASP-145157,Li7Mn2Co3O12,JVASP-144854,Li3Co4O8,Li3(CoO2)4,bulk,dft_3d,Co-Li-O,oxide,oxide,AB2C3,unknown,unknown,0.35,False,True,True,Co;Li;O,3,0.75,False,True,True,166,,5,False,158.0,-1.59166,-1.59166,0.0098,,stable_or_known,same rich family/formula/prototype/composition/chemical context,9.75,498,known_synthesized
same_family,JVASP-145157,Li7Mn2Co3O12,JVASP-42748,LiCo3O2F6,LiCo3(OF3)2,bulk,dft_3d,Co-F-Li-O,oxide,oxide,ABC3D3,unknown,unknown,0.35,False,True,True,Co;F;Li;O,3,0.75,False,True,True,14,,2,False,6.0,-1.89711,-1.89711,0.0194,,stable_or_known,same rich family/formula/prototype/composition/chemical context,9.75,499,known_synthesized
same_family,JVASP-145157,Li7Mn2Co3O12,JVASP-144779,NaLiMnPCO7,NaLiMnPCO7,bulk,dft_3d,C-Li-Mn-Na-O-P,oxide,oxide,ABCDEF7,unknown,unknown,0.35,False,True,True,C;Li;Mn;Na;O;P,3,0.75,False,True,True,4,,2,False,4.0,-2.03609,-2.03609,0.0,,stable_or_known,same rich family/formula/prototype/composition/chemical context,9.75,500,known_synthesized
