pool_name,query_jid,query_formula,candidate_jid,formula,reduced_formula,material_type,dataset_kind,chemical_system,composition_family,material_family,formula_family,prototype_family,structure_variant,family_confidence,same_formula_family,same_prototype_family,same_structure_variant,elements,element_overlap_count,element_overlap_fraction_query,same_chemical_system,same_composition_family,same_material_family,spacegroup_number,spacegroup_symbol,crystal_system_code,symmetry_match,symmetry_distance,formation_energy,formation_energy_peratom,energy_above_hull,known_synthesized,stability_label,selection_reason,selection_score,rank_in_pool,missing_fields
boundary_contrast,JVASP-142153,Li7Mn2Co3O12,JVASP-139912,Li7Mn2Co3O12,Li7Mn2(CoO4)3,bulk,dft_3d,Co-Li-Mn-O,oxide,oxide,AB2C4D7,unknown,unknown,0.35,True,True,True,Co;Li;Mn;O,4,1.0,True,True,True,156,,5,False,148.0,-1.73888,-1.73888,0.2038,,unknown_or_less_stable,related formula/prototype/chemistry/family with different symmetry or variant metadata,8.25,1,known_synthesized
boundary_contrast,JVASP-142153,Li7Mn2Co3O12,JVASP-141685,Li4MnCo2O7,Li4MnCo2O7,bulk,dft_3d,Co-Li-Mn-O,oxide,oxide,AB2C4D7,unknown,unknown,0.35,True,True,True,Co;Li;Mn;O,4,1.0,True,True,True,160,,5,False,152.0,-1.7517,-1.7517,0.156,,unknown_or_less_stable,related formula/prototype/chemistry/family with different symmetry or variant metadata,8.25,2,known_synthesized
boundary_contrast,JVASP-142153,Li7Mn2Co3O12,JVASP-120551,Ba2Co4BrO7,Ba2Co4BrO7,bulk,dft_3d,Ba-Br-Co-O,oxide,oxide,AB2C4D7,unknown,unknown,0.35,True,True,True,Ba;Br;Co;O,2,0.5,False,True,True,166,,5,False,158.0,-1.69285,-1.69285,0.0035,,stable_or_known,related formula/prototype/chemistry/family with different symmetry or variant metadata,8.0,3,known_synthesized
boundary_contrast,JVASP-142153,Li7Mn2Co3O12,JVASP-43333,Li2Mn3CoO8,Li2Mn3CoO8,bulk,dft_3d,Co-Li-Mn-O,oxide,oxide,AB2C3D8,unknown,unknown,0.35,False,True,True,Co;Li;Mn;O,4,1.0,True,True,True,166,,5,False,158.0,-1.9134200000000001,-1.9134200000000001,0.0086,,stable_or_known,related formula/prototype/chemistry/family with different symmetry or variant metadata,7.25,4,known_synthesized
boundary_contrast,JVASP-142153,Li7Mn2Co3O12,JVASP-137387,Li2Mn3CoO8,Li2Mn3CoO8,bulk,dft_3d,Co-Li-Mn-O,oxide,oxide,AB2C3D8,unknown,unknown,0.35,False,True,True,Co;Li;Mn;O,4,1.0,True,True,True,166,,5,False,158.0,-1.91192,-1.91192,0.010100000000000001,,stable_or_known,related formula/prototype/chemistry/family with different symmetry or variant metadata,7.25,5,known_synthesized
boundary_contrast,JVASP-142153,Li7Mn2Co3O12,JVASP-112501,Li4Mn3CoO8,Li4Mn3CoO8,bulk,dft_3d,Co-Li-Mn-O,oxide,oxide,AB3C4D8,unknown,unknown,0.35,False,True,True,Co;Li;Mn;O,4,1.0,True,True,True,166,,5,False,158.0,-1.94012,-1.94012,0.0654,,stable_or_known,related formula/prototype/chemistry/family with different symmetry or variant metadata,7.25,6,known_synthesized
boundary_contrast,JVASP-142153,Li7Mn2Co3O12,JVASP-133710,Li4MnCo3O8,Li4MnCo3O8,bulk,dft_3d,Co-Li-Mn-O,oxide,oxide,AB3C4D8,unknown,unknown,0.35,False,True,True,Co;Li;Mn;O,4,1.0,True,True,True,166,,5,False,158.0,-1.7492800000000002,-1.7492800000000002,0.051300000000000005,,stable_or_known,related formula/prototype/chemistry/family with different symmetry or variant metadata,7.25,7,known_synthesized
boundary_contrast,JVASP-142153,Li7Mn2Co3O12,JVASP-146766,Li4MnCo3O8,Li4MnCo3O8,bulk,dft_3d,Co-Li-Mn-O,oxide,oxide,AB3C4D8,unknown,unknown,0.35,False,True,True,Co;Li;Mn;O,4,1.0,True,True,True,166,,5,False,158.0,-1.7799800000000001,-1.7799800000000001,0.0206,,stable_or_known,related formula/prototype/chemistry/family with different symmetry or variant metadata,7.25,8,known_synthesized
boundary_contrast,JVASP-142153,Li7Mn2Co3O12,JVASP-40680,Li4MnCo3O8,Li4MnCo3O8,bulk,dft_3d,Co-Li-Mn-O,oxide,oxide,AB3C4D8,unknown,unknown,0.35,False,True,True,Co;Li;Mn;O,4,1.0,True,True,True,166,,5,False,158.0,-1.7494,-1.7494,0.0512,,stable_or_known,related formula/prototype/chemistry/family with different symmetry or variant metadata,7.25,9,known_synthesized
boundary_contrast,JVASP-142153,Li7Mn2Co3O12,JVASP-47597,Li2MnCo3O8,Li2MnCo3O8,bulk,dft_3d,Co-Li-Mn-O,oxide,oxide,AB2C3D8,unknown,unknown,0.35,False,True,True,Co;Li;Mn;O,4,1.0,True,True,True,186,,6,False,178.0,-1.60959,-1.60959,0.0371,,stable_or_known,related formula/prototype/chemistry/family with different symmetry or variant metadata,7.25,10,known_synthesized
boundary_contrast,JVASP-142153,Li7Mn2Co3O12,JVASP-146938,Li3MnCo3O8,Li3MnCo3O8,bulk,dft_3d,Co-Li-Mn-O,oxide,oxide,AB3C3D8,unknown,unknown,0.35,False,True,True,Co;Li;Mn;O,4,1.0,True,True,True,166,,5,False,158.0,-1.7168700000000001,-1.7168700000000001,0.0287,,stable_or_known,related formula/prototype/chemistry/family with different symmetry or variant metadata,7.25,11,known_synthesized
boundary_contrast,JVASP-142153,Li7Mn2Co3O12,JVASP-47039,Li3Mn3CoO8,Li3Mn3CoO8,bulk,dft_3d,Co-Li-Mn-O,oxide,oxide,AB3C3D8,unknown,unknown,0.35,False,True,True,Co;Li;Mn;O,4,1.0,True,True,True,166,,5,False,158.0,-1.89647,-1.89647,0.07250000000000001,,stable_or_known,related formula/prototype/chemistry/family with different symmetry or variant metadata,7.25,12,known_synthesized
boundary_contrast,JVASP-142153,Li7Mn2Co3O12,JVASP-43110,Li2Mn3CoO8,Li2Mn3CoO8,bulk,dft_3d,Co-Li-Mn-O,oxide,oxide,AB2C3D8,unknown,unknown,0.35,False,True,True,Co;Li;Mn;O,4,1.0,True,True,True,160,,5,False,152.0,-1.8614700000000002,-1.8614700000000002,0.060500000000000005,,stable_or_known,related formula/prototype/chemistry/family with different symmetry or variant metadata,7.25,13,known_synthesized
boundary_contrast,JVASP-142153,Li7Mn2Co3O12,JVASP-122406,Li7Mn2Co3O12,Li7Mn2(CoO4)3,bulk,dft_3d,Co-Li-Mn-O,oxide,oxide,AB2C4D7,unknown,unknown,0.35,True,True,True,Co;Li;Mn;O,4,1.0,True,True,True,1,,1,False,7.0,-1.92704,-1.92704,0.015600000000000001,,stable_or_known,related formula/prototype/chemistry/family with different symmetry or variant metadata,6.890000000000001,14,known_synthesized
boundary_contrast,JVASP-142153,Li7Mn2Co3O12,JVASP-122017,Li7Mn2Co3O12,Li7Mn2(CoO4)3,bulk,dft_3d,Co-Li-Mn-O,oxide,oxide,AB2C4D7,unknown,unknown,0.35,True,True,True,Co;Li;Mn;O,4,1.0,True,True,True,1,,1,False,7.0,-1.9306,-1.9306,0.012100000000000001,,stable_or_known,related formula/prototype/chemistry/family with different symmetry or variant metadata,6.890000000000001,15,known_synthesized
boundary_contrast,JVASP-142153,Li7Mn2Co3O12,JVASP-141691,Li7Mn2Co3O12,Li7Mn2(CoO4)3,bulk,dft_3d,Co-Li-Mn-O,oxide,oxide,AB2C4D7,unknown,unknown,0.35,True,True,True,Co;Li;Mn;O,4,1.0,True,True,True,1,,1,False,7.0,-1.8658700000000001,-1.8658700000000001,0.07680000000000001,,stable_or_known,related formula/prototype/chemistry/family with different symmetry or variant metadata,6.890000000000001,16,known_synthesized
boundary_contrast,JVASP-142153,Li7Mn2Co3O12,JVASP-143565,Li7Mn2Co3O12,Li7Mn2(CoO4)3,bulk,dft_3d,Co-Li-Mn-O,oxide,oxide,AB2C4D7,unknown,unknown,0.35,True,True,True,Co;Li;Mn;O,4,1.0,True,True,True,1,,1,False,7.0,-1.86453,-1.86453,0.0781,,stable_or_known,related formula/prototype/chemistry/family with different symmetry or variant metadata,6.890000000000001,17,known_synthesized
boundary_contrast,JVASP-142153,Li7Mn2Co3O12,JVASP-120423,Li4MnCo2O7,Li4MnCo2O7,bulk,dft_3d,Co-Li-Mn-O,oxide,oxide,AB2C4D7,unknown,unknown,0.35,True,True,True,Co;Li;Mn;O,4,1.0,True,True,True,1,,1,False,7.0,-1.90432,-1.90432,0.0033,,stable_or_known,related formula/prototype/chemistry/family with different symmetry or variant metadata,6.890000000000001,18,known_synthesized
boundary_contrast,JVASP-142153,Li7Mn2Co3O12,JVASP-145991,Li4MnCo2O7,Li4MnCo2O7,bulk,dft_3d,Co-Li-Mn-O,oxide,oxide,AB2C4D7,unknown,unknown,0.35,True,True,True,Co;Li;Mn;O,4,1.0,True,True,True,1,,1,False,7.0,-1.89367,-1.89367,0.014,,stable_or_known,related formula/prototype/chemistry/family with different symmetry or variant metadata,6.890000000000001,19,known_synthesized
boundary_contrast,JVASP-142153,Li7Mn2Co3O12,JVASP-142152,Li7Mn2Co3O12,Li7Mn2(CoO4)3,bulk,dft_3d,Co-Li-Mn-O,oxide,oxide,AB2C4D7,unknown,unknown,0.35,True,True,True,Co;Li;Mn;O,4,1.0,True,True,True,1,,1,False,7.0,-1.91703,-1.91703,0.0256,,stable_or_known,related formula/prototype/chemistry/family with different symmetry or variant metadata,6.890000000000001,20,known_synthesized
boundary_contrast,JVASP-142153,Li7Mn2Co3O12,JVASP-141922,Li4MnCo2O7,Li4MnCo2O7,bulk,dft_3d,Co-Li-Mn-O,oxide,oxide,AB2C4D7,unknown,unknown,0.35,True,True,True,Co;Li;Mn;O,4,1.0,True,True,True,1,,1,False,7.0,-1.8568900000000002,-1.8568900000000002,0.050800000000000005,,stable_or_known,related formula/prototype/chemistry/family with different symmetry or variant metadata,6.890000000000001,21,known_synthesized
boundary_contrast,JVASP-142153,Li7Mn2Co3O12,JVASP-145689,Li4MnCo2O7,Li4MnCo2O7,bulk,dft_3d,Co-Li-Mn-O,oxide,oxide,AB2C4D7,unknown,unknown,0.35,True,True,True,Co;Li;Mn;O,4,1.0,True,True,True,1,,1,False,7.0,-1.8923800000000002,-1.8923800000000002,0.015300000000000001,,stable_or_known,related formula/prototype/chemistry/family with different symmetry or variant metadata,6.890000000000001,22,known_synthesized
boundary_contrast,JVASP-142153,Li7Mn2Co3O12,JVASP-122016,Li7Mn2Co3O12,Li7Mn2(CoO4)3,bulk,dft_3d,Co-Li-Mn-O,oxide,oxide,AB2C4D7,unknown,unknown,0.35,True,True,True,Co;Li;Mn;O,4,1.0,True,True,True,1,,1,False,7.0,-1.9276600000000002,-1.9276600000000002,0.015,,stable_or_known,related formula/prototype/chemistry/family with different symmetry or variant metadata,6.890000000000001,23,known_synthesized
boundary_contrast,JVASP-142153,Li7Mn2Co3O12,JVASP-142148,Li4MnCo2O7,Li4MnCo2O7,bulk,dft_3d,Co-Li-Mn-O,oxide,oxide,AB2C4D7,unknown,unknown,0.35,True,True,True,Co;Li;Mn;O,4,1.0,True,True,True,1,,1,False,7.0,-1.8940000000000001,-1.8940000000000001,0.0137,,stable_or_known,related formula/prototype/chemistry/family with different symmetry or variant metadata,6.890000000000001,24,known_synthesized
boundary_contrast,JVASP-142153,Li7Mn2Co3O12,JVASP-133207,Li7Mn2Co3O12,Li7Mn2(CoO4)3,bulk,dft_3d,Co-Li-Mn-O,oxide,oxide,AB2C4D7,unknown,unknown,0.35,True,True,True,Co;Li;Mn;O,4,1.0,True,True,True,1,,1,False,7.0,-1.90264,-1.90264,0.04,,stable_or_known,related formula/prototype/chemistry/family with different symmetry or variant metadata,6.890000000000001,25,known_synthesized
boundary_contrast,JVASP-142153,Li7Mn2Co3O12,JVASP-141222,Li4MnCo2O7,Li4MnCo2O7,bulk,dft_3d,Co-Li-Mn-O,oxide,oxide,AB2C4D7,unknown,unknown,0.35,True,True,True,Co;Li;Mn;O,4,1.0,True,True,True,1,,1,False,7.0,-1.8947100000000001,-1.8947100000000001,0.013000000000000001,,stable_or_known,related formula/prototype/chemistry/family with different symmetry or variant metadata,6.890000000000001,26,known_synthesized
boundary_contrast,JVASP-142153,Li7Mn2Co3O12,JVASP-122530,Li2Fe3CoO8,Li2Fe3CoO8,bulk,dft_3d,Co-Fe-Li-O,oxide,oxide,AB2C3D8,unknown,unknown,0.35,False,True,True,Co;Fe;Li;O,3,0.75,False,True,True,166,,5,False,158.0,-1.65972,-1.65972,0.0,,stable_or_known,related formula/prototype/chemistry/family with different symmetry or variant metadata,6.875,27,known_synthesized
boundary_contrast,JVASP-142153,Li7Mn2Co3O12,JVASP-147595,Li5FeCo4O10,Li5Fe(Co2O5)2,bulk,dft_3d,Co-Fe-Li-O,oxide,oxide,AB2C5D5,unknown,unknown,0.35,False,True,True,Co;Fe;Li;O,3,0.75,False,True,True,166,,5,False,158.0,-1.71598,-1.71598,0.0,,stable_or_known,related formula/prototype/chemistry/family with different symmetry or variant metadata,6.875,28,known_synthesized
boundary_contrast,JVASP-142153,Li7Mn2Co3O12,JVASP-44747,Li4MgCo3O8,Li4MgCo3O8,bulk,dft_3d,Co-Li-Mg-O,oxide,oxide,AB3C4D8,unknown,unknown,0.35,False,True,True,Co;Li;Mg;O,3,0.75,False,True,True,166,,5,False,158.0,-1.86903,-1.86903,0.038900000000000004,,stable_or_known,related formula/prototype/chemistry/family with different symmetry or variant metadata,6.875,29,known_synthesized
boundary_contrast,JVASP-142153,Li7Mn2Co3O12,JVASP-57303,LiMnO2,LiMnO2,bulk,dft_3d,Li-Mn-O,oxide,oxide,ABC2,unknown,unknown,0.35,False,True,True,Li;Mn;O,3,0.75,False,True,True,141,,4,False,133.0,-1.9871,-1.9871,0.052000000000000005,True,stable_or_known,related formula/prototype/chemistry/family with different symmetry or variant metadata,6.875,30,
boundary_contrast,JVASP-142153,Li7Mn2Co3O12,JVASP-119521,Li2CrCo3O8,Li2CrCo3O8,bulk,dft_3d,Co-Cr-Li-O,oxide,oxide,AB2C3D8,unknown,unknown,0.35,False,True,True,Co;Cr;Li;O,3,0.75,False,True,True,160,,5,False,152.0,-1.6869800000000001,-1.6869800000000001,0.0,,stable_or_known,related formula/prototype/chemistry/family with different symmetry or variant metadata,6.875,31,known_synthesized
boundary_contrast,JVASP-142153,Li7Mn2Co3O12,JVASP-113201,Li2Co3NiO8,Li2Co3NiO8,bulk,dft_3d,Co-Li-Ni-O,oxide,oxide,AB2C3D8,unknown,unknown,0.35,False,True,True,Co;Li;Ni;O,3,0.75,False,True,True,166,,5,False,158.0,-1.47322,-1.47322,0.0,,stable_or_known,related formula/prototype/chemistry/family with different symmetry or variant metadata,6.875,32,known_synthesized
boundary_contrast,JVASP-142153,Li7Mn2Co3O12,JVASP-140627,Li2VCo3O8,Li2VCo3O8,bulk,dft_3d,Co-Li-O-V,oxide,oxide,AB2C3D8,unknown,unknown,0.35,False,True,True,Co;Li;O;V,3,0.75,False,True,True,186,,6,False,178.0,-1.79584,-1.79584,0.0,,stable_or_known,related formula/prototype/chemistry/family with different symmetry or variant metadata,6.875,33,known_synthesized
boundary_contrast,JVASP-142153,Li7Mn2Co3O12,JVASP-48978,LiMn2O3F,LiMn2O3F,bulk,dft_3d,F-Li-Mn-O,oxide,oxide,ABC2D3,unknown,unknown,0.35,False,True,True,F;Li;Mn;O,3,0.75,False,True,True,166,,5,False,158.0,-2.11756,-2.11756,0.0,,stable_or_known,related formula/prototype/chemistry/family with different symmetry or variant metadata,6.875,34,known_synthesized
boundary_contrast,JVASP-142153,Li7Mn2Co3O12,JVASP-46852,LiCoPO4,LiCoPO4,bulk,dft_3d,Co-Li-O-P,oxide,oxide,ABCD4,unknown,unknown,0.35,False,True,True,Co;Li;O;P,3,0.75,False,True,True,148,,5,False,140.0,-1.93904,-1.93904,0.0506,,stable_or_known,related formula/prototype/chemistry/family with different symmetry or variant metadata,6.875,35,known_synthesized
boundary_contrast,JVASP-142153,Li7Mn2Co3O12,JVASP-42834,LiCoO2,LiCoO2,bulk,dft_3d,Co-Li-O,oxide,oxide,ABC2,unknown,unknown,0.35,False,True,True,Co;Li;O,3,0.75,False,True,True,227,,7,False,219.0,-1.67428,-1.67428,0.022600000000000002,,stable_or_known,related formula/prototype/chemistry/family with different symmetry or variant metadata,6.875,36,known_synthesized
boundary_contrast,JVASP-142153,Li7Mn2Co3O12,JVASP-45925,Li2Mn3GaO8,Li2Mn3GaO8,bulk,dft_3d,Ga-Li-Mn-O,oxide,oxide,AB2C3D8,unknown,unknown,0.35,False,True,True,Ga;Li;Mn;O,3,0.75,False,True,True,166,,5,False,158.0,-2.03525,-2.03525,0.0173,,stable_or_known,related formula/prototype/chemistry/family with different symmetry or variant metadata,6.875,37,known_synthesized
boundary_contrast,JVASP-142153,Li7Mn2Co3O12,JVASP-116848,Li2MnNi3O8,Li2MnNi3O8,bulk,dft_3d,Li-Mn-Ni-O,oxide,oxide,AB2C3D8,unknown,unknown,0.35,False,True,True,Li;Mn;Ni;O,3,0.75,False,True,True,166,,5,False,158.0,-1.49259,-1.49259,0.0,,stable_or_known,related formula/prototype/chemistry/family with different symmetry or variant metadata,6.875,38,known_synthesized
boundary_contrast,JVASP-142153,Li7Mn2Co3O12,JVASP-117292,Li3Co3NiO8,Li3Co3NiO8,bulk,dft_3d,Co-Li-Ni-O,oxide,oxide,AB3C3D8,unknown,unknown,0.35,False,True,True,Co;Li;Ni;O,3,0.75,False,True,True,186,,6,False,178.0,-1.52796,-1.52796,0.0465,,stable_or_known,related formula/prototype/chemistry/family with different symmetry or variant metadata,6.875,39,known_synthesized
boundary_contrast,JVASP-142153,Li7Mn2Co3O12,JVASP-11719,LiCoC4O4,LiCo(CO)4,bulk,dft_3d,C-Co-Li-O,oxide,oxide,ABCD,unknown,unknown,0.35,False,True,True,C;Co;Li;O,3,0.75,False,True,True,215,,7,False,207.0,-0.8485900000000001,-0.8485900000000001,0.2646,True,stable_or_known,related formula/prototype/chemistry/family with different symmetry or variant metadata,6.875,40,
boundary_contrast,JVASP-142153,Li7Mn2Co3O12,JVASP-110622,Li2MnFeO4,Li2MnFeO4,bulk,dft_3d,Fe-Li-Mn-O,oxide,oxide,ABC2D4,unknown,unknown,0.35,False,True,True,Fe;Li;Mn;O,3,0.75,False,True,True,119,,4,False,111.0,-1.87446,-1.87446,0.06770000000000001,,stable_or_known,related formula/prototype/chemistry/family with different symmetry or variant metadata,6.875,41,known_synthesized
boundary_contrast,JVASP-142153,Li7Mn2Co3O12,JVASP-145989,Li5Co3O8,Li5Co3O8,bulk,dft_3d,Co-Li-O,oxide,oxide,A3B5C8,unknown,unknown,0.35,False,True,True,Co;Li;O,3,0.75,False,True,True,166,,5,False,158.0,-1.75625,-1.75625,0.0125,,stable_or_known,related formula/prototype/chemistry/family with different symmetry or variant metadata,6.875,42,known_synthesized
boundary_contrast,JVASP-142153,Li7Mn2Co3O12,JVASP-147441,LiMn7O9F3,LiMn7(O3F)3,bulk,dft_3d,F-Li-Mn-O,oxide,oxide,ABC3D7,unknown,unknown,0.35,False,True,True,F;Li;Mn;O,3,0.75,False,True,True,146,,5,False,138.0,-1.9360700000000002,-1.9360700000000002,0.0,,stable_or_known,related formula/prototype/chemistry/family with different symmetry or variant metadata,6.875,43,known_synthesized
boundary_contrast,JVASP-142153,Li7Mn2Co3O12,JVASP-44528,Li2Co3TeO8,Li2Co3TeO8,bulk,dft_3d,Co-Li-O-Te,oxide,oxide,AB2C3D8,unknown,unknown,0.35,False,True,True,Co;Li;O;Te,3,0.75,False,True,True,166,,5,False,158.0,-1.40248,-1.40248,0.06810000000000001,,stable_or_known,related formula/prototype/chemistry/family with different symmetry or variant metadata,6.875,44,known_synthesized
boundary_contrast,JVASP-142153,Li7Mn2Co3O12,JVASP-43159,Li2Fe3CoO8,Li2Fe3CoO8,bulk,dft_3d,Co-Fe-Li-O,oxide,oxide,AB2C3D8,unknown,unknown,0.35,False,True,True,Co;Fe;Li;O,3,0.75,False,True,True,166,,5,False,158.0,-1.64176,-1.64176,0.018000000000000002,,stable_or_known,related formula/prototype/chemistry/family with different symmetry or variant metadata,6.875,45,known_synthesized
boundary_contrast,JVASP-142153,Li7Mn2Co3O12,JVASP-34836,LiCo2O4,Li(CoO2)2,bulk,dft_3d,Co-Li-O,oxide,oxide,ABC2,unknown,unknown,0.35,False,True,True,Co;Li;O,3,0.75,False,True,True,227,,7,False,219.0,-1.4923,-1.4923,0.0,,stable_or_known,related formula/prototype/chemistry/family with different symmetry or variant metadata,6.875,46,known_synthesized
boundary_contrast,JVASP-142153,Li7Mn2Co3O12,JVASP-47550,Li2CoNiO4,Li2CoNiO4,bulk,dft_3d,Co-Li-Ni-O,oxide,oxide,ABC2D4,unknown,unknown,0.35,False,True,True,Co;Li;Ni;O,3,0.75,False,True,True,119,,4,False,111.0,-1.5086300000000001,-1.5086300000000001,0.0848,,stable_or_known,related formula/prototype/chemistry/family with different symmetry or variant metadata,6.875,47,known_synthesized
boundary_contrast,JVASP-142153,Li7Mn2Co3O12,JVASP-44592,Li2TiCo3O8,Li2TiCo3O8,bulk,dft_3d,Co-Li-O-Ti,oxide,oxide,AB2C3D8,unknown,unknown,0.35,False,True,True,Co;Li;O;Ti,3,0.75,False,True,True,186,,6,False,178.0,-1.89498,-1.89498,0.035300000000000005,,stable_or_known,related formula/prototype/chemistry/family with different symmetry or variant metadata,6.875,48,known_synthesized
boundary_contrast,JVASP-142153,Li7Mn2Co3O12,JVASP-111889,Li3Co4O8,Li3(CoO2)4,bulk,dft_3d,Co-Li-O,oxide,oxide,AB2C3,unknown,unknown,0.35,False,True,True,Co;Li;O,3,0.75,False,True,True,166,,5,False,158.0,-1.57095,-1.57095,0.030500000000000003,,stable_or_known,related formula/prototype/chemistry/family with different symmetry or variant metadata,6.875,49,known_synthesized
boundary_contrast,JVASP-142153,Li7Mn2Co3O12,JVASP-145963,LiMn3Fe2O8,LiMn3(FeO4)2,bulk,dft_3d,Fe-Li-Mn-O,oxide,oxide,ABC3D4,unknown,unknown,0.35,False,True,True,Fe;Li;Mn;O,3,0.75,False,True,True,160,,5,False,152.0,-1.76183,-1.76183,0.0068000000000000005,,stable_or_known,related formula/prototype/chemistry/family with different symmetry or variant metadata,6.875,50,known_synthesized
boundary_contrast,JVASP-142153,Li7Mn2Co3O12,JVASP-44667,Li2Mn3FeO8,Li2Mn3FeO8,bulk,dft_3d,Fe-Li-Mn-O,oxide,oxide,AB2C3D8,unknown,unknown,0.35,False,True,True,Fe;Li;Mn;O,3,0.75,False,True,True,166,,5,False,158.0,-1.9514,-1.9514,0.0172,,stable_or_known,related formula/prototype/chemistry/family with different symmetry or variant metadata,6.875,51,known_synthesized
boundary_contrast,JVASP-142153,Li7Mn2Co3O12,JVASP-142030,Li2FeCo3O8,Li2FeCo3O8,bulk,dft_3d,Co-Fe-Li-O,oxide,oxide,AB2C3D8,unknown,unknown,0.35,False,True,True,Co;Fe;Li;O,3,0.75,False,True,True,166,,5,False,158.0,-1.55057,-1.55057,0.018500000000000003,,stable_or_known,related formula/prototype/chemistry/family with different symmetry or variant metadata,6.875,52,known_synthesized
boundary_contrast,JVASP-142153,Li7Mn2Co3O12,JVASP-112809,Li2Mn3GaO8,Li2Mn3GaO8,bulk,dft_3d,Ga-Li-Mn-O,oxide,oxide,AB2C3D8,unknown,unknown,0.35,False,True,True,Ga;Li;Mn;O,3,0.75,False,True,True,166,,5,False,158.0,-2.05254,-2.05254,0.0,,stable_or_known,related formula/prototype/chemistry/family with different symmetry or variant metadata,6.875,53,known_synthesized
boundary_contrast,JVASP-142153,Li7Mn2Co3O12,JVASP-12054,Mn3CoO8,Mn3CoO8,bulk,dft_3d,Co-Mn-O,oxide,oxide,AB3C8,unknown,unknown,0.35,False,True,True,Co;Mn;O,3,0.75,False,True,True,166,,5,False,158.0,-1.54392,-1.54392,0.0847,,stable_or_known,related formula/prototype/chemistry/family with different symmetry or variant metadata,6.875,54,known_synthesized
boundary_contrast,JVASP-142153,Li7Mn2Co3O12,JVASP-45862,Li3Co3NiO8,Li3Co3NiO8,bulk,dft_3d,Co-Li-Ni-O,oxide,oxide,AB3C3D8,unknown,unknown,0.35,False,True,True,Co;Li;Ni;O,3,0.75,False,True,True,166,,5,False,158.0,-1.5367300000000002,-1.5367300000000002,0.037700000000000004,,stable_or_known,related formula/prototype/chemistry/family with different symmetry or variant metadata,6.875,55,known_synthesized
boundary_contrast,JVASP-142153,Li7Mn2Co3O12,JVASP-48276,LiMnP3O9,LiMn(PO3)3,bulk,dft_3d,Li-Mn-O-P,oxide,oxide,ABCD3,unknown,unknown,0.35,False,True,True,Li;Mn;O;P,3,0.75,False,True,True,146,,5,False,138.0,-2.12695,-2.12695,0.0727,,stable_or_known,related formula/prototype/chemistry/family with different symmetry or variant metadata,6.875,56,known_synthesized
boundary_contrast,JVASP-142153,Li7Mn2Co3O12,JVASP-122362,Li3CoNi3O8,Li3CoNi3O8,bulk,dft_3d,Co-Li-Ni-O,oxide,oxide,AB3C3D8,unknown,unknown,0.35,False,True,True,Co;Li;Ni;O,3,0.75,False,True,True,166,,5,False,158.0,-1.42513,-1.42513,0.0337,,stable_or_known,related formula/prototype/chemistry/family with different symmetry or variant metadata,6.875,57,known_synthesized
boundary_contrast,JVASP-142153,Li7Mn2Co3O12,JVASP-111146,Li2MnCrO4,Li2MnCrO4,bulk,dft_3d,Cr-Li-Mn-O,oxide,oxide,ABC2D4,unknown,unknown,0.35,False,True,True,Cr;Li;Mn;O,3,0.75,False,True,True,119,,4,False,111.0,-2.1223,-2.1223,0.0131,,stable_or_known,related formula/prototype/chemistry/family with different symmetry or variant metadata,6.875,58,known_synthesized
boundary_contrast,JVASP-142153,Li7Mn2Co3O12,JVASP-142825,Li2CoNiO4,Li2CoNiO4,bulk,dft_3d,Co-Li-Ni-O,oxide,oxide,ABC2D4,unknown,unknown,0.35,False,True,True,Co;Li;Ni;O,3,0.75,False,True,True,119,,4,False,111.0,-1.53253,-1.53253,0.0609,,stable_or_known,related formula/prototype/chemistry/family with different symmetry or variant metadata,6.875,59,known_synthesized
boundary_contrast,JVASP-142153,Li7Mn2Co3O12,JVASP-48340,Li6CoOF6,Li6CoOF6,bulk,dft_3d,Co-F-Li-O,oxide,oxide,ABC6D6,unknown,unknown,0.35,False,True,True,Co;F;Li;O,3,0.75,False,True,True,139,,4,False,131.0,-2.7754600000000003,-2.7754600000000003,0.098,,stable_or_known,related formula/prototype/chemistry/family with different symmetry or variant metadata,6.875,60,known_synthesized
boundary_contrast,JVASP-142153,Li7Mn2Co3O12,JVASP-95674,Li8CoO6,Li8CoO6,bulk,dft_3d,Co-Li-O,oxide,oxide,AB6C8,unknown,unknown,0.35,False,True,True,Co;Li;O,3,0.75,False,True,True,185,,6,False,177.0,-1.8787200000000002,-1.8787200000000002,0.0869,True,stable_or_known,related formula/prototype/chemistry/family with different symmetry or variant metadata,6.875,61,
boundary_contrast,JVASP-142153,Li7Mn2Co3O12,JVASP-42696,Li3CrCo3O8,Li3CrCo3O8,bulk,dft_3d,Co-Cr-Li-O,oxide,oxide,AB3C3D8,unknown,unknown,0.35,False,True,True,Co;Cr;Li;O,3,0.75,False,True,True,166,,5,False,158.0,-1.70768,-1.70768,0.0721,,stable_or_known,related formula/prototype/chemistry/family with different symmetry or variant metadata,6.875,62,known_synthesized
boundary_contrast,JVASP-142153,Li7Mn2Co3O12,JVASP-147144,LiMn7O12,LiMn7O12,bulk,dft_3d,Li-Mn-O,oxide,oxide,AB7C12,unknown,unknown,0.35,False,True,True,Li;Mn;O,3,0.75,False,True,True,204,,7,False,196.0,-1.82819,-1.82819,0.0414,,stable_or_known,related formula/prototype/chemistry/family with different symmetry or variant metadata,6.875,63,known_synthesized
boundary_contrast,JVASP-142153,Li7Mn2Co3O12,JVASP-111869,Li2V3CoO8,Li2V3CoO8,bulk,dft_3d,Co-Li-O-V,oxide,oxide,AB2C3D8,unknown,unknown,0.35,False,True,True,Co;Li;O;V,3,0.75,False,True,True,160,,5,False,152.0,-2.26089,-2.26089,0.08750000000000001,,stable_or_known,related formula/prototype/chemistry/family with different symmetry or variant metadata,6.875,64,known_synthesized
boundary_contrast,JVASP-142153,Li7Mn2Co3O12,JVASP-12055,MnCo3O8,MnCo3O8,bulk,dft_3d,Co-Mn-O,oxide,oxide,AB3C8,unknown,unknown,0.35,False,True,True,Co;Mn;O,3,0.75,False,True,True,166,,5,False,158.0,-1.16841,-1.16841,0.0912,,stable_or_known,related formula/prototype/chemistry/family with different symmetry or variant metadata,6.875,65,known_synthesized
boundary_contrast,JVASP-142153,Li7Mn2Co3O12,JVASP-122502,LiCo4O8,Li(CoO2)4,bulk,dft_3d,Co-Li-O,oxide,oxide,ABC2,unknown,unknown,0.35,False,True,True,Co;Li;O,3,0.75,False,True,True,166,,5,False,158.0,-1.23903,-1.23903,0.056900000000000006,,stable_or_known,related formula/prototype/chemistry/family with different symmetry or variant metadata,6.875,66,known_synthesized
boundary_contrast,JVASP-142153,Li7Mn2Co3O12,JVASP-107791,LiMnO2,LiMnO2,bulk,dft_3d,Li-Mn-O,oxide,oxide,ABC2,unknown,unknown,0.35,False,True,True,Li;Mn;O,3,0.75,False,True,True,166,,5,False,158.0,-1.9426800000000002,-1.9426800000000002,0.0964,,stable_or_known,related formula/prototype/chemistry/family with different symmetry or variant metadata,6.875,67,known_synthesized
boundary_contrast,JVASP-142153,Li7Mn2Co3O12,JVASP-145554,LiMnP3O9,LiMn(PO3)3,bulk,dft_3d,Li-Mn-O-P,oxide,oxide,ABCD3,unknown,unknown,0.35,False,True,True,Li;Mn;O;P,3,0.75,False,True,True,188,,6,False,180.0,-2.15793,-2.15793,0.0417,,stable_or_known,related formula/prototype/chemistry/family with different symmetry or variant metadata,6.875,68,known_synthesized
boundary_contrast,JVASP-142153,Li7Mn2Co3O12,JVASP-145604,Li2CoCuO4,Li2CoCuO4,bulk,dft_3d,Co-Cu-Li-O,oxide,oxide,ABC2D4,unknown,unknown,0.35,False,True,True,Co;Cu;Li;O,3,0.75,False,True,True,119,,4,False,111.0,-1.42155,-1.42155,0.0978,,stable_or_known,related formula/prototype/chemistry/family with different symmetry or variant metadata,6.875,69,known_synthesized
boundary_contrast,JVASP-142153,Li7Mn2Co3O12,JVASP-46864,Li3CoNi3O8,Li3CoNi3O8,bulk,dft_3d,Co-Li-Ni-O,oxide,oxide,AB3C3D8,unknown,unknown,0.35,False,True,True,Co;Li;Ni;O,3,0.75,False,True,True,166,,5,False,158.0,-1.40344,-1.40344,0.055400000000000005,,stable_or_known,related formula/prototype/chemistry/family with different symmetry or variant metadata,6.875,70,known_synthesized
boundary_contrast,JVASP-142153,Li7Mn2Co3O12,JVASP-119357,Li2Mn3TeO8,Li2Mn3TeO8,bulk,dft_3d,Li-Mn-O-Te,oxide,oxide,AB2C3D8,unknown,unknown,0.35,False,True,True,Li;Mn;O;Te,3,0.75,False,True,True,166,,5,False,158.0,-1.73455,-1.73455,0.0,,stable_or_known,related formula/prototype/chemistry/family with different symmetry or variant metadata,6.875,71,known_synthesized
boundary_contrast,JVASP-142153,Li7Mn2Co3O12,JVASP-7888,Li2MnO2,Li2MnO2,bulk,dft_3d,Li-Mn-O,oxide,oxide,AB2C2,unknown,unknown,0.35,False,True,True,Li;Mn;O,3,0.75,False,True,True,164,,5,False,156.0,-1.7594400000000001,-1.7594400000000001,0.183,True,stable_or_known,related formula/prototype/chemistry/family with different symmetry or variant metadata,6.875,72,
boundary_contrast,JVASP-142153,Li7Mn2Co3O12,JVASP-121709,Li2V3CoO8,Li2V3CoO8,bulk,dft_3d,Co-Li-O-V,oxide,oxide,AB2C3D8,unknown,unknown,0.35,False,True,True,Co;Li;O;V,3,0.75,False,True,True,166,,5,False,158.0,-2.27787,-2.27787,0.07060000000000001,,stable_or_known,related formula/prototype/chemistry/family with different symmetry or variant metadata,6.875,73,known_synthesized
boundary_contrast,JVASP-142153,Li7Mn2Co3O12,JVASP-146890,Li2Mn3GaO8,Li2Mn3GaO8,bulk,dft_3d,Ga-Li-Mn-O,oxide,oxide,AB2C3D8,unknown,unknown,0.35,False,True,True,Ga;Li;Mn;O,3,0.75,False,True,True,166,,5,False,158.0,-2.05251,-2.05251,0.0,,stable_or_known,related formula/prototype/chemistry/family with different symmetry or variant metadata,6.875,74,known_synthesized
boundary_contrast,JVASP-142153,Li7Mn2Co3O12,JVASP-42516,Li2Mn3CuO8,Li2Mn3CuO8,bulk,dft_3d,Cu-Li-Mn-O,oxide,oxide,AB2C3D8,unknown,unknown,0.35,False,True,True,Cu;Li;Mn;O,3,0.75,False,True,True,160,,5,False,152.0,-1.8082200000000002,-1.8082200000000002,0.009600000000000001,,stable_or_known,related formula/prototype/chemistry/family with different symmetry or variant metadata,6.875,75,known_synthesized
boundary_contrast,JVASP-142153,Li7Mn2Co3O12,JVASP-116768,Li2MnV3O8,Li2MnV3O8,bulk,dft_3d,Li-Mn-O-V,oxide,oxide,AB2C3D8,unknown,unknown,0.35,False,True,True,Li;Mn;O;V,3,0.75,False,True,True,160,,5,False,152.0,-2.39321,-2.39321,0.0238,,stable_or_known,related formula/prototype/chemistry/family with different symmetry or variant metadata,6.875,76,known_synthesized
boundary_contrast,JVASP-142153,Li7Mn2Co3O12,JVASP-42829,Li3Co4O8,Li3(CoO2)4,bulk,dft_3d,Co-Li-O,oxide,oxide,AB2C3,unknown,unknown,0.35,False,True,True,Co;Li;O,3,0.75,False,True,True,166,,5,False,158.0,-1.57084,-1.57084,0.030600000000000002,,stable_or_known,related formula/prototype/chemistry/family with different symmetry or variant metadata,6.875,77,known_synthesized
boundary_contrast,JVASP-142153,Li7Mn2Co3O12,JVASP-48297,Li3Co4O8,Li3(CoO2)4,bulk,dft_3d,Co-Li-O,oxide,oxide,AB2C3,unknown,unknown,0.35,False,True,True,Co;Li;O,3,0.75,False,True,True,166,,5,False,158.0,-1.56663,-1.56663,0.034800000000000005,,stable_or_known,related formula/prototype/chemistry/family with different symmetry or variant metadata,6.875,78,known_synthesized
boundary_contrast,JVASP-142153,Li7Mn2Co3O12,JVASP-105695,Li2FeCoO4,Li2FeCoO4,bulk,dft_3d,Co-Fe-Li-O,oxide,oxide,ABC2D4,unknown,unknown,0.35,False,True,True,Co;Fe;Li;O,3,0.75,False,True,True,119,,4,False,111.0,-1.64848,-1.64848,0.0946,,stable_or_known,related formula/prototype/chemistry/family with different symmetry or variant metadata,6.875,79,known_synthesized
boundary_contrast,JVASP-142153,Li7Mn2Co3O12,JVASP-47584,Li2Co3SbO8,Li2Co3SbO8,bulk,dft_3d,Co-Li-O-Sb,oxide,oxide,AB2C3D8,unknown,unknown,0.35,False,True,True,Co;Li;O;Sb,3,0.75,False,True,True,166,,5,False,158.0,-1.57248,-1.57248,0.016,,stable_or_known,related formula/prototype/chemistry/family with different symmetry or variant metadata,6.875,80,known_synthesized
boundary_contrast,JVASP-142153,Li7Mn2Co3O12,JVASP-47603,Li2VCo3O8,Li2VCo3O8,bulk,dft_3d,Co-Li-O-V,oxide,oxide,AB2C3D8,unknown,unknown,0.35,False,True,True,Co;Li;O;V,3,0.75,False,True,True,186,,6,False,178.0,-1.78006,-1.78006,0.0158,,stable_or_known,related formula/prototype/chemistry/family with different symmetry or variant metadata,6.875,81,known_synthesized
boundary_contrast,JVASP-142153,Li7Mn2Co3O12,JVASP-47583,Li2Cr3CoO8,Li2Cr3CoO8,bulk,dft_3d,Co-Cr-Li-O,oxide,oxide,AB2C3D8,unknown,unknown,0.35,False,True,True,Co;Cr;Li;O,3,0.75,False,True,True,160,,5,False,152.0,-1.94544,-1.94544,0.0884,,stable_or_known,related formula/prototype/chemistry/family with different symmetry or variant metadata,6.875,82,known_synthesized
boundary_contrast,JVASP-142153,Li7Mn2Co3O12,JVASP-144854,Li3Co4O8,Li3(CoO2)4,bulk,dft_3d,Co-Li-O,oxide,oxide,AB2C3,unknown,unknown,0.35,False,True,True,Co;Li;O,3,0.75,False,True,True,166,,5,False,158.0,-1.59166,-1.59166,0.0098,,stable_or_known,related formula/prototype/chemistry/family with different symmetry or variant metadata,6.875,83,known_synthesized
boundary_contrast,JVASP-142153,Li7Mn2Co3O12,JVASP-44427,Li2Mn3NiO8,Li2Mn3NiO8,bulk,dft_3d,Li-Mn-Ni-O,oxide,oxide,AB2C3D8,unknown,unknown,0.35,False,True,True,Li;Mn;Ni;O,3,0.75,False,True,True,186,,6,False,178.0,-1.84673,-1.84673,0.0298,,stable_or_known,related formula/prototype/chemistry/family with different symmetry or variant metadata,6.875,84,known_synthesized
boundary_contrast,JVASP-142153,Li7Mn2Co3O12,JVASP-47582,Li2Co3SbO8,Li2Co3SbO8,bulk,dft_3d,Co-Li-O-Sb,oxide,oxide,AB2C3D8,unknown,unknown,0.35,False,True,True,Co;Li;O;Sb,3,0.75,False,True,True,186,,6,False,178.0,-1.57322,-1.57322,0.0152,,stable_or_known,related formula/prototype/chemistry/family with different symmetry or variant metadata,6.875,85,known_synthesized
boundary_contrast,JVASP-142153,Li7Mn2Co3O12,JVASP-47122,LiCoO2,LiCoO2,bulk,dft_3d,Co-Li-O,oxide,oxide,ABC2,unknown,unknown,0.35,False,True,True,Co;Li;O,3,0.75,False,True,True,186,,6,False,178.0,-1.65507,-1.65507,0.041800000000000004,,stable_or_known,related formula/prototype/chemistry/family with different symmetry or variant metadata,6.875,86,known_synthesized
boundary_contrast,JVASP-142153,Li7Mn2Co3O12,JVASP-48258,Li6MnO6,Li6MnO6,bulk,dft_3d,Li-Mn-O,oxide,oxide,AB6C6,unknown,unknown,0.35,False,True,True,Li;Mn;O,3,0.75,False,True,True,148,,5,False,140.0,-1.89325,-1.89325,0.0964,,stable_or_known,related formula/prototype/chemistry/family with different symmetry or variant metadata,6.875,87,known_synthesized
boundary_contrast,JVASP-142153,Li7Mn2Co3O12,JVASP-111953,Li4Mn3FeO8,Li4Mn3FeO8,bulk,dft_3d,Fe-Li-Mn-O,oxide,oxide,AB3C4D8,unknown,unknown,0.35,False,True,True,Fe;Li;Mn;O,3,0.75,False,True,True,166,,5,False,158.0,-1.9569,-1.9569,0.0601,,stable_or_known,related formula/prototype/chemistry/family with different symmetry or variant metadata,6.875,88,known_synthesized
boundary_contrast,JVASP-142153,Li7Mn2Co3O12,JVASP-48594,Li5MnOF5,Li5MnOF5,bulk,dft_3d,F-Li-Mn-O,oxide,oxide,ABC5D5,unknown,unknown,0.35,False,True,True,F;Li;Mn;O,3,0.75,False,True,True,156,,5,False,148.0,-2.78086,-2.78086,0.0,,stable_or_known,related formula/prototype/chemistry/family with different symmetry or variant metadata,6.875,89,known_synthesized
boundary_contrast,JVASP-142153,Li7Mn2Co3O12,JVASP-110539,SrNdMnCoO6,SrNdMnCoO6,bulk,dft_3d,Co-Mn-Nd-O-Sr,oxide,oxide,ABCDE6,unknown,unknown,0.35,False,True,True,Co;Mn;Nd;O;Sr,3,0.75,False,True,True,216,,7,False,208.0,-2.42549,-2.42549,0.0596,,stable_or_known,related formula/prototype/chemistry/family with different symmetry or variant metadata,6.875,90,known_synthesized
boundary_contrast,JVASP-142153,Li7Mn2Co3O12,JVASP-31180,LiMnO2,LiMnO2,bulk,dft_3d,Li-Mn-O,oxide,oxide,ABC2,unknown,unknown,0.35,False,True,True,Li;Mn;O,3,0.75,False,True,True,141,,4,False,133.0,-2.01505,-2.01505,0.0241,,stable_or_known,related formula/prototype/chemistry/family with different symmetry or variant metadata,6.875,91,known_synthesized
boundary_contrast,JVASP-142153,Li7Mn2Co3O12,JVASP-142166,Li8CoO5F,Li8CoO5F,bulk,dft_3d,Co-F-Li-O,oxide,oxide,ABC5D8,unknown,unknown,0.35,False,True,True,Co;F;Li;O,3,0.75,False,True,True,173,,6,False,165.0,-2.05624,-2.05624,0.0746,,stable_or_known,related formula/prototype/chemistry/family with different symmetry or variant metadata,6.875,92,known_synthesized
boundary_contrast,JVASP-142153,Li7Mn2Co3O12,JVASP-145516,LiCo5O7F,LiCo5O7F,bulk,dft_3d,Co-F-Li-O,oxide,oxide,ABC5D7,unknown,unknown,0.35,False,True,True,Co;F;Li;O,3,0.75,False,True,True,160,,5,False,152.0,-1.4078,-1.4078,0.0035,,stable_or_known,related formula/prototype/chemistry/family with different symmetry or variant metadata,6.875,93,known_synthesized
boundary_contrast,JVASP-142153,Li7Mn2Co3O12,JVASP-119538,Li2MgMn3O8,Li2MgMn3O8,bulk,dft_3d,Li-Mg-Mn-O,oxide,oxide,AB2C3D8,unknown,unknown,0.35,False,True,True,Li;Mg;Mn;O,3,0.75,False,True,True,166,,5,False,158.0,-2.1938,-2.1938,0.0049,,stable_or_known,related formula/prototype/chemistry/family with different symmetry or variant metadata,6.875,94,known_synthesized
boundary_contrast,JVASP-142153,Li7Mn2Co3O12,JVASP-143577,Li2NbCo3O8,Li2NbCo3O8,bulk,dft_3d,Co-Li-Nb-O,oxide,oxide,AB2C3D8,unknown,unknown,0.35,False,True,True,Co;Li;Nb;O,3,0.75,False,True,True,166,,5,False,158.0,-1.83339,-1.83339,0.0257,,stable_or_known,related formula/prototype/chemistry/family with different symmetry or variant metadata,6.875,95,known_synthesized
boundary_contrast,JVASP-142153,Li7Mn2Co3O12,JVASP-44666,LiMn3Fe2O8,LiMn3(FeO4)2,bulk,dft_3d,Fe-Li-Mn-O,oxide,oxide,ABC3D4,unknown,unknown,0.35,False,True,True,Fe;Li;Mn;O,3,0.75,False,True,True,160,,5,False,152.0,-1.7444,-1.7444,0.024200000000000003,,stable_or_known,related formula/prototype/chemistry/family with different symmetry or variant metadata,6.875,96,known_synthesized
boundary_contrast,JVASP-142153,Li7Mn2Co3O12,JVASP-140523,Li2MnV3O8,Li2MnV3O8,bulk,dft_3d,Li-Mn-O-V,oxide,oxide,AB2C3D8,unknown,unknown,0.35,False,True,True,Li;Mn;O;V,3,0.75,False,True,True,160,,5,False,152.0,-2.39322,-2.39322,0.0238,,stable_or_known,related formula/prototype/chemistry/family with different symmetry or variant metadata,6.875,97,known_synthesized
boundary_contrast,JVASP-142153,Li7Mn2Co3O12,JVASP-141833,LiCoC2O6,LiCo(CO3)2,bulk,dft_3d,C-Co-Li-O,oxide,oxide,ABCD3,unknown,unknown,0.35,False,True,True,C;Co;Li;O,3,0.75,False,True,True,148,,5,False,140.0,-1.51455,-1.51455,0.0,,stable_or_known,related formula/prototype/chemistry/family with different symmetry or variant metadata,6.875,98,known_synthesized
boundary_contrast,JVASP-142153,Li7Mn2Co3O12,JVASP-142039,Li2CrCo3O8,Li2CrCo3O8,bulk,dft_3d,Co-Cr-Li-O,oxide,oxide,AB2C3D8,unknown,unknown,0.35,False,True,True,Co;Cr;Li;O,3,0.75,False,True,True,166,,5,False,158.0,-1.66755,-1.66755,0.0194,,stable_or_known,related formula/prototype/chemistry/family with different symmetry or variant metadata,6.875,99,known_synthesized
boundary_contrast,JVASP-142153,Li7Mn2Co3O12,JVASP-43225,Li2MnCr3O8,Li2MnCr3O8,bulk,dft_3d,Cr-Li-Mn-O,oxide,oxide,AB2C3D8,unknown,unknown,0.35,False,True,True,Cr;Li;Mn;O,3,0.75,False,True,True,166,,5,False,158.0,-2.16375,-2.16375,0.0,,stable_or_known,related formula/prototype/chemistry/family with different symmetry or variant metadata,6.875,100,known_synthesized
boundary_contrast,JVASP-142153,Li7Mn2Co3O12,JVASP-43164,Li2MnFeO4,Li2MnFeO4,bulk,dft_3d,Fe-Li-Mn-O,oxide,oxide,ABC2D4,unknown,unknown,0.35,False,True,True,Fe;Li;Mn;O,3,0.75,False,True,True,119,,4,False,111.0,-1.8746200000000002,-1.8746200000000002,0.0675,,stable_or_known,related formula/prototype/chemistry/family with different symmetry or variant metadata,6.875,101,known_synthesized
boundary_contrast,JVASP-142153,Li7Mn2Co3O12,JVASP-44385,Li3CoN6O12,Li3Co(NO2)6,bulk,dft_3d,Co-Li-N-O,oxide,oxide,ABC2D3,unknown,unknown,0.35,False,True,True,Co;Li;N;O,3,0.75,False,True,True,166,,5,False,158.0,-0.7870100000000001,-0.7870100000000001,0.08310000000000001,,stable_or_known,related formula/prototype/chemistry/family with different symmetry or variant metadata,6.875,102,known_synthesized
boundary_contrast,JVASP-142153,Li7Mn2Co3O12,JVASP-48721,Li2CoSiO4,Li2CoSiO4,bulk,dft_3d,Co-Li-O-Si,oxide,oxide,ABC2D4,unknown,unknown,0.35,False,True,True,Co;Li;O;Si,3,0.75,False,True,True,121,,4,False,113.0,-2.19997,-2.19997,0.08510000000000001,,stable_or_known,related formula/prototype/chemistry/family with different symmetry or variant metadata,6.875,103,known_synthesized
boundary_contrast,JVASP-142153,Li7Mn2Co3O12,JVASP-46858,Li2V3CoO8,Li2V3CoO8,bulk,dft_3d,Co-Li-O-V,oxide,oxide,AB2C3D8,unknown,unknown,0.35,False,True,True,Co;Li;O;V,3,0.75,False,True,True,160,,5,False,152.0,-2.26097,-2.26097,0.08750000000000001,,stable_or_known,related formula/prototype/chemistry/family with different symmetry or variant metadata,6.875,104,known_synthesized
boundary_contrast,JVASP-142153,Li7Mn2Co3O12,JVASP-117087,Li2Fe3CoO8,Li2Fe3CoO8,bulk,dft_3d,Co-Fe-Li-O,oxide,oxide,AB2C3D8,unknown,unknown,0.35,False,True,True,Co;Fe;Li;O,3,0.75,False,True,True,186,,6,False,178.0,-1.62337,-1.62337,0.0364,,stable_or_known,related formula/prototype/chemistry/family with different symmetry or variant metadata,6.875,105,known_synthesized
boundary_contrast,JVASP-142153,Li7Mn2Co3O12,JVASP-147447,Li2MnCr3O8,Li2MnCr3O8,bulk,dft_3d,Cr-Li-Mn-O,oxide,oxide,AB2C3D8,unknown,unknown,0.35,False,True,True,Cr;Li;Mn;O,3,0.75,False,True,True,186,,6,False,178.0,-2.15313,-2.15313,0.0106,,stable_or_known,related formula/prototype/chemistry/family with different symmetry or variant metadata,6.875,106,known_synthesized
boundary_contrast,JVASP-142153,Li7Mn2Co3O12,JVASP-47611,Li2CrCo3O8,Li2CrCo3O8,bulk,dft_3d,Co-Cr-Li-O,oxide,oxide,AB2C3D8,unknown,unknown,0.35,False,True,True,Co;Cr;Li;O,3,0.75,False,True,True,166,,5,False,158.0,-1.6674600000000002,-1.6674600000000002,0.0195,,stable_or_known,related formula/prototype/chemistry/family with different symmetry or variant metadata,6.875,107,known_synthesized
boundary_contrast,JVASP-142153,Li7Mn2Co3O12,JVASP-142170,Li4Mn3NbO8,Li4Mn3NbO8,bulk,dft_3d,Li-Mn-Nb-O,oxide,oxide,AB3C4D8,unknown,unknown,0.35,False,True,True,Li;Mn;Nb;O,3,0.75,False,True,True,166,,5,False,158.0,-2.09188,-2.09188,0.0916,,stable_or_known,related formula/prototype/chemistry/family with different symmetry or variant metadata,6.875,108,known_synthesized
boundary_contrast,JVASP-142153,Li7Mn2Co3O12,JVASP-48917,LiMn7O9F3,LiMn7(O3F)3,bulk,dft_3d,F-Li-Mn-O,oxide,oxide,ABC3D7,unknown,unknown,0.35,False,True,True,F;Li;Mn;O,3,0.75,False,True,True,146,,5,False,138.0,-1.9235200000000001,-1.9235200000000001,0.0,,stable_or_known,related formula/prototype/chemistry/family with different symmetry or variant metadata,6.875,109,known_synthesized
boundary_contrast,JVASP-142153,Li7Mn2Co3O12,JVASP-111917,Li2Mn3CrO8,Li2Mn3CrO8,bulk,dft_3d,Cr-Li-Mn-O,oxide,oxide,AB2C3D8,unknown,unknown,0.35,False,True,True,Cr;Li;Mn;O,3,0.75,False,True,True,186,,6,False,178.0,-2.0508,-2.0508,0.0477,,stable_or_known,related formula/prototype/chemistry/family with different symmetry or variant metadata,6.875,110,known_synthesized
boundary_contrast,JVASP-142153,Li7Mn2Co3O12,JVASP-91859,LiMnO2,LiMnO2,bulk,dft_3d,Li-Mn-O,oxide,oxide,ABC2,unknown,unknown,0.35,False,True,True,Li;Mn;O,3,0.75,False,True,True,141,,4,False,133.0,-2.01575,-2.01575,0.0234,,stable_or_known,related formula/prototype/chemistry/family with different symmetry or variant metadata,6.875,111,known_synthesized
boundary_contrast,JVASP-142153,Li7Mn2Co3O12,JVASP-133693,Li3MnNi3O8,Li3MnNi3O8,bulk,dft_3d,Li-Mn-Ni-O,oxide,oxide,AB3C3D8,unknown,unknown,0.35,False,True,True,Li;Mn;Ni;O,3,0.75,False,True,True,166,,5,False,158.0,-1.52603,-1.52603,0.059000000000000004,,stable_or_known,related formula/prototype/chemistry/family with different symmetry or variant metadata,6.875,112,known_synthesized
boundary_contrast,JVASP-142153,Li7Mn2Co3O12,JVASP-46444,Li2CrCoO4,Li2CrCoO4,bulk,dft_3d,Co-Cr-Li-O,oxide,oxide,ABC2D4,unknown,unknown,0.35,False,True,True,Co;Cr;Li;O,3,0.75,False,True,True,119,,4,False,111.0,-1.8800100000000002,-1.8800100000000002,0.0959,,stable_or_known,related formula/prototype/chemistry/family with different symmetry or variant metadata,6.875,113,known_synthesized
boundary_contrast,JVASP-142153,Li7Mn2Co3O12,JVASP-43006,Li2Mn3TeO8,Li2Mn3TeO8,bulk,dft_3d,Li-Mn-O-Te,oxide,oxide,AB2C3D8,unknown,unknown,0.35,False,True,True,Li;Mn;O;Te,3,0.75,False,True,True,166,,5,False,158.0,-1.7173800000000001,-1.7173800000000001,0.0,,stable_or_known,related formula/prototype/chemistry/family with different symmetry or variant metadata,6.875,114,known_synthesized
boundary_contrast,JVASP-142153,Li7Mn2Co3O12,JVASP-141438,Li3CoNi2O6,Li3Co(NiO3)2,bulk,dft_3d,Co-Li-Ni-O,oxide,oxide,ABC3D3,unknown,unknown,0.35,False,True,True,Co;Li;Ni;O,3,0.75,False,True,True,164,,5,False,156.0,-1.545,-1.545,0.010700000000000001,,stable_or_known,related formula/prototype/chemistry/family with different symmetry or variant metadata,6.875,115,known_synthesized
boundary_contrast,JVASP-142153,Li7Mn2Co3O12,JVASP-88720,K11LiMn4O16,K11LiMn4O16,bulk,dft_3d,K-Li-Mn-O,oxide,oxide,AB4C11D16,unknown,unknown,0.35,False,True,True,K;Li;Mn;O,3,0.75,False,True,True,121,,4,False,113.0,-1.93397,-1.93397,0.0,True,stable_or_known,related formula/prototype/chemistry/family with different symmetry or variant metadata,6.875,116,
boundary_contrast,JVASP-142153,Li7Mn2Co3O12,JVASP-145873,Li5Mn6O16,Li5Mn6O16,bulk,dft_3d,Li-Mn-O,oxide,oxide,A5B6C16,unknown,unknown,0.35,False,True,True,Li;Mn;O,3,0.75,False,True,True,166,,5,False,158.0,-1.8958300000000001,-1.8958300000000001,0.039900000000000005,,stable_or_known,related formula/prototype/chemistry/family with different symmetry or variant metadata,6.875,117,known_synthesized
boundary_contrast,JVASP-142153,Li7Mn2Co3O12,JVASP-119272,Li3Co4O8,Li3(CoO2)4,bulk,dft_3d,Co-Li-O,oxide,oxide,AB2C3,unknown,unknown,0.35,False,True,True,Co;Li;O,3,0.75,False,True,True,166,,5,False,158.0,-1.5917400000000002,-1.5917400000000002,0.0097,,stable_or_known,related formula/prototype/chemistry/family with different symmetry or variant metadata,6.875,118,known_synthesized
boundary_contrast,JVASP-142153,Li7Mn2Co3O12,JVASP-144810,Li2Co3TeO8,Li2Co3TeO8,bulk,dft_3d,Co-Li-O-Te,oxide,oxide,AB2C3D8,unknown,unknown,0.35,False,True,True,Co;Li;O;Te,3,0.75,False,True,True,186,,6,False,178.0,-1.45753,-1.45753,0.013000000000000001,,stable_or_known,related formula/prototype/chemistry/family with different symmetry or variant metadata,6.875,119,known_synthesized
boundary_contrast,JVASP-142153,Li7Mn2Co3O12,JVASP-46857,Li2Co3SnO8,Li2Co3SnO8,bulk,dft_3d,Co-Li-O-Sn,oxide,oxide,AB2C3D8,unknown,unknown,0.35,False,True,True,Co;Li;O;Sn,3,0.75,False,True,True,166,,5,False,158.0,-1.5681,-1.5681,0.0477,,stable_or_known,related formula/prototype/chemistry/family with different symmetry or variant metadata,6.875,120,known_synthesized
boundary_contrast,JVASP-142153,Li7Mn2Co3O12,JVASP-40701,Li3CoO3,Li3CoO3,bulk,dft_3d,Co-Li-O,oxide,oxide,AB3C3,unknown,unknown,0.35,False,True,True,Co;Li;O,3,0.75,False,True,True,136,,4,False,128.0,-1.7717800000000001,-1.7717800000000001,0.09280000000000001,,stable_or_known,related formula/prototype/chemistry/family with different symmetry or variant metadata,6.875,121,known_synthesized
boundary_contrast,JVASP-142153,Li7Mn2Co3O12,JVASP-44532,Li2Mn3SnO8,Li2Mn3SnO8,bulk,dft_3d,Li-Mn-O-Sn,oxide,oxide,AB2C3D8,unknown,unknown,0.35,False,True,True,Li;Mn;O;Sn,3,0.75,False,True,True,166,,5,False,158.0,-1.92616,-1.92616,0.0741,,stable_or_known,related formula/prototype/chemistry/family with different symmetry or variant metadata,6.875,122,known_synthesized
boundary_contrast,JVASP-142153,Li7Mn2Co3O12,JVASP-43158,Li2MnFe3O8,Li2MnFe3O8,bulk,dft_3d,Fe-Li-Mn-O,oxide,oxide,AB2C3D8,unknown,unknown,0.35,False,True,True,Fe;Li;Mn;O,3,0.75,False,True,True,166,,5,False,158.0,-1.77311,-1.77311,0.0151,,stable_or_known,related formula/prototype/chemistry/family with different symmetry or variant metadata,6.875,123,known_synthesized
boundary_contrast,JVASP-142153,Li7Mn2Co3O12,JVASP-47626,Li2NbCo3O8,Li2NbCo3O8,bulk,dft_3d,Co-Li-Nb-O,oxide,oxide,AB2C3D8,unknown,unknown,0.35,False,True,True,Co;Li;Nb;O,3,0.75,False,True,True,186,,6,False,178.0,-1.83985,-1.83985,0.019200000000000002,,stable_or_known,related formula/prototype/chemistry/family with different symmetry or variant metadata,6.875,124,known_synthesized
boundary_contrast,JVASP-142153,Li7Mn2Co3O12,JVASP-141027,MnCo3O8,MnCo3O8,bulk,dft_3d,Co-Mn-O,oxide,oxide,AB3C8,unknown,unknown,0.35,False,True,True,Co;Mn;O,3,0.75,False,True,True,186,,6,False,178.0,-1.20482,-1.20482,0.0548,,stable_or_known,related formula/prototype/chemistry/family with different symmetry or variant metadata,6.875,125,known_synthesized
boundary_contrast,JVASP-142153,Li7Mn2Co3O12,JVASP-142546,Li2FeCo3O8,Li2FeCo3O8,bulk,dft_3d,Co-Fe-Li-O,oxide,oxide,AB2C3D8,unknown,unknown,0.35,False,True,True,Co;Fe;Li;O,3,0.75,False,True,True,166,,5,False,158.0,-1.5690300000000001,-1.5690300000000001,0.0,,stable_or_known,related formula/prototype/chemistry/family with different symmetry or variant metadata,6.875,126,known_synthesized
boundary_contrast,JVASP-142153,Li7Mn2Co3O12,JVASP-148378,LiFeCo3O8,LiFeCo3O8,bulk,dft_3d,Co-Fe-Li-O,oxide,oxide,ABC3D8,unknown,unknown,0.35,False,True,True,Co;Fe;Li;O,3,0.75,False,True,True,166,,5,False,158.0,-1.29149,-1.29149,0.0906,,stable_or_known,related formula/prototype/chemistry/family with different symmetry or variant metadata,6.875,127,known_synthesized
boundary_contrast,JVASP-142153,Li7Mn2Co3O12,JVASP-119318,Li2CoNi3O8,Li2CoNi3O8,bulk,dft_3d,Co-Li-Ni-O,oxide,oxide,AB2C3D8,unknown,unknown,0.35,False,True,True,Co;Li;Ni;O,3,0.75,False,True,True,166,,5,False,158.0,-1.36342,-1.36342,0.0,,stable_or_known,related formula/prototype/chemistry/family with different symmetry or variant metadata,6.875,128,known_synthesized
boundary_contrast,JVASP-142153,Li7Mn2Co3O12,JVASP-121905,Li8CoO6,Li8CoO6,bulk,dft_3d,Co-Li-O,oxide,oxide,AB6C8,unknown,unknown,0.35,False,True,True,Co;Li;O,3,0.75,False,True,True,185,,6,False,177.0,-1.91232,-1.91232,0.0533,,stable_or_known,related formula/prototype/chemistry/family with different symmetry or variant metadata,6.875,129,known_synthesized
boundary_contrast,JVASP-142153,Li7Mn2Co3O12,JVASP-133681,LiCo5O7F,LiCo5O7F,bulk,dft_3d,Co-F-Li-O,oxide,oxide,ABC5D7,unknown,unknown,0.35,False,True,True,Co;F;Li;O,3,0.75,False,True,True,160,,5,False,152.0,-1.39266,-1.39266,0.0187,,stable_or_known,related formula/prototype/chemistry/family with different symmetry or variant metadata,6.875,130,known_synthesized
boundary_contrast,JVASP-142153,Li7Mn2Co3O12,JVASP-117078,LiMn5O7F,LiMn5O7F,bulk,dft_3d,F-Li-Mn-O,oxide,oxide,ABC5D7,unknown,unknown,0.35,False,True,True,F;Li;Mn;O,3,0.75,False,True,True,160,,5,False,152.0,-1.87666,-1.87666,0.0,,stable_or_known,related formula/prototype/chemistry/family with different symmetry or variant metadata,6.875,131,known_synthesized
boundary_contrast,JVASP-142153,Li7Mn2Co3O12,JVASP-48604,LiMn5O5F,LiMn5O5F,bulk,dft_3d,F-Li-Mn-O,oxide,oxide,ABC5D5,unknown,unknown,0.35,False,True,True,F;Li;Mn;O,3,0.75,False,True,True,156,,5,False,148.0,-1.41204,-1.41204,0.0,,stable_or_known,related formula/prototype/chemistry/family with different symmetry or variant metadata,6.875,132,known_synthesized
boundary_contrast,JVASP-142153,Li7Mn2Co3O12,JVASP-133622,LiMn4O8,LiMn4O8,bulk,dft_3d,Li-Mn-O,oxide,oxide,AB4C8,unknown,unknown,0.35,False,True,True,Li;Mn;O,3,0.75,False,True,True,166,,5,False,158.0,-1.87121,-1.87121,0.062,,stable_or_known,related formula/prototype/chemistry/family with different symmetry or variant metadata,6.875,133,known_synthesized
boundary_contrast,JVASP-142153,Li7Mn2Co3O12,JVASP-44438,Li2Co3SnO8,Li2Co3SnO8,bulk,dft_3d,Co-Li-O-Sn,oxide,oxide,AB2C3D8,unknown,unknown,0.35,False,True,True,Co;Li;O;Sn,3,0.75,False,True,True,186,,6,False,178.0,-1.58871,-1.58871,0.027100000000000003,,stable_or_known,related formula/prototype/chemistry/family with different symmetry or variant metadata,6.875,134,known_synthesized
boundary_contrast,JVASP-142153,Li7Mn2Co3O12,JVASP-144434,Li5MnOF5,Li5MnOF5,bulk,dft_3d,F-Li-Mn-O,oxide,oxide,ABC5D5,unknown,unknown,0.35,False,True,True,F;Li;Mn;O,3,0.75,False,True,True,156,,5,False,148.0,-2.81138,-2.81138,0.0,,stable_or_known,related formula/prototype/chemistry/family with different symmetry or variant metadata,6.875,135,known_synthesized
boundary_contrast,JVASP-142153,Li7Mn2Co3O12,JVASP-145960,Li8MnO6,Li8MnO6,bulk,dft_3d,Li-Mn-O,oxide,oxide,AB6C8,unknown,unknown,0.35,False,True,True,Li;Mn;O,3,0.75,False,True,True,148,,5,False,140.0,-2.10714,-2.10714,0.019100000000000002,,stable_or_known,related formula/prototype/chemistry/family with different symmetry or variant metadata,6.875,136,known_synthesized
boundary_contrast,JVASP-142153,Li7Mn2Co3O12,JVASP-122194,Li3AlCo2O6,Li3Al(CoO3)2,bulk,dft_3d,Al-Co-Li-O,oxide,oxide,ABC3D3,unknown,unknown,0.35,False,True,True,Al;Co;Li;O,3,0.75,False,True,True,164,,5,False,156.0,-2.13223,-2.13223,0.0,,stable_or_known,related formula/prototype/chemistry/family with different symmetry or variant metadata,6.875,137,known_synthesized
boundary_contrast,JVASP-142153,Li7Mn2Co3O12,JVASP-52963,Ca3MnCoO6,Ca3MnCoO6,bulk,dft_3d,Ca-Co-Mn-O,oxide,oxide,ABC3D6,unknown,unknown,0.35,False,True,True,Ca;Co;Mn;O,3,0.75,False,True,True,167,,5,False,159.0,-2.5020700000000002,-2.5020700000000002,0.031900000000000005,True,stable_or_known,related formula/prototype/chemistry/family with different symmetry or variant metadata,6.875,138,
boundary_contrast,JVASP-142153,Li7Mn2Co3O12,JVASP-121723,Li2VCo3O8,Li2VCo3O8,bulk,dft_3d,Co-Li-O-V,oxide,oxide,AB2C3D8,unknown,unknown,0.35,False,True,True,Co;Li;O;V,3,0.75,False,True,True,166,,5,False,158.0,-1.78261,-1.78261,0.0132,,stable_or_known,related formula/prototype/chemistry/family with different symmetry or variant metadata,6.875,139,known_synthesized
boundary_contrast,JVASP-142153,Li7Mn2Co3O12,JVASP-44681,LiMn3CrO8,LiMn3CrO8,bulk,dft_3d,Cr-Li-Mn-O,oxide,oxide,ABC3D8,unknown,unknown,0.35,False,True,True,Cr;Li;Mn;O,3,0.75,False,True,True,160,,5,False,152.0,-1.95146,-1.95146,0.0524,,stable_or_known,related formula/prototype/chemistry/family with different symmetry or variant metadata,6.875,140,known_synthesized
boundary_contrast,JVASP-142153,Li7Mn2Co3O12,JVASP-43010,Li3Mn4O8,Li3Mn4O8,bulk,dft_3d,Li-Mn-O,oxide,oxide,A3B4C8,unknown,unknown,0.35,False,True,True,Li;Mn;O,3,0.75,False,True,True,166,,5,False,158.0,-1.96412,-1.96412,0.07680000000000001,,stable_or_known,related formula/prototype/chemistry/family with different symmetry or variant metadata,6.875,141,known_synthesized
boundary_contrast,JVASP-142153,Li7Mn2Co3O12,JVASP-45861,Li3FeCo3O8,Li3FeCo3O8,bulk,dft_3d,Co-Fe-Li-O,oxide,oxide,AB3C3D8,unknown,unknown,0.35,False,True,True,Co;Fe;Li;O,3,0.75,False,True,True,166,,5,False,158.0,-1.58764,-1.58764,0.0707,,stable_or_known,related formula/prototype/chemistry/family with different symmetry or variant metadata,6.875,142,known_synthesized
boundary_contrast,JVASP-142153,Li7Mn2Co3O12,JVASP-46114,LiMnC2O6,LiMn(CO3)2,bulk,dft_3d,C-Li-Mn-O,oxide,oxide,ABCD3,unknown,unknown,0.35,False,True,True,C;Li;Mn;O,3,0.75,False,True,True,148,,5,False,140.0,-1.6492200000000001,-1.6492200000000001,0.0125,,stable_or_known,related formula/prototype/chemistry/family with different symmetry or variant metadata,6.875,143,known_synthesized
boundary_contrast,JVASP-142153,Li7Mn2Co3O12,JVASP-111896,Li2TiCo3O8,Li2TiCo3O8,bulk,dft_3d,Co-Li-O-Ti,oxide,oxide,AB2C3D8,unknown,unknown,0.35,False,True,True,Co;Li;O;Ti,3,0.75,False,True,True,186,,6,False,178.0,-1.8947800000000001,-1.8947800000000001,0.035500000000000004,,stable_or_known,related formula/prototype/chemistry/family with different symmetry or variant metadata,6.875,144,known_synthesized
boundary_contrast,JVASP-142153,Li7Mn2Co3O12,JVASP-46150,LiCoC2O6,LiCo(CO3)2,bulk,dft_3d,C-Co-Li-O,oxide,oxide,ABCD3,unknown,unknown,0.35,False,True,True,C;Co;Li;O,3,0.75,False,True,True,148,,5,False,140.0,-1.5014100000000001,-1.5014100000000001,0.0131,,stable_or_known,related formula/prototype/chemistry/family with different symmetry or variant metadata,6.875,145,known_synthesized
boundary_contrast,JVASP-142153,Li7Mn2Co3O12,JVASP-48807,LiMn2OF3,LiMn2OF3,bulk,dft_3d,F-Li-Mn-O,oxide,oxide,ABC2D3,unknown,unknown,0.35,False,True,True,F;Li;Mn;O,3,0.75,False,True,True,164,,5,False,156.0,-2.25121,-2.25121,0.0,,stable_or_known,related formula/prototype/chemistry/family with different symmetry or variant metadata,6.875,146,known_synthesized
boundary_contrast,JVASP-142153,Li7Mn2Co3O12,JVASP-42305,LiCo4O8,Li(CoO2)4,bulk,dft_3d,Co-Li-O,oxide,oxide,ABC2,unknown,unknown,0.35,False,True,True,Co;Li;O,3,0.75,False,True,True,166,,5,False,158.0,-1.23751,-1.23751,0.0585,,stable_or_known,related formula/prototype/chemistry/family with different symmetry or variant metadata,6.875,147,known_synthesized
boundary_contrast,JVASP-142153,Li7Mn2Co3O12,JVASP-144038,Li4Mn3NbO8,Li4Mn3NbO8,bulk,dft_3d,Li-Mn-Nb-O,oxide,oxide,AB3C4D8,unknown,unknown,0.35,False,True,True,Li;Mn;Nb;O,3,0.75,False,True,True,166,,5,False,158.0,-2.1001,-2.1001,0.0834,,stable_or_known,related formula/prototype/chemistry/family with different symmetry or variant metadata,6.875,148,known_synthesized
boundary_contrast,JVASP-142153,Li7Mn2Co3O12,JVASP-112847,Li2Mn3CrO8,Li2Mn3CrO8,bulk,dft_3d,Cr-Li-Mn-O,oxide,oxide,AB2C3D8,unknown,unknown,0.35,False,True,True,Cr;Li;Mn;O,3,0.75,False,True,True,166,,5,False,158.0,-2.09849,-2.09849,0.0,,stable_or_known,related formula/prototype/chemistry/family with different symmetry or variant metadata,6.875,149,known_synthesized
boundary_contrast,JVASP-142153,Li7Mn2Co3O12,JVASP-45931,Li3TiCo3O8,Li3TiCo3O8,bulk,dft_3d,Co-Li-O-Ti,oxide,oxide,AB3C3D8,unknown,unknown,0.35,False,True,True,Co;Li;O;Ti,3,0.75,False,True,True,166,,5,False,158.0,-1.91097,-1.91097,0.09920000000000001,,stable_or_known,related formula/prototype/chemistry/family with different symmetry or variant metadata,6.875,150,known_synthesized
boundary_contrast,JVASP-142153,Li7Mn2Co3O12,JVASP-144353,Li3Al2CoO6,Li3Al2CoO6,bulk,dft_3d,Al-Co-Li-O,oxide,oxide,AB2C3D6,unknown,unknown,0.35,False,True,True,Al;Co;Li;O,3,0.75,False,True,True,164,,5,False,156.0,-2.5669,-2.5669,0.0,,stable_or_known,related formula/prototype/chemistry/family with different symmetry or variant metadata,6.875,151,known_synthesized
boundary_contrast,JVASP-142153,Li7Mn2Co3O12,JVASP-11785,LiMnBO3,LiMnBO3,bulk,dft_3d,B-Li-Mn-O,oxide,oxide,ABCD3,unknown,unknown,0.35,False,True,True,B;Li;Mn;O,3,0.75,False,True,True,174,,6,False,166.0,-2.18069,-2.18069,0.0413,True,stable_or_known,related formula/prototype/chemistry/family with different symmetry or variant metadata,6.875,152,
boundary_contrast,JVASP-142153,Li7Mn2Co3O12,JVASP-141054,LiCoO2,LiCoO2,bulk,dft_3d,Co-Li-O,oxide,oxide,ABC2,unknown,unknown,0.35,False,True,True,Co;Li;O,3,0.75,False,True,True,227,,7,False,219.0,-1.6969,-1.6969,0.0,,stable_or_known,related formula/prototype/chemistry/family with different symmetry or variant metadata,6.875,153,known_synthesized
boundary_contrast,JVASP-142153,Li7Mn2Co3O12,JVASP-117063,Li2MnV3O8,Li2MnV3O8,bulk,dft_3d,Li-Mn-O-V,oxide,oxide,AB2C3D8,unknown,unknown,0.35,False,True,True,Li;Mn;O;V,3,0.75,False,True,True,166,,5,False,158.0,-2.40741,-2.40741,0.009600000000000001,,stable_or_known,related formula/prototype/chemistry/family with different symmetry or variant metadata,6.875,154,known_synthesized
boundary_contrast,JVASP-142153,Li7Mn2Co3O12,JVASP-142664,Li3Co4O8,Li3(CoO2)4,bulk,dft_3d,Co-Li-O,oxide,oxide,AB2C3,unknown,unknown,0.35,False,True,True,Co;Li;O,3,0.75,False,True,True,166,,5,False,158.0,-1.5869,-1.5869,0.0145,,stable_or_known,related formula/prototype/chemistry/family with different symmetry or variant metadata,6.875,155,known_synthesized
boundary_contrast,JVASP-142153,Li7Mn2Co3O12,JVASP-142873,Li3MnFe3O8,Li3MnFe3O8,bulk,dft_3d,Fe-Li-Mn-O,oxide,oxide,AB3C3D8,unknown,unknown,0.35,False,True,True,Fe;Li;Mn;O,3,0.75,False,True,True,166,,5,False,158.0,-1.81055,-1.81055,0.0228,,stable_or_known,related formula/prototype/chemistry/family with different symmetry or variant metadata,6.875,156,known_synthesized
boundary_contrast,JVASP-142153,Li7Mn2Co3O12,JVASP-142877,Li3Co3OF7,Li3Co3OF7,bulk,dft_3d,Co-F-Li-O,oxide,oxide,AB3C3D7,unknown,unknown,0.35,False,True,True,Co;F;Li;O,3,0.75,False,True,True,160,,5,False,152.0,-2.23216,-2.23216,0.0478,,stable_or_known,related formula/prototype/chemistry/family with different symmetry or variant metadata,6.875,157,known_synthesized
boundary_contrast,JVASP-142153,Li7Mn2Co3O12,JVASP-44142,Li2MnSiO5,Li2MnSiO5,bulk,dft_3d,Li-Mn-O-Si,oxide,oxide,ABC2D5,unknown,unknown,0.35,False,True,True,Li;Mn;O;Si,3,0.75,False,True,True,129,,4,False,121.0,-2.35694,-2.35694,0.0656,,stable_or_known,related formula/prototype/chemistry/family with different symmetry or variant metadata,6.875,158,known_synthesized
boundary_contrast,JVASP-142153,Li7Mn2Co3O12,JVASP-100063,LiCoO2,LiCoO2,bulk,dft_3d,Co-Li-O,oxide,oxide,ABC2,unknown,unknown,0.35,False,True,True,Co;Li;O,3,0.75,False,True,True,186,,6,False,178.0,-1.65511,-1.65511,0.041800000000000004,,stable_or_known,related formula/prototype/chemistry/family with different symmetry or variant metadata,6.875,159,known_synthesized
boundary_contrast,JVASP-142153,Li7Mn2Co3O12,JVASP-145644,Li3TiCo3O8,Li3TiCo3O8,bulk,dft_3d,Co-Li-O-Ti,oxide,oxide,AB3C3D8,unknown,unknown,0.35,False,True,True,Co;Li;O;Ti,3,0.75,False,True,True,186,,6,False,178.0,-1.9556600000000002,-1.9556600000000002,0.0545,,stable_or_known,related formula/prototype/chemistry/family with different symmetry or variant metadata,6.875,160,known_synthesized
boundary_contrast,JVASP-142153,Li7Mn2Co3O12,JVASP-40656,Li4Co3NiO8,Li4Co3NiO8,bulk,dft_3d,Co-Li-Ni-O,oxide,oxide,AB3C4D8,unknown,unknown,0.35,False,True,True,Co;Li;Ni;O,3,0.75,False,True,True,166,,5,False,158.0,-1.61992,-1.61992,0.0258,,stable_or_known,related formula/prototype/chemistry/family with different symmetry or variant metadata,6.875,161,known_synthesized
boundary_contrast,JVASP-142153,Li7Mn2Co3O12,JVASP-48466,LiCo5O7F,LiCo5O7F,bulk,dft_3d,Co-F-Li-O,oxide,oxide,ABC5D7,unknown,unknown,0.35,False,True,True,Co;F;Li;O,3,0.75,False,True,True,160,,5,False,152.0,-1.39287,-1.39287,0.018500000000000003,,stable_or_known,related formula/prototype/chemistry/family with different symmetry or variant metadata,6.875,162,known_synthesized
boundary_contrast,JVASP-142153,Li7Mn2Co3O12,JVASP-132952,Li3Co4O8,Li3(CoO2)4,bulk,dft_3d,Co-Li-O,oxide,oxide,AB2C3,unknown,unknown,0.35,False,True,True,Co;Li;O,3,0.75,False,True,True,166,,5,False,158.0,-1.5705,-1.5705,0.0309,,stable_or_known,related formula/prototype/chemistry/family with different symmetry or variant metadata,6.875,163,known_synthesized
boundary_contrast,JVASP-142153,Li7Mn2Co3O12,JVASP-111929,Li4Co3CuO8,Li4Co3CuO8,bulk,dft_3d,Co-Cu-Li-O,oxide,oxide,AB3C4D8,unknown,unknown,0.35,False,True,True,Co;Cu;Li;O,3,0.75,False,True,True,166,,5,False,158.0,-1.5609,-1.5609,0.0592,,stable_or_known,related formula/prototype/chemistry/family with different symmetry or variant metadata,6.875,164,known_synthesized
boundary_contrast,JVASP-142153,Li7Mn2Co3O12,JVASP-148272,Li3Co2NiO6,Li3Co2NiO6,bulk,dft_3d,Co-Li-Ni-O,oxide,oxide,AB2C3D6,unknown,unknown,0.35,False,True,True,Co;Li;Ni;O,3,0.75,False,True,True,164,,5,False,156.0,-1.62013,-1.62013,0.0082,,stable_or_known,related formula/prototype/chemistry/family with different symmetry or variant metadata,6.875,165,known_synthesized
boundary_contrast,JVASP-142153,Li7Mn2Co3O12,JVASP-44701,Li3MnO3,Li3MnO3,bulk,dft_3d,Li-Mn-O,oxide,oxide,AB3C3,unknown,unknown,0.35,False,True,True,Li;Mn;O,3,0.75,False,True,True,136,,4,False,128.0,-2.02069,-2.02069,0.060500000000000005,,stable_or_known,related formula/prototype/chemistry/family with different symmetry or variant metadata,6.875,166,known_synthesized
boundary_contrast,JVASP-142153,Li7Mn2Co3O12,JVASP-146888,Li2Mn3SnO8,Li2Mn3SnO8,bulk,dft_3d,Li-Mn-O-Sn,oxide,oxide,AB2C3D8,unknown,unknown,0.35,False,True,True,Li;Mn;O;Sn,3,0.75,False,True,True,166,,5,False,158.0,-1.94321,-1.94321,0.057,,stable_or_known,related formula/prototype/chemistry/family with different symmetry or variant metadata,6.875,167,known_synthesized
boundary_contrast,JVASP-142153,Li7Mn2Co3O12,JVASP-140417,LiMn8O16,LiMn8O16,bulk,dft_3d,Li-Mn-O,oxide,oxide,AB8C16,unknown,unknown,0.35,False,True,True,Li;Mn;O,3,0.75,False,True,True,115,,4,False,107.0,-1.8414300000000001,-1.8414300000000001,0.0302,,stable_or_known,related formula/prototype/chemistry/family with different symmetry or variant metadata,6.875,168,known_synthesized
boundary_contrast,JVASP-142153,Li7Mn2Co3O12,JVASP-113229,Li2Co3BiO8,Li2Co3BiO8,bulk,dft_3d,Bi-Co-Li-O,oxide,oxide,AB2C3D8,unknown,unknown,0.35,False,True,True,Bi;Co;Li;O,3,0.75,False,True,True,166,,5,False,158.0,-1.45272,-1.45272,0.0434,,stable_or_known,related formula/prototype/chemistry/family with different symmetry or variant metadata,6.875,169,known_synthesized
boundary_contrast,JVASP-142153,Li7Mn2Co3O12,JVASP-44478,Li2Mn3SnO8,Li2Mn3SnO8,bulk,dft_3d,Li-Mn-O-Sn,oxide,oxide,AB2C3D8,unknown,unknown,0.35,False,True,True,Li;Mn;O;Sn,3,0.75,False,True,True,186,,6,False,178.0,-1.95377,-1.95377,0.0465,,stable_or_known,related formula/prototype/chemistry/family with different symmetry or variant metadata,6.875,170,known_synthesized
boundary_contrast,JVASP-142153,Li7Mn2Co3O12,JVASP-44527,Li2Mn3VO8,Li2Mn3VO8,bulk,dft_3d,Li-Mn-O-V,oxide,oxide,AB2C3D8,unknown,unknown,0.35,False,True,True,Li;Mn;O;V,3,0.75,False,True,True,166,,5,False,158.0,-2.14466,-2.14466,0.0238,,stable_or_known,related formula/prototype/chemistry/family with different symmetry or variant metadata,6.875,171,known_synthesized
boundary_contrast,JVASP-142153,Li7Mn2Co3O12,JVASP-117410,Li6MnO6,Li6MnO6,bulk,dft_3d,Li-Mn-O,oxide,oxide,AB6C6,unknown,unknown,0.35,False,True,True,Li;Mn;O,3,0.75,False,True,True,148,,5,False,140.0,-1.92409,-1.92409,0.0656,,stable_or_known,related formula/prototype/chemistry/family with different symmetry or variant metadata,6.875,172,known_synthesized
boundary_contrast,JVASP-142153,Li7Mn2Co3O12,JVASP-46863,Li3Cr3CoO8,Li3Cr3CoO8,bulk,dft_3d,Co-Cr-Li-O,oxide,oxide,AB3C3D8,unknown,unknown,0.35,False,True,True,Co;Cr;Li;O,3,0.75,False,True,True,166,,5,False,158.0,-2.04921,-2.04921,0.0281,,stable_or_known,related formula/prototype/chemistry/family with different symmetry or variant metadata,6.875,173,known_synthesized
boundary_contrast,JVASP-142153,Li7Mn2Co3O12,JVASP-43192,Li2Co3WO8,Li2Co3WO8,bulk,dft_3d,Co-Li-O-W,oxide,oxide,AB2C3D8,unknown,unknown,0.35,False,True,True,Co;Li;O;W,3,0.75,False,True,True,186,,6,False,178.0,-1.74762,-1.74762,0.0408,,stable_or_known,related formula/prototype/chemistry/family with different symmetry or variant metadata,6.875,174,known_synthesized
boundary_contrast,JVASP-142153,Li7Mn2Co3O12,JVASP-116764,LiCo5O7F,LiCo5O7F,bulk,dft_3d,Co-F-Li-O,oxide,oxide,ABC5D7,unknown,unknown,0.35,False,True,True,Co;F;Li;O,3,0.75,False,True,True,160,,5,False,152.0,-1.40744,-1.40744,0.0039000000000000003,,stable_or_known,related formula/prototype/chemistry/family with different symmetry or variant metadata,6.875,175,known_synthesized
boundary_contrast,JVASP-142153,Li7Mn2Co3O12,JVASP-147161,Li3Mn3OF7,Li3Mn3OF7,bulk,dft_3d,F-Li-Mn-O,oxide,oxide,AB3C3D7,unknown,unknown,0.35,False,True,True,F;Li;Mn;O,3,0.75,False,True,True,160,,5,False,152.0,-2.5317,-2.5317,0.0,,stable_or_known,related formula/prototype/chemistry/family with different symmetry or variant metadata,6.875,176,known_synthesized
boundary_contrast,JVASP-142153,Li7Mn2Co3O12,JVASP-43001,Li2Ti3CoO8,Li2Ti3CoO8,bulk,dft_3d,Co-Li-O-Ti,oxide,oxide,AB2C3D8,unknown,unknown,0.35,False,True,True,Co;Li;O;Ti,3,0.75,False,True,True,166,,5,False,158.0,-2.71851,-2.71851,0.056100000000000004,,stable_or_known,related formula/prototype/chemistry/family with different symmetry or variant metadata,6.875,177,known_synthesized
boundary_contrast,JVASP-142153,Li7Mn2Co3O12,JVASP-44686,Li2MnCrO4,Li2MnCrO4,bulk,dft_3d,Cr-Li-Mn-O,oxide,oxide,ABC2D4,unknown,unknown,0.35,False,True,True,Cr;Li;Mn;O,3,0.75,False,True,True,119,,4,False,111.0,-2.10252,-2.10252,0.0329,,stable_or_known,related formula/prototype/chemistry/family with different symmetry or variant metadata,6.875,178,known_synthesized
boundary_contrast,JVASP-142153,Li7Mn2Co3O12,JVASP-48822,LiMn2OF3,LiMn2OF3,bulk,dft_3d,F-Li-Mn-O,oxide,oxide,ABC2D3,unknown,unknown,0.35,False,True,True,F;Li;Mn;O,3,0.75,False,True,True,160,,5,False,152.0,-2.25291,-2.25291,0.0,,stable_or_known,related formula/prototype/chemistry/family with different symmetry or variant metadata,6.875,179,known_synthesized
boundary_contrast,JVASP-142153,Li7Mn2Co3O12,JVASP-119365,Li2Mn3FeO8,Li2Mn3FeO8,bulk,dft_3d,Fe-Li-Mn-O,oxide,oxide,AB2C3D8,unknown,unknown,0.35,False,True,True,Fe;Li;Mn;O,3,0.75,False,True,True,166,,5,False,158.0,-1.96859,-1.96859,0.0,,stable_or_known,related formula/prototype/chemistry/family with different symmetry or variant metadata,6.875,180,known_synthesized
boundary_contrast,JVASP-142153,Li7Mn2Co3O12,JVASP-147132,Li2MnO2F,Li2MnO2F,bulk,dft_3d,F-Li-Mn-O,oxide,oxide,ABC2D2,unknown,unknown,0.35,False,True,True,F;Li;Mn;O,3,0.75,False,True,True,164,,5,False,156.0,-2.41352,-2.41352,0.0,,stable_or_known,related formula/prototype/chemistry/family with different symmetry or variant metadata,6.875,181,known_synthesized
boundary_contrast,JVASP-142153,Li7Mn2Co3O12,JVASP-42989,Li2MnV3O8,Li2MnV3O8,bulk,dft_3d,Li-Mn-O-V,oxide,oxide,AB2C3D8,unknown,unknown,0.35,False,True,True,Li;Mn;O;V,3,0.75,False,True,True,166,,5,False,158.0,-2.38702,-2.38702,0.03,,stable_or_known,related formula/prototype/chemistry/family with different symmetry or variant metadata,6.875,182,known_synthesized
boundary_contrast,JVASP-142153,Li7Mn2Co3O12,JVASP-116860,Li3TiCo3O8,Li3TiCo3O8,bulk,dft_3d,Co-Li-O-Ti,oxide,oxide,AB3C3D8,unknown,unknown,0.35,False,True,True,Co;Li;O;Ti,3,0.75,False,True,True,166,,5,False,158.0,-1.9301700000000002,-1.9301700000000002,0.08,,stable_or_known,related formula/prototype/chemistry/family with different symmetry or variant metadata,6.875,183,known_synthesized
boundary_contrast,JVASP-142153,Li7Mn2Co3O12,JVASP-96563,Li2MgMn3O8,Li2MgMn3O8,bulk,dft_3d,Li-Mg-Mn-O,oxide,oxide,AB2C3D8,unknown,unknown,0.35,False,True,True,Li;Mg;Mn;O,3,0.75,False,True,True,212,,7,False,204.0,-2.19866,-2.19866,0.0,True,stable_or_known,related formula/prototype/chemistry/family with different symmetry or variant metadata,6.875,184,
boundary_contrast,JVASP-142153,Li7Mn2Co3O12,JVASP-147432,LiCo2O4,Li(CoO2)2,bulk,dft_3d,Co-Li-O,oxide,oxide,ABC2,unknown,unknown,0.35,False,True,True,Co;Li;O,3,0.75,False,True,True,160,,5,False,152.0,-1.4031500000000001,-1.4031500000000001,0.0892,,stable_or_known,related formula/prototype/chemistry/family with different symmetry or variant metadata,6.875,185,known_synthesized
boundary_contrast,JVASP-142153,Li7Mn2Co3O12,JVASP-47637,LiCoPO4,LiCoPO4,bulk,dft_3d,Co-Li-O-P,oxide,oxide,ABCD4,unknown,unknown,0.35,False,True,True,Co;Li;O;P,3,0.75,False,True,True,148,,5,False,140.0,-1.91253,-1.91253,0.0771,,stable_or_known,related formula/prototype/chemistry/family with different symmetry or variant metadata,6.875,186,known_synthesized
boundary_contrast,JVASP-142153,Li7Mn2Co3O12,JVASP-46464,Li2Mn3NbO8,Li2Mn3NbO8,bulk,dft_3d,Li-Mn-Nb-O,oxide,oxide,AB2C3D8,unknown,unknown,0.35,False,True,True,Li;Mn;Nb;O,3,0.75,False,True,True,166,,5,False,158.0,-2.1154,-2.1154,0.0828,,stable_or_known,related formula/prototype/chemistry/family with different symmetry or variant metadata,6.875,187,known_synthesized
boundary_contrast,JVASP-142153,Li7Mn2Co3O12,JVASP-146242,Li2V3CoO8,Li2V3CoO8,bulk,dft_3d,Co-Li-O-V,oxide,oxide,AB2C3D8,unknown,unknown,0.35,False,True,True,Co;Li;O;V,3,0.75,False,True,True,160,,5,False,152.0,-2.29455,-2.29455,0.0539,,stable_or_known,related formula/prototype/chemistry/family with different symmetry or variant metadata,6.875,188,known_synthesized
boundary_contrast,JVASP-142153,Li7Mn2Co3O12,JVASP-42908,LiMnPO4,LiMnPO4,bulk,dft_3d,Li-Mn-O-P,oxide,oxide,ABCD4,unknown,unknown,0.35,False,True,True,Li;Mn;O;P,3,0.75,False,True,True,148,,5,False,140.0,-2.14732,-2.14732,0.0712,,stable_or_known,related formula/prototype/chemistry/family with different symmetry or variant metadata,6.875,189,known_synthesized
boundary_contrast,JVASP-142153,Li7Mn2Co3O12,JVASP-48043,Li2Mn3SbO8,Li2Mn3SbO8,bulk,dft_3d,Li-Mn-O-Sb,oxide,oxide,AB2C3D8,unknown,unknown,0.35,False,True,True,Li;Mn;O;Sb,3,0.75,False,True,True,159,,5,False,151.0,-1.8717700000000002,-1.8717700000000002,0.0828,,stable_or_known,related formula/prototype/chemistry/family with different symmetry or variant metadata,6.875,190,known_synthesized
boundary_contrast,JVASP-142153,Li7Mn2Co3O12,JVASP-46916,Li2V3CoO8,Li2V3CoO8,bulk,dft_3d,Co-Li-O-V,oxide,oxide,AB2C3D8,unknown,unknown,0.35,False,True,True,Co;Li;O;V,3,0.75,False,True,True,166,,5,False,158.0,-2.27804,-2.27804,0.0704,,stable_or_known,related formula/prototype/chemistry/family with different symmetry or variant metadata,6.875,191,known_synthesized
boundary_contrast,JVASP-142153,Li7Mn2Co3O12,JVASP-43162,Li2VCo3O8,Li2VCo3O8,bulk,dft_3d,Co-Li-O-V,oxide,oxide,AB2C3D8,unknown,unknown,0.35,False,True,True,Co;Li;O;V,3,0.75,False,True,True,166,,5,False,158.0,-1.78279,-1.78279,0.0131,,stable_or_known,related formula/prototype/chemistry/family with different symmetry or variant metadata,6.875,192,known_synthesized
boundary_contrast,JVASP-142153,Li7Mn2Co3O12,JVASP-141527,Li2V3CoO8,Li2V3CoO8,bulk,dft_3d,Co-Li-O-V,oxide,oxide,AB2C3D8,unknown,unknown,0.35,False,True,True,Co;Li;O;V,3,0.75,False,True,True,160,,5,False,152.0,-2.29451,-2.29451,0.0539,,stable_or_known,related formula/prototype/chemistry/family with different symmetry or variant metadata,6.875,193,known_synthesized
boundary_contrast,JVASP-142153,Li7Mn2Co3O12,JVASP-46866,LiMn5O3F5,LiMn5O3F5,bulk,dft_3d,F-Li-Mn-O,oxide,oxide,AB3C5D5,unknown,unknown,0.35,False,True,True,F;Li;Mn;O,3,0.75,False,True,True,160,,5,False,152.0,-1.97866,-1.97866,0.0,,stable_or_known,related formula/prototype/chemistry/family with different symmetry or variant metadata,6.875,194,known_synthesized
boundary_contrast,JVASP-142153,Li7Mn2Co3O12,JVASP-140224,Li4Mn3VO8,Li4Mn3VO8,bulk,dft_3d,Li-Mn-O-V,oxide,oxide,AB3C4D8,unknown,unknown,0.35,False,True,True,Li;Mn;O;V,3,0.75,False,True,True,166,,5,False,158.0,-2.14716,-2.14716,0.026000000000000002,,stable_or_known,related formula/prototype/chemistry/family with different symmetry or variant metadata,6.875,195,known_synthesized
boundary_contrast,JVASP-142153,Li7Mn2Co3O12,JVASP-46194,LiMn4O8,LiMn4O8,bulk,dft_3d,Li-Mn-O,oxide,oxide,AB4C8,unknown,unknown,0.35,False,True,True,Li;Mn;O,3,0.75,False,True,True,166,,5,False,158.0,-1.85681,-1.85681,0.07640000000000001,,stable_or_known,related formula/prototype/chemistry/family with different symmetry or variant metadata,6.875,196,known_synthesized
boundary_contrast,JVASP-142153,Li7Mn2Co3O12,JVASP-42435,Li2TiMnO4,Li2TiMnO4,bulk,dft_3d,Li-Mn-O-Ti,oxide,oxide,ABC2D4,unknown,unknown,0.35,False,True,True,Li;Mn;O;Ti,3,0.75,False,True,True,119,,4,False,111.0,-2.46342,-2.46342,0.0671,,stable_or_known,related formula/prototype/chemistry/family with different symmetry or variant metadata,6.875,197,known_synthesized
boundary_contrast,JVASP-142153,Li7Mn2Co3O12,JVASP-46894,Li3Co3OF7,Li3Co3OF7,bulk,dft_3d,Co-F-Li-O,oxide,oxide,AB3C3D7,unknown,unknown,0.35,False,True,True,Co;F;Li;O,3,0.75,False,True,True,160,,5,False,152.0,-2.21011,-2.21011,0.0699,,stable_or_known,related formula/prototype/chemistry/family with different symmetry or variant metadata,6.875,198,known_synthesized
boundary_contrast,JVASP-142153,Li7Mn2Co3O12,JVASP-113084,Li3Mn8O16,Li3Mn8O16,bulk,dft_3d,Li-Mn-O,oxide,oxide,A3B8C16,unknown,unknown,0.35,False,True,True,Li;Mn;O,3,0.75,False,True,True,115,,4,False,107.0,-1.9901900000000001,-1.9901900000000001,0.0,,stable_or_known,related formula/prototype/chemistry/family with different symmetry or variant metadata,6.875,199,known_synthesized
boundary_contrast,JVASP-142153,Li7Mn2Co3O12,JVASP-146974,Li4Mn3O7,Li4Mn3O7,bulk,dft_3d,Li-Mn-O,oxide,oxide,A3B4C7,unknown,unknown,0.35,False,True,True,Li;Mn;O,3,0.75,False,True,True,148,,5,False,140.0,-2.11049,-2.11049,0.0005,,stable_or_known,related formula/prototype/chemistry/family with different symmetry or variant metadata,6.875,200,known_synthesized
boundary_contrast,JVASP-142153,Li7Mn2Co3O12,JVASP-48349,Li4MnFe3O8,Li4MnFe3O8,bulk,dft_3d,Fe-Li-Mn-O,oxide,oxide,AB3C4D8,unknown,unknown,0.35,False,True,True,Fe;Li;Mn;O,3,0.75,False,True,True,166,,5,False,158.0,-1.83773,-1.83773,0.0274,,stable_or_known,related formula/prototype/chemistry/family with different symmetry or variant metadata,6.875,201,known_synthesized
boundary_contrast,JVASP-142153,Li7Mn2Co3O12,JVASP-48619,Li3Mn3OF7,Li3Mn3OF7,bulk,dft_3d,F-Li-Mn-O,oxide,oxide,AB3C3D7,unknown,unknown,0.35,False,True,True,F;Li;Mn;O,3,0.75,False,True,True,160,,5,False,152.0,-2.50991,-2.50991,0.0,,stable_or_known,related formula/prototype/chemistry/family with different symmetry or variant metadata,6.875,202,known_synthesized
boundary_contrast,JVASP-142153,Li7Mn2Co3O12,JVASP-13301,LiMn4O8,LiMn4O8,bulk,dft_3d,Li-Mn-O,oxide,oxide,AB4C8,unknown,unknown,0.35,False,True,True,Li;Mn;O,3,0.75,False,True,True,216,,7,False,208.0,-1.91375,-1.91375,0.0194,,stable_or_known,related formula/prototype/chemistry/family with different symmetry or variant metadata,6.875,203,known_synthesized
boundary_contrast,JVASP-142153,Li7Mn2Co3O12,JVASP-43167,Li2TiCo3O8,Li2TiCo3O8,bulk,dft_3d,Co-Li-O-Ti,oxide,oxide,AB2C3D8,unknown,unknown,0.35,False,True,True,Co;Li;O;Ti,3,0.75,False,True,True,166,,5,False,158.0,-1.9078700000000002,-1.9078700000000002,0.0224,,stable_or_known,related formula/prototype/chemistry/family with different symmetry or variant metadata,6.875,204,known_synthesized
boundary_contrast,JVASP-142153,Li7Mn2Co3O12,JVASP-144725,LiCo4O8,Li(CoO2)4,bulk,dft_3d,Co-Li-O,oxide,oxide,ABC2,unknown,unknown,0.35,False,True,True,Co;Li;O,3,0.75,False,True,True,166,,5,False,158.0,-1.2533400000000001,-1.2533400000000001,0.0426,,stable_or_known,related formula/prototype/chemistry/family with different symmetry or variant metadata,6.875,205,known_synthesized
boundary_contrast,JVASP-142153,Li7Mn2Co3O12,JVASP-48474,Li2CoO2F,Li2CoO2F,bulk,dft_3d,Co-F-Li-O,oxide,oxide,ABC2D2,unknown,unknown,0.35,False,True,True,Co;F;Li;O,3,0.75,False,True,True,164,,5,False,156.0,-2.16668,-2.16668,0.0281,,stable_or_known,related formula/prototype/chemistry/family with different symmetry or variant metadata,6.875,206,known_synthesized
boundary_contrast,JVASP-142153,Li7Mn2Co3O12,JVASP-43318,Li2MnCr3O8,Li2MnCr3O8,bulk,dft_3d,Cr-Li-Mn-O,oxide,oxide,AB2C3D8,unknown,unknown,0.35,False,True,True,Cr;Li;Mn;O,3,0.75,False,True,True,186,,6,False,178.0,-2.13618,-2.13618,0.027600000000000003,,stable_or_known,related formula/prototype/chemistry/family with different symmetry or variant metadata,6.875,207,known_synthesized
boundary_contrast,JVASP-142153,Li7Mn2Co3O12,JVASP-146916,Li2Ti3CoO8,Li2Ti3CoO8,bulk,dft_3d,Co-Li-O-Ti,oxide,oxide,AB2C3D8,unknown,unknown,0.35,False,True,True,Co;Li;O;Ti,3,0.75,False,True,True,166,,5,False,158.0,-2.73333,-2.73333,0.0413,,stable_or_known,related formula/prototype/chemistry/family with different symmetry or variant metadata,6.875,208,known_synthesized
boundary_contrast,JVASP-142153,Li7Mn2Co3O12,JVASP-143293,Li4CoNi3O8,Li4CoNi3O8,bulk,dft_3d,Co-Li-Ni-O,oxide,oxide,AB3C4D8,unknown,unknown,0.35,False,True,True,Co;Li;Ni;O,3,0.75,False,True,True,148,,5,False,140.0,-1.53677,-1.53677,0.0,,stable_or_known,related formula/prototype/chemistry/family with different symmetry or variant metadata,6.875,209,known_synthesized
boundary_contrast,JVASP-142153,Li7Mn2Co3O12,JVASP-140714,Li3Mn3CrO8,Li3Mn3CrO8,bulk,dft_3d,Cr-Li-Mn-O,oxide,oxide,AB3C3D8,unknown,unknown,0.35,False,True,True,Cr;Li;Mn;O,3,0.75,False,True,True,166,,5,False,158.0,-2.04341,-2.04341,0.049100000000000005,,stable_or_known,related formula/prototype/chemistry/family with different symmetry or variant metadata,6.875,210,known_synthesized
boundary_contrast,JVASP-142153,Li7Mn2Co3O12,JVASP-2017,LiCoO2,LiCoO2,bulk,dft_3d,Co-Li-O,oxide,oxide,ABC2,unknown,unknown,0.35,False,True,True,Co;Li;O,3,0.75,False,True,True,166,,5,False,158.0,-1.67424,-1.67424,0.0227,True,stable_or_known,related formula/prototype/chemistry/family with different symmetry or variant metadata,6.875,211,
boundary_contrast,JVASP-142153,Li7Mn2Co3O12,JVASP-55327,Li6CoO4,Li6CoO4,bulk,dft_3d,Co-Li-O,oxide,oxide,AB4C6,unknown,unknown,0.35,False,True,True,Co;Li;O,3,0.75,False,True,True,137,,4,False,129.0,-1.82135,-1.82135,0.1091,True,stable_or_known,related formula/prototype/chemistry/family with different symmetry or variant metadata,6.875,212,
boundary_contrast,JVASP-142153,Li7Mn2Co3O12,JVASP-43165,Li2MnV3O8,Li2MnV3O8,bulk,dft_3d,Li-Mn-O-V,oxide,oxide,AB2C3D8,unknown,unknown,0.35,False,True,True,Li;Mn;O;V,3,0.75,False,True,True,160,,5,False,152.0,-2.37753,-2.37753,0.0395,,stable_or_known,related formula/prototype/chemistry/family with different symmetry or variant metadata,6.875,213,known_synthesized
boundary_contrast,JVASP-142153,Li7Mn2Co3O12,JVASP-95533,LiCoH24C8N8O12,LiCoH24C8(N2O3)4,bulk,dft_3d,C-Co-H-Li-N-O,oxide,oxide,ABC2D3E8F24,unknown,unknown,0.35,False,True,True,C;Co;H;Li;N;O,3,0.75,False,True,True,164,,5,False,156.0,-0.31852,-0.31852,0.0,True,stable_or_known,related formula/prototype/chemistry/family with different symmetry or variant metadata,6.875,214,
boundary_contrast,JVASP-142153,Li7Mn2Co3O12,JVASP-48391,Li4MnV3O8,Li4MnV3O8,bulk,dft_3d,Li-Mn-O-V,oxide,oxide,AB3C4D8,unknown,unknown,0.35,False,True,True,Li;Mn;O;V,3,0.75,False,True,True,166,,5,False,158.0,-2.30648,-2.30648,0.0883,,stable_or_known,related formula/prototype/chemistry/family with different symmetry or variant metadata,6.875,215,known_synthesized
boundary_contrast,JVASP-142153,Li7Mn2Co3O12,JVASP-113243,Li3MnV3O8,Li3MnV3O8,bulk,dft_3d,Li-Mn-O-V,oxide,oxide,AB3C3D8,unknown,unknown,0.35,False,True,True,Li;Mn;O;V,3,0.75,False,True,True,160,,5,False,152.0,-2.3572,-2.3572,0.049600000000000005,,stable_or_known,related formula/prototype/chemistry/family with different symmetry or variant metadata,6.875,216,known_synthesized
boundary_contrast,JVASP-142153,Li7Mn2Co3O12,JVASP-122393,Li3CoO3,Li3CoO3,bulk,dft_3d,Co-Li-O,oxide,oxide,AB3C3,unknown,unknown,0.35,False,True,True,Co;Li;O,3,0.75,False,True,True,136,,4,False,128.0,-1.8009300000000001,-1.8009300000000001,0.0637,,stable_or_known,related formula/prototype/chemistry/family with different symmetry or variant metadata,6.875,217,known_synthesized
boundary_contrast,JVASP-142153,Li7Mn2Co3O12,JVASP-140940,Li2V3CoO8,Li2V3CoO8,bulk,dft_3d,Co-Li-O-V,oxide,oxide,AB2C3D8,unknown,unknown,0.35,False,True,True,Co;Li;O;V,3,0.75,False,True,True,166,,5,False,158.0,-2.29455,-2.29455,0.0539,,stable_or_known,related formula/prototype/chemistry/family with different symmetry or variant metadata,6.875,218,known_synthesized
boundary_contrast,JVASP-142153,Li7Mn2Co3O12,JVASP-52142,Li3Mn3O8,Li3Mn3O8,bulk,dft_3d,Li-Mn-O,oxide,oxide,A3B3C8,unknown,unknown,0.35,False,True,True,Li;Mn;O,3,0.75,False,True,True,166,,5,False,158.0,-1.9734900000000002,-1.9734900000000002,0.0236,,stable_or_known,related formula/prototype/chemistry/family with different symmetry or variant metadata,6.875,219,known_synthesized
boundary_contrast,JVASP-142153,Li7Mn2Co3O12,JVASP-42787,Li2MnP2O7,Li2MnP2O7,bulk,dft_3d,Li-Mn-O-P,oxide,oxide,AB2C2D7,unknown,unknown,0.35,False,True,True,Li;Mn;O;P,3,0.75,False,True,True,113,,4,False,105.0,-2.2049,-2.2049,0.0974,,stable_or_known,related formula/prototype/chemistry/family with different symmetry or variant metadata,6.875,220,known_synthesized
boundary_contrast,JVASP-142153,Li7Mn2Co3O12,JVASP-49137,Li2MnSiO4,Li2MnSiO4,bulk,dft_3d,Li-Mn-O-Si,oxide,oxide,ABC2D4,unknown,unknown,0.35,False,True,True,Li;Mn;O;Si,3,0.75,False,True,True,121,,4,False,113.0,-2.39545,-2.39545,0.0145,,stable_or_known,related formula/prototype/chemistry/family with different symmetry or variant metadata,6.875,221,known_synthesized
boundary_contrast,JVASP-142153,Li7Mn2Co3O12,JVASP-144254,LiMn3CrO8,LiMn3CrO8,bulk,dft_3d,Cr-Li-Mn-O,oxide,oxide,ABC3D8,unknown,unknown,0.35,False,True,True,Cr;Li;Mn;O,3,0.75,False,True,True,160,,5,False,152.0,-1.9214900000000001,-1.9214900000000001,0.0824,,stable_or_known,related formula/prototype/chemistry/family with different symmetry or variant metadata,6.875,222,known_synthesized
boundary_contrast,JVASP-142153,Li7Mn2Co3O12,JVASP-44586,Mn3CoO8,Mn3CoO8,bulk,dft_3d,Co-Mn-O,oxide,oxide,AB3C8,unknown,unknown,0.35,False,True,True,Co;Mn;O,3,0.75,False,True,True,186,,6,False,178.0,-1.58412,-1.58412,0.044500000000000005,,stable_or_known,related formula/prototype/chemistry/family with different symmetry or variant metadata,6.875,223,known_synthesized
boundary_contrast,JVASP-142153,Li7Mn2Co3O12,JVASP-46142,Li2Mn3NiO8,Li2Mn3NiO8,bulk,dft_3d,Li-Mn-Ni-O,oxide,oxide,AB2C3D8,unknown,unknown,0.35,False,True,True,Li;Mn;Ni;O,3,0.75,False,True,True,166,,5,False,158.0,-1.8765100000000001,-1.8765100000000001,0.0,,stable_or_known,related formula/prototype/chemistry/family with different symmetry or variant metadata,6.875,224,known_synthesized
boundary_contrast,JVASP-142153,Li7Mn2Co3O12,JVASP-142678,Mn3CoO8,Mn3CoO8,bulk,dft_3d,Co-Mn-O,oxide,oxide,AB3C8,unknown,unknown,0.35,False,True,True,Co;Mn;O,3,0.75,False,True,True,166,,5,False,158.0,-1.5553700000000001,-1.5553700000000001,0.0732,,stable_or_known,related formula/prototype/chemistry/family with different symmetry or variant metadata,6.875,225,known_synthesized
boundary_contrast,JVASP-142153,Li7Mn2Co3O12,JVASP-48919,LiCo4O8,Li(CoO2)4,bulk,dft_3d,Co-Li-O,oxide,oxide,ABC2,unknown,unknown,0.35,False,True,True,Co;Li;O,3,0.75,False,True,True,166,,5,False,158.0,-1.22386,-1.22386,0.0721,,stable_or_known,related formula/prototype/chemistry/family with different symmetry or variant metadata,6.875,226,known_synthesized
boundary_contrast,JVASP-142153,Li7Mn2Co3O12,JVASP-47619,Li2CoNi3O8,Li2CoNi3O8,bulk,dft_3d,Co-Li-Ni-O,oxide,oxide,AB2C3D8,unknown,unknown,0.35,False,True,True,Co;Li;Ni;O,3,0.75,False,True,True,166,,5,False,158.0,-1.34596,-1.34596,0.0175,,stable_or_known,related formula/prototype/chemistry/family with different symmetry or variant metadata,6.875,227,known_synthesized
boundary_contrast,JVASP-142153,Li7Mn2Co3O12,JVASP-47578,Li2Ti3CoO8,Li2Ti3CoO8,bulk,dft_3d,Co-Li-O-Ti,oxide,oxide,AB2C3D8,unknown,unknown,0.35,False,True,True,Co;Li;O;Ti,3,0.75,False,True,True,160,,5,False,152.0,-2.70658,-2.70658,0.06810000000000001,,stable_or_known,related formula/prototype/chemistry/family with different symmetry or variant metadata,6.875,228,known_synthesized
boundary_contrast,JVASP-142153,Li7Mn2Co3O12,JVASP-146628,Li3CrCo3O8,Li3CrCo3O8,bulk,dft_3d,Co-Cr-Li-O,oxide,oxide,AB3C3D8,unknown,unknown,0.35,False,True,True,Co;Cr;Li;O,3,0.75,False,True,True,166,,5,False,158.0,-1.68772,-1.68772,0.092,,stable_or_known,related formula/prototype/chemistry/family with different symmetry or variant metadata,6.875,229,known_synthesized
boundary_contrast,JVASP-142153,Li7Mn2Co3O12,JVASP-148392,Li2Co3TeO8,Li2Co3TeO8,bulk,dft_3d,Co-Li-O-Te,oxide,oxide,AB2C3D8,unknown,unknown,0.35,False,True,True,Co;Li;O;Te,3,0.75,False,True,True,166,,5,False,158.0,-1.41852,-1.41852,0.052000000000000005,,stable_or_known,related formula/prototype/chemistry/family with different symmetry or variant metadata,6.875,230,known_synthesized
boundary_contrast,JVASP-142153,Li7Mn2Co3O12,JVASP-141033,Li2Co3SbO8,Li2Co3SbO8,bulk,dft_3d,Co-Li-O-Sb,oxide,oxide,AB2C3D8,unknown,unknown,0.35,False,True,True,Co;Li;O;Sb,3,0.75,False,True,True,186,,6,False,178.0,-1.5884500000000001,-1.5884500000000001,0.0,,stable_or_known,related formula/prototype/chemistry/family with different symmetry or variant metadata,6.875,231,known_synthesized
boundary_contrast,JVASP-142153,Li7Mn2Co3O12,JVASP-47608,Li2Co3NiO8,Li2Co3NiO8,bulk,dft_3d,Co-Li-Ni-O,oxide,oxide,AB2C3D8,unknown,unknown,0.35,False,True,True,Co;Li;Ni;O,3,0.75,False,True,True,166,,5,False,158.0,-1.45661,-1.45661,0.0166,,stable_or_known,related formula/prototype/chemistry/family with different symmetry or variant metadata,6.875,232,known_synthesized
boundary_contrast,JVASP-142153,Li7Mn2Co3O12,JVASP-116763,Sr2LaMnCoO7,Sr2LaMnCoO7,bulk,dft_3d,Co-La-Mn-O-Sr,oxide,oxide,ABCD2E7,unknown,unknown,0.35,False,True,True,Co;La;Mn;O;Sr,3,0.75,False,True,True,107,,4,False,99.0,-2.61559,-2.61559,0.0056,,stable_or_known,related formula/prototype/chemistry/family with different symmetry or variant metadata,6.855,233,known_synthesized
boundary_contrast,JVASP-142153,Li7Mn2Co3O12,JVASP-141525,BaYMnCoO5,BaYMnCoO5,bulk,dft_3d,Ba-Co-Mn-O-Y,oxide,oxide,ABCDE5,unknown,unknown,0.35,False,True,True,Ba;Co;Mn;O;Y,3,0.75,False,True,True,99,,4,False,91.0,-2.4718,-2.4718,0.0984,,stable_or_known,related formula/prototype/chemistry/family with different symmetry or variant metadata,6.695,234,known_synthesized
boundary_contrast,JVASP-142153,Li7Mn2Co3O12,JVASP-109786,BaNdMnCoO5,BaNdMnCoO5,bulk,dft_3d,Ba-Co-Mn-Nd-O,oxide,oxide,ABCDE5,unknown,unknown,0.35,False,True,True,Ba;Co;Mn;Nd;O,3,0.75,False,True,True,99,,4,False,91.0,-2.41699,-2.41699,0.085,,stable_or_known,related formula/prototype/chemistry/family with different symmetry or variant metadata,6.695,235,known_synthesized
boundary_contrast,JVASP-142153,Li7Mn2Co3O12,JVASP-140663,LiMnNbO4,LiMnNbO4,bulk,dft_3d,Li-Mn-Nb-O,oxide,oxide,ABCD4,unknown,unknown,0.35,False,True,True,Li;Mn;Nb;O,3,0.75,False,True,True,95,,4,False,87.0,-2.31196,-2.31196,0.041600000000000005,,stable_or_known,related formula/prototype/chemistry/family with different symmetry or variant metadata,6.615,236,known_synthesized
boundary_contrast,JVASP-142153,Li7Mn2Co3O12,JVASP-142080,LiCoSiO4,LiCoSiO4,bulk,dft_3d,Co-Li-O-Si,oxide,oxide,ABCD4,unknown,unknown,0.35,False,True,True,Co;Li;O;Si,3,0.75,False,True,True,95,,4,False,87.0,-2.13266,-2.13266,0.0804,,stable_or_known,related formula/prototype/chemistry/family with different symmetry or variant metadata,6.615,237,known_synthesized
boundary_contrast,JVASP-142153,Li7Mn2Co3O12,JVASP-47600,LiVCoO4,LiVCoO4,bulk,dft_3d,Co-Li-O-V,oxide,oxide,ABCD4,unknown,unknown,0.35,False,True,True,Co;Li;O;V,3,0.75,False,True,True,95,,4,False,87.0,-2.01774,-2.01774,0.0585,,stable_or_known,related formula/prototype/chemistry/family with different symmetry or variant metadata,6.615,238,known_synthesized
boundary_contrast,JVASP-142153,Li7Mn2Co3O12,JVASP-43069,LiMnVO4,LiMnVO4,bulk,dft_3d,Li-Mn-O-V,oxide,oxide,ABCD4,unknown,unknown,0.35,False,True,True,Li;Mn;O;V,3,0.75,False,True,True,95,,4,False,87.0,-2.24297,-2.24297,0.051000000000000004,,stable_or_known,related formula/prototype/chemistry/family with different symmetry or variant metadata,6.615,239,known_synthesized
boundary_contrast,JVASP-142153,Li7Mn2Co3O12,JVASP-48228,LiCoSiO4,LiCoSiO4,bulk,dft_3d,Co-Li-O-Si,oxide,oxide,ABCD4,unknown,unknown,0.35,False,True,True,Co;Li;O;Si,3,0.75,False,True,True,91,,4,False,83.0,-2.13272,-2.13272,0.08030000000000001,,stable_or_known,related formula/prototype/chemistry/family with different symmetry or variant metadata,6.535,240,known_synthesized
boundary_contrast,JVASP-142153,Li7Mn2Co3O12,JVASP-145758,Li4Co2OF7,Li4Co2OF7,bulk,dft_3d,Co-F-Li-O,oxide,oxide,AB2C4D7,unknown,unknown,0.35,True,True,True,Co;F;Li;O,3,0.75,False,True,True,1,,1,False,7.0,-2.47639,-2.47639,0.053200000000000004,,stable_or_known,related formula/prototype/chemistry/family with different symmetry or variant metadata,6.515000000000001,241,known_synthesized
boundary_contrast,JVASP-142153,Li7Mn2Co3O12,JVASP-108025,BaLaCo2O5,BaLaCo2O5,bulk,dft_3d,Ba-Co-La-O,oxide,oxide,ABC2D5,unknown,unknown,0.35,False,True,True,Ba;Co;La;O,2,0.5,False,True,True,123,,4,False,115.0,-2.23924,-2.23924,0.0516,,stable_or_known,related formula/prototype/chemistry/family with different symmetry or variant metadata,6.5,242,known_synthesized
boundary_contrast,JVASP-142153,Li7Mn2Co3O12,JVASP-113184,Sr2MnClO3,Sr2MnClO3,bulk,dft_3d,Cl-Mn-O-Sr,oxide,oxide,ABC2D3,unknown,unknown,0.35,False,True,True,Cl;Mn;O;Sr,2,0.5,False,True,True,129,,4,False,121.0,-2.63767,-2.63767,0.0,,stable_or_known,related formula/prototype/chemistry/family with different symmetry or variant metadata,6.5,243,known_synthesized
boundary_contrast,JVASP-142153,Li7Mn2Co3O12,JVASP-91416,Mn2O3,Mn2O3,bulk,dft_3d,Mn-O,oxide,oxide,A2B3,unknown,unknown,0.35,False,True,True,Mn;O,2,0.5,False,True,True,206,,7,False,198.0,-1.76745,-1.76745,0.0,True,stable_or_known,related formula/prototype/chemistry/family with different symmetry or variant metadata,6.5,244,
boundary_contrast,JVASP-142153,Li7Mn2Co3O12,JVASP-146354,Mn7BiO12,Mn7BiO12,bulk,dft_3d,Bi-Mn-O,oxide,oxide,AB7C12,unknown,unknown,0.35,False,True,True,Bi;Mn;O,2,0.5,False,True,True,204,,7,False,196.0,-1.73543,-1.73543,0.0001,,stable_or_known,related formula/prototype/chemistry/family with different symmetry or variant metadata,6.5,245,known_synthesized
boundary_contrast,JVASP-142153,Li7Mn2Co3O12,JVASP-144763,Li2VCrO4,Li2VCrO4,bulk,dft_3d,Cr-Li-O-V,oxide,oxide,ABC2D4,unknown,unknown,0.35,False,True,True,Cr;Li;O;V,2,0.5,False,True,True,119,,4,False,111.0,-2.31185,-2.31185,0.0687,,stable_or_known,related formula/prototype/chemistry/family with different symmetry or variant metadata,6.5,246,known_synthesized
boundary_contrast,JVASP-142153,Li7Mn2Co3O12,JVASP-34239,Li4CO4,Li4CO4,bulk,dft_3d,C-Li-O,oxide,oxide,AB4C4,unknown,unknown,0.35,False,True,True,C;Li;O,2,0.5,False,True,True,160,,5,False,152.0,-1.8354000000000001,-1.8354000000000001,0.2129,True,stable_or_known,related formula/prototype/chemistry/family with different symmetry or variant metadata,6.5,247,
boundary_contrast,JVASP-142153,Li7Mn2Co3O12,JVASP-113192,Ba4CeMn3O12,Ba4CeMn3O12,bulk,dft_3d,Ba-Ce-Mn-O,oxide,oxide,AB3C4D12,unknown,unknown,0.35,False,True,True,Ba;Ce;Mn;O,2,0.5,False,True,True,166,,5,False,158.0,-2.7674600000000003,-2.7674600000000003,0.0,,stable_or_known,related formula/prototype/chemistry/family with different symmetry or variant metadata,6.5,248,known_synthesized
boundary_contrast,JVASP-142153,Li7Mn2Co3O12,JVASP-50533,Li5Ti3O8,Li5Ti3O8,bulk,dft_3d,Li-O-Ti,oxide,oxide,A3B5C8,unknown,unknown,0.35,False,True,True,Li;O;Ti,2,0.5,False,True,True,166,,5,False,158.0,-2.83994,-2.83994,0.0302,,stable_or_known,related formula/prototype/chemistry/family with different symmetry or variant metadata,6.5,249,known_synthesized
boundary_contrast,JVASP-142153,Li7Mn2Co3O12,JVASP-12648,MnSnB2O6,MnSn(BO3)2,bulk,dft_3d,B-Mn-O-Sn,oxide,oxide,ABCD3,unknown,unknown,0.35,False,True,True,B;Mn;O;Sn,2,0.5,False,True,True,148,,5,False,140.0,-2.14151,-2.14151,0.0061,True,stable_or_known,related formula/prototype/chemistry/family with different symmetry or variant metadata,6.5,250,
boundary_contrast,JVASP-142153,Li7Mn2Co3O12,JVASP-148381,Fe2CoO6,Fe2CoO6,bulk,dft_3d,Co-Fe-O,oxide,oxide,AB2C6,unknown,unknown,0.35,False,True,True,Co;Fe;O,2,0.5,False,True,True,136,,4,False,128.0,-1.31102,-1.31102,0.0,,stable_or_known,related formula/prototype/chemistry/family with different symmetry or variant metadata,6.5,251,known_synthesized
boundary_contrast,JVASP-142153,Li7Mn2Co3O12,JVASP-115240,TiMnO4,TiMnO4,bulk,dft_3d,Mn-O-Ti,oxide,oxide,ABC4,unknown,unknown,0.35,False,True,True,Mn;O;Ti,2,0.5,False,True,True,119,,4,False,111.0,-2.4836,-2.4836,0.0505,,stable_or_known,related formula/prototype/chemistry/family with different symmetry or variant metadata,6.5,252,known_synthesized
boundary_contrast,JVASP-142153,Li7Mn2Co3O12,JVASP-28212,TiCo3O8,TiCo3O8,2d,dft_2d,Co-O-Ti,oxide,oxide,AB3C8,unknown,unknown,0.35,False,True,True,Co;O;Ti,2,0.5,False,True,True,164,,5,False,156.0,-1.39584,-1.39584,0.0,,stable_or_known,related formula/prototype/chemistry/family with different symmetry or variant metadata,6.5,253,known_synthesized
boundary_contrast,JVASP-142153,Li7Mn2Co3O12,JVASP-43381,Li2Ti3NbO8,Li2Ti3NbO8,bulk,dft_3d,Li-Nb-O-Ti,oxide,oxide,AB2C3D8,unknown,unknown,0.35,False,True,True,Li;Nb;O;Ti,2,0.5,False,True,True,186,,6,False,178.0,-2.88916,-2.88916,0.0738,,stable_or_known,related formula/prototype/chemistry/family with different symmetry or variant metadata,6.5,254,known_synthesized
boundary_contrast,JVASP-142153,Li7Mn2Co3O12,JVASP-143240,Ba2MnMoO6,Ba2MnMoO6,bulk,dft_3d,Ba-Mn-Mo-O,oxide,oxide,ABC2D6,unknown,unknown,0.35,False,True,True,Ba;Mn;Mo;O,2,0.5,False,True,True,225,,7,False,217.0,-2.60154,-2.60154,0.0,,stable_or_known,related formula/prototype/chemistry/family with different symmetry or variant metadata,6.5,255,known_synthesized
boundary_contrast,JVASP-142153,Li7Mn2Co3O12,JVASP-11588,Sr4CaMn2S2O6,Sr4CaMn2(SO3)2,bulk,dft_3d,Ca-Mn-O-S-Sr,oxide,oxide,ABC2D3E4,unknown,unknown,0.35,False,True,True,Ca;Mn;O;S;Sr,2,0.5,False,True,True,115,,4,False,107.0,-2.47831,-2.47831,0.0738,,stable_or_known,related formula/prototype/chemistry/family with different symmetry or variant metadata,6.5,256,known_synthesized
boundary_contrast,JVASP-142153,Li7Mn2Co3O12,JVASP-36517,Na2CoP2O7,Na2CoP2O7,bulk,dft_3d,Co-Na-O-P,oxide,oxide,AB2C2D7,unknown,unknown,0.35,False,True,True,Co;Na;O;P,2,0.5,False,True,True,113,,4,False,105.0,-2.07957,-2.07957,0.0235,,stable_or_known,related formula/prototype/chemistry/family with different symmetry or variant metadata,6.5,257,known_synthesized
boundary_contrast,JVASP-142153,Li7Mn2Co3O12,JVASP-122026,Li3Cr5O8,Li3Cr5O8,bulk,dft_3d,Cr-Li-O,oxide,oxide,A3B5C8,unknown,unknown,0.35,False,True,True,Cr;Li;O,2,0.5,False,True,True,166,,5,False,158.0,-2.02508,-2.02508,0.0873,,stable_or_known,related formula/prototype/chemistry/family with different symmetry or variant metadata,6.5,258,known_synthesized
boundary_contrast,JVASP-142153,Li7Mn2Co3O12,JVASP-146919,Li3Ni4O8,Li3(NiO2)4,bulk,dft_3d,Li-Ni-O,oxide,oxide,AB2C3,unknown,unknown,0.35,False,True,True,Li;Ni;O,2,0.5,False,True,True,148,,5,False,140.0,-1.3701400000000001,-1.3701400000000001,0.0188,,stable_or_known,related formula/prototype/chemistry/family with different symmetry or variant metadata,6.5,259,known_synthesized
boundary_contrast,JVASP-142153,Li7Mn2Co3O12,JVASP-109787,BaLaMnInO6,BaLaMnInO6,bulk,dft_3d,Ba-In-La-Mn-O,oxide,oxide,ABCDE6,unknown,unknown,0.35,False,True,True,Ba;In;La;Mn;O,2,0.5,False,True,True,216,,7,False,208.0,-2.53451,-2.53451,0.0639,,stable_or_known,related formula/prototype/chemistry/family with different symmetry or variant metadata,6.5,260,known_synthesized
boundary_contrast,JVASP-142153,Li7Mn2Co3O12,JVASP-35122,BaLi2MgP2O8,BaLi2Mg(PO4)2,bulk,dft_3d,Ba-Li-Mg-O-P,oxide,oxide,ABCD2E4,unknown,unknown,0.35,False,True,True,Ba;Li;Mg;O;P,2,0.5,False,True,True,147,,5,False,139.0,-2.8010800000000002,-2.8010800000000002,0.0,,stable_or_known,related formula/prototype/chemistry/family with different symmetry or variant metadata,6.5,261,known_synthesized
boundary_contrast,JVASP-142153,Li7Mn2Co3O12,JVASP-141122,Li3Ti8O16,Li3Ti8O16,bulk,dft_3d,Li-O-Ti,oxide,oxide,A3B8C16,unknown,unknown,0.35,False,True,True,Li;O;Ti,2,0.5,False,True,True,115,,4,False,107.0,-3.09562,-3.09562,0.016900000000000002,,stable_or_known,related formula/prototype/chemistry/family with different symmetry or variant metadata,6.5,262,known_synthesized
boundary_contrast,JVASP-142153,Li7Mn2Co3O12,JVASP-141119,MgCo4O8,Mg(CoO2)4,bulk,dft_3d,Co-Mg-O,oxide,oxide,ABC2,unknown,unknown,0.35,False,True,True,Co;Mg;O,2,0.5,False,True,True,216,,7,False,208.0,-1.44373,-1.44373,0.0,,stable_or_known,related formula/prototype/chemistry/family with different symmetry or variant metadata,6.5,263,known_synthesized
boundary_contrast,JVASP-142153,Li7Mn2Co3O12,JVASP-137739,Co3SbO8,Co3SbO8,bulk,dft_3d,Co-O-Sb,oxide,oxide,AB3C8,unknown,unknown,0.35,False,True,True,Co;O;Sb,2,0.5,False,True,True,166,,5,False,158.0,-1.11387,-1.11387,0.0616,,stable_or_known,related formula/prototype/chemistry/family with different symmetry or variant metadata,6.5,264,known_synthesized
boundary_contrast,JVASP-142153,Li7Mn2Co3O12,JVASP-42995,LiFeO2,LiFeO2,bulk,dft_3d,Fe-Li-O,oxide,oxide,ABC2,unknown,unknown,0.35,False,True,True,Fe;Li;O,2,0.5,False,True,True,186,,6,False,178.0,-1.74647,-1.74647,0.0417,,stable_or_known,related formula/prototype/chemistry/family with different symmetry or variant metadata,6.5,265,known_synthesized
boundary_contrast,JVASP-142153,Li7Mn2Co3O12,JVASP-77996,Li2NiO2,Li2NiO2,2d,dft_2d,Li-Ni-O,oxide,oxide,AB2C2,unknown,unknown,0.35,False,True,True,Li;Ni;O,2,0.5,False,True,True,164,,5,False,156.0,-1.39879,-1.39879,0.0,,stable_or_known,related formula/prototype/chemistry/family with different symmetry or variant metadata,6.5,266,known_synthesized
boundary_contrast,JVASP-142153,Li7Mn2Co3O12,JVASP-43610,Na6MnO4,Na6MnO4,bulk,dft_3d,Mn-Na-O,oxide,oxide,AB4C6,unknown,unknown,0.35,False,True,True,Mn;Na;O,2,0.5,False,True,True,137,,4,False,129.0,-1.43382,-1.43382,0.0663,,stable_or_known,related formula/prototype/chemistry/family with different symmetry or variant metadata,6.5,267,known_synthesized
boundary_contrast,JVASP-142153,Li7Mn2Co3O12,JVASP-23216,Ba3CoSb2O9,Ba3CoSb2O9,bulk,dft_3d,Ba-Co-O-Sb,oxide,oxide,AB2C3D9,unknown,unknown,0.35,False,True,True,Ba;Co;O;Sb,2,0.5,False,True,True,194,,6,False,186.0,-2.10836,-2.10836,0.047400000000000005,True,stable_or_known,related formula/prototype/chemistry/family with different symmetry or variant metadata,6.5,268,
boundary_contrast,JVASP-142153,Li7Mn2Co3O12,JVASP-58346,LiTiO2,LiTiO2,bulk,dft_3d,Li-O-Ti,oxide,oxide,ABC2,unknown,unknown,0.35,False,True,True,Li;O;Ti,2,0.5,False,True,True,227,,7,False,219.0,-2.83607,-2.83607,0.0391,True,stable_or_known,related formula/prototype/chemistry/family with different symmetry or variant metadata,6.5,269,
boundary_contrast,JVASP-142153,Li7Mn2Co3O12,JVASP-7857,LiFeO2,LiFeO2,bulk,dft_3d,Fe-Li-O,oxide,oxide,ABC2,unknown,unknown,0.35,False,True,True,Fe;Li;O,2,0.5,False,True,True,141,,4,False,133.0,-1.72995,-1.72995,0.0582,True,stable_or_known,related formula/prototype/chemistry/family with different symmetry or variant metadata,6.5,270,
boundary_contrast,JVASP-142153,Li7Mn2Co3O12,JVASP-22042,KLi6IrO6,KLi6IrO6,bulk,dft_3d,Ir-K-Li-O,oxide,oxide,ABC6D6,unknown,unknown,0.35,False,True,True,Ir;K;Li;O,2,0.5,False,True,True,166,,5,False,158.0,-1.7900800000000001,-1.7900800000000001,0.0,True,stable_or_known,related formula/prototype/chemistry/family with different symmetry or variant metadata,6.5,271,
boundary_contrast,JVASP-142153,Li7Mn2Co3O12,JVASP-12763,Li7SbO6,Li7SbO6,bulk,dft_3d,Li-O-Sb,oxide,oxide,AB6C7,unknown,unknown,0.35,False,True,True,Li;O;Sb,2,0.5,False,True,True,146,,5,False,138.0,-2.03434,-2.03434,0.0239,True,stable_or_known,related formula/prototype/chemistry/family with different symmetry or variant metadata,6.5,272,
boundary_contrast,JVASP-142153,Li7Mn2Co3O12,JVASP-133653,Li3Ti3CrO8,Li3Ti3CrO8,bulk,dft_3d,Cr-Li-O-Ti,oxide,oxide,AB3C3D8,unknown,unknown,0.35,False,True,True,Cr;Li;O;Ti,2,0.5,False,True,True,166,,5,False,158.0,-2.74982,-2.74982,0.0679,,stable_or_known,related formula/prototype/chemistry/family with different symmetry or variant metadata,6.5,273,known_synthesized
boundary_contrast,JVASP-142153,Li7Mn2Co3O12,JVASP-116891,Li2TiFe3O8,Li2TiFe3O8,bulk,dft_3d,Fe-Li-O-Ti,oxide,oxide,AB2C3D8,unknown,unknown,0.35,False,True,True,Fe;Li;O;Ti,2,0.5,False,True,True,186,,6,False,178.0,-2.04303,-2.04303,0.0291,,stable_or_known,related formula/prototype/chemistry/family with different symmetry or variant metadata,6.5,274,known_synthesized
boundary_contrast,JVASP-142153,Li7Mn2Co3O12,JVASP-49730,Ca2CoSi2O7,Ca2CoSi2O7,bulk,dft_3d,Ca-Co-O-Si,oxide,oxide,AB2C2D7,unknown,unknown,0.35,False,True,True,Ca;Co;O;Si,2,0.5,False,True,True,113,,4,False,105.0,-2.76602,-2.76602,0.0366,,stable_or_known,related formula/prototype/chemistry/family with different symmetry or variant metadata,6.5,275,known_synthesized
boundary_contrast,JVASP-142153,Li7Mn2Co3O12,JVASP-46343,Li2TiVO4,Li2TiVO4,bulk,dft_3d,Li-O-Ti-V,oxide,oxide,ABC2D4,unknown,unknown,0.35,False,True,True,Li;O;Ti;V,2,0.5,False,True,True,119,,4,False,111.0,-2.6584,-2.6584,0.032,,stable_or_known,related formula/prototype/chemistry/family with different symmetry or variant metadata,6.5,276,known_synthesized
boundary_contrast,JVASP-142153,Li7Mn2Co3O12,JVASP-148382,Mn2PO5,Mn2PO5,bulk,dft_3d,Mn-O-P,oxide,oxide,AB2C5,unknown,unknown,0.35,False,True,True,Mn;O;P,2,0.5,False,True,True,141,,4,False,133.0,-1.95407,-1.95407,0.0189,,stable_or_known,related formula/prototype/chemistry/family with different symmetry or variant metadata,6.5,277,known_synthesized
boundary_contrast,JVASP-142153,Li7Mn2Co3O12,JVASP-17457,Ba2Mn3Sb2O2,Ba2Mn3(SbO)2,bulk,dft_3d,Ba-Mn-O-Sb,oxide,oxide,ABC2D3,unknown,unknown,0.35,False,True,True,Ba;Mn;O;Sb,2,0.5,False,True,True,139,,4,False,131.0,-1.12535,-1.12535,0.1501,True,stable_or_known,related formula/prototype/chemistry/family with different symmetry or variant metadata,6.5,278,
boundary_contrast,JVASP-142153,Li7Mn2Co3O12,JVASP-139963,Co3TeO8,Co3TeO8,bulk,dft_3d,Co-O-Te,oxide,oxide,AB3C8,unknown,unknown,0.35,False,True,True,Co;O;Te,2,0.5,False,True,True,166,,5,False,158.0,-1.03754,-1.03754,0.042100000000000005,,stable_or_known,related formula/prototype/chemistry/family with different symmetry or variant metadata,6.5,279,known_synthesized
boundary_contrast,JVASP-142153,Li7Mn2Co3O12,JVASP-119072,TbMn4Cu3O12,TbMn4(CuO4)3,bulk,dft_3d,Cu-Mn-O-Tb,oxide,oxide,ABC4D4,unknown,unknown,0.35,False,True,True,Cu;Mn;O;Tb,2,0.5,False,True,True,204,,7,False,196.0,-1.81244,-1.81244,0.0,,stable_or_known,related formula/prototype/chemistry/family with different symmetry or variant metadata,6.5,280,known_synthesized
boundary_contrast,JVASP-142153,Li7Mn2Co3O12,JVASP-107386,MnO2,MnO2,bulk,dft_3d,Mn-O,oxide,oxide,AO2,unknown,unknown,0.35,False,True,True,Mn;O,2,0.5,False,True,True,166,,5,False,158.0,-1.7563600000000001,-1.7563600000000001,0.048600000000000004,,stable_or_known,related formula/prototype/chemistry/family with different symmetry or variant metadata,6.5,281,known_synthesized
boundary_contrast,JVASP-142153,Li7Mn2Co3O12,JVASP-142074,LiFe5O8,LiFe5O8,bulk,dft_3d,Fe-Li-O,oxide,oxide,AB5C8,unknown,unknown,0.35,False,True,True,Fe;Li;O,2,0.5,False,True,True,216,,7,False,208.0,-1.52887,-1.52887,0.0175,,stable_or_known,related formula/prototype/chemistry/family with different symmetry or variant metadata,6.5,282,known_synthesized
boundary_contrast,JVASP-142153,Li7Mn2Co3O12,JVASP-106875,Ba2UMnO6,Ba2UMnO6,bulk,dft_3d,Ba-Mn-O-U,oxide,oxide,ABC2D6,unknown,unknown,0.35,False,True,True,Ba;Mn;O;U,2,0.5,False,True,True,225,,7,False,217.0,-3.04103,-3.04103,0.0,,stable_or_known,related formula/prototype/chemistry/family with different symmetry or variant metadata,6.5,283,known_synthesized
boundary_contrast,JVASP-142153,Li7Mn2Co3O12,JVASP-99354,Ca5MnSi9Pb9O33,Ca5MnSi9(Pb3O11)3,bulk,dft_3d,Ca-Mn-O-Pb-Si,oxide,oxide,AB3C5D9E11,unknown,unknown,0.35,False,True,True,Ca;Mn;O;Pb;Si,2,0.5,False,True,True,174,,6,False,166.0,-2.5063,-2.5063,0.013000000000000001,True,stable_or_known,related formula/prototype/chemistry/family with different symmetry or variant metadata,6.5,284,
boundary_contrast,JVASP-142153,Li7Mn2Co3O12,JVASP-77991,Co3SbO8,Co3SbO8,2d,dft_2d,Co-O-Sb,oxide,oxide,AB3C8,unknown,unknown,0.35,False,True,True,Co;O;Sb,2,0.5,False,True,True,164,,5,False,156.0,-1.04185,-1.04185,0.0,,stable_or_known,related formula/prototype/chemistry/family with different symmetry or variant metadata,6.5,285,known_synthesized
boundary_contrast,JVASP-142153,Li7Mn2Co3O12,JVASP-11800,BaMnV2Ag2O8,BaMnV2(AgO4)2,bulk,dft_3d,Ag-Ba-Mn-O-V,oxide,oxide,ABCD2E4,unknown,unknown,0.35,False,True,True,Ag;Ba;Mn;O;V,2,0.5,False,True,True,147,,5,False,139.0,-2.08861,-2.08861,0.0816,True,stable_or_known,related formula/prototype/chemistry/family with different symmetry or variant metadata,6.5,286,
boundary_contrast,JVASP-142153,Li7Mn2Co3O12,JVASP-30123,CoO2,CoO2,bulk,dft_3d,Co-O,oxide,oxide,AO2,unknown,unknown,0.35,False,True,True,Co;O,2,0.5,False,True,True,166,,5,False,158.0,-0.97833,-0.97833,0.0886,,stable_or_known,related formula/prototype/chemistry/family with different symmetry or variant metadata,6.5,287,known_synthesized
boundary_contrast,JVASP-142153,Li7Mn2Co3O12,JVASP-11198,LiRhO2,LiRhO2,bulk,dft_3d,Li-O-Rh,oxide,oxide,ABC2,unknown,unknown,0.35,False,True,True,Li;O;Rh,2,0.5,False,True,True,227,,7,False,219.0,-1.4043,-1.4043,0.0115,True,stable_or_known,related formula/prototype/chemistry/family with different symmetry or variant metadata,6.5,288,
boundary_contrast,JVASP-142153,Li7Mn2Co3O12,JVASP-122531,Li3CrClO4,Li3CrClO4,bulk,dft_3d,Cl-Cr-Li-O,oxide,oxide,ABC3D4,unknown,unknown,0.35,False,True,True,Cl;Cr;Li;O,2,0.5,False,True,True,129,,4,False,121.0,-2.16149,-2.16149,0.0,,stable_or_known,related formula/prototype/chemistry/family with different symmetry or variant metadata,6.5,289,known_synthesized
boundary_contrast,JVASP-142153,Li7Mn2Co3O12,JVASP-44750,Li2Ni3WO8,Li2Ni3WO8,bulk,dft_3d,Li-Ni-O-W,oxide,oxide,AB2C3D8,unknown,unknown,0.35,False,True,True,Li;Ni;O;W,2,0.5,False,True,True,166,,5,False,158.0,-1.59668,-1.59668,0.056,,stable_or_known,related formula/prototype/chemistry/family with different symmetry or variant metadata,6.5,290,known_synthesized
boundary_contrast,JVASP-142153,Li7Mn2Co3O12,JVASP-21042,Ca3Co2Ge3O12,Ca3Co2(GeO4)3,bulk,dft_3d,Ca-Co-Ge-O,oxide,oxide,AB2C3D4,unknown,unknown,0.35,False,True,True,Ca;Co;Ge;O,2,0.5,False,True,True,230,,7,False,222.0,-2.16013,-2.16013,0.012100000000000001,,stable_or_known,related formula/prototype/chemistry/family with different symmetry or variant metadata,6.5,291,known_synthesized
boundary_contrast,JVASP-142153,Li7Mn2Co3O12,JVASP-18883,CoO2,CoO2,bulk,dft_3d,Co-O,oxide,oxide,AO2,unknown,unknown,0.35,False,True,True,Co;O,2,0.5,False,True,True,164,,5,False,156.0,-0.9917100000000001,-0.9917100000000001,0.0752,True,stable_or_known,related formula/prototype/chemistry/family with different symmetry or variant metadata,6.5,292,
boundary_contrast,JVASP-142153,Li7Mn2Co3O12,JVASP-111942,CoO2,CoO2,bulk,dft_3d,Co-O,oxide,oxide,AO2,unknown,unknown,0.35,False,True,True,Co;O,2,0.5,False,True,True,186,,6,False,178.0,-1.02939,-1.02939,0.0375,,stable_or_known,related formula/prototype/chemistry/family with different symmetry or variant metadata,6.5,293,known_synthesized
boundary_contrast,JVASP-142153,Li7Mn2Co3O12,JVASP-46804,Mn5O5F,Mn5O5F,bulk,dft_3d,F-Mn-O,oxide,oxide,AB5C5,unknown,unknown,0.35,False,True,True,F;Mn;O,2,0.5,False,True,True,156,,5,False,148.0,-1.5385900000000001,-1.5385900000000001,0.0,,stable_or_known,related formula/prototype/chemistry/family with different symmetry or variant metadata,6.5,294,known_synthesized
boundary_contrast,JVASP-142153,Li7Mn2Co3O12,JVASP-145586,Mn3SnO8,Mn3SnO8,bulk,dft_3d,Mn-O-Sn,oxide,oxide,AB3C8,unknown,unknown,0.35,False,True,True,Mn;O;Sn,2,0.5,False,True,True,186,,6,False,178.0,-1.74743,-1.74743,0.055200000000000006,,stable_or_known,related formula/prototype/chemistry/family with different symmetry or variant metadata,6.5,295,known_synthesized
boundary_contrast,JVASP-142153,Li7Mn2Co3O12,JVASP-79796,CoCuO2,CoCuO2,bulk,dft_3d,Co-Cu-O,oxide,oxide,ABC2,unknown,unknown,0.35,False,True,True,Co;Cu;O,2,0.5,False,True,True,166,,5,False,158.0,-1.03628,-1.03628,0.0,,stable_or_known,related formula/prototype/chemistry/family with different symmetry or variant metadata,6.5,296,known_synthesized
boundary_contrast,JVASP-142153,Li7Mn2Co3O12,JVASP-141756,Lu3MnFe3O10,Lu3MnFe3O10,bulk,dft_3d,Fe-Lu-Mn-O,oxide,oxide,AB3C3D10,unknown,unknown,0.35,False,True,True,Fe;Lu;Mn;O,2,0.5,False,True,True,160,,5,False,152.0,-2.52371,-2.52371,0.0711,,stable_or_known,related formula/prototype/chemistry/family with different symmetry or variant metadata,6.5,297,known_synthesized
boundary_contrast,JVASP-142153,Li7Mn2Co3O12,JVASP-151543,Sr2ZrMnO6,Sr2ZrMnO6,bulk,dft_3d,Mn-O-Sr-Zr,oxide,oxide,ABC2D6,unknown,unknown,0.35,False,True,True,Mn;O;Sr;Zr,2,0.5,False,True,True,225,,7,False,217.0,-3.06488,-3.06488,0.0,,stable_or_known,related formula/prototype/chemistry/family with different symmetry or variant metadata,6.5,298,known_synthesized
boundary_contrast,JVASP-142153,Li7Mn2Co3O12,JVASP-43290,Li2Ni3SnO8,Li2Ni3SnO8,bulk,dft_3d,Li-Ni-O-Sn,oxide,oxide,AB2C3D8,unknown,unknown,0.35,False,True,True,Li;Ni;O;Sn,2,0.5,False,True,True,166,,5,False,158.0,-1.39829,-1.39829,0.0517,,stable_or_known,related formula/prototype/chemistry/family with different symmetry or variant metadata,6.5,299,known_synthesized
boundary_contrast,JVASP-142153,Li7Mn2Co3O12,JVASP-24767,Li8SiO6,Li8SiO6,bulk,dft_3d,Li-O-Si,oxide,oxide,AB6C8,unknown,unknown,0.35,False,True,True,Li;O;Si,2,0.5,False,True,True,185,,6,False,177.0,-2.35902,-2.35902,0.008,True,stable_or_known,related formula/prototype/chemistry/family with different symmetry or variant metadata,6.5,300,
boundary_contrast,JVASP-142153,Li7Mn2Co3O12,JVASP-60353,CoCl2O8,Co(ClO4)2,2d,dft_2d,Cl-Co-O,oxide,oxide,ABC4,unknown,unknown,0.35,False,True,True,Cl;Co;O,2,0.5,False,True,True,147,,5,False,139.0,0.08277000000000001,0.08277000000000001,0.0,,stable_or_known,related formula/prototype/chemistry/family with different symmetry or variant metadata,6.5,301,known_synthesized
boundary_contrast,JVASP-142153,Li7Mn2Co3O12,JVASP-119638,LiGdS2O8,LiGd(SO4)2,bulk,dft_3d,Gd-Li-O-S,oxide,oxide,ABCD4,unknown,unknown,0.35,False,True,True,Gd;Li;O;S,2,0.5,False,True,True,118,,4,False,110.0,-2.09922,-2.09922,0.0,,stable_or_known,related formula/prototype/chemistry/family with different symmetry or variant metadata,6.5,302,known_synthesized
boundary_contrast,JVASP-142153,Li7Mn2Co3O12,JVASP-29871,MnRe2O8,Mn(ReO4)2,bulk,dft_3d,Mn-O-Re,oxide,oxide,ABC4,unknown,unknown,0.35,False,True,True,Mn;O;Re,2,0.5,False,True,True,164,,5,False,156.0,-1.59912,-1.59912,0.1525,True,stable_or_known,related formula/prototype/chemistry/family with different symmetry or variant metadata,6.5,303,
boundary_contrast,JVASP-142153,Li7Mn2Co3O12,JVASP-42740,Li3CrO4,Li3CrO4,bulk,dft_3d,Cr-Li-O,oxide,oxide,AB3C4,unknown,unknown,0.35,False,True,True,Cr;Li;O,2,0.5,False,True,True,121,,4,False,113.0,-2.2359,-2.2359,0.0,,stable_or_known,related formula/prototype/chemistry/family with different symmetry or variant metadata,6.5,304,known_synthesized
boundary_contrast,JVASP-142153,Li7Mn2Co3O12,JVASP-111952,Li3MgNi4O8,Li3Mg(NiO2)4,bulk,dft_3d,Li-Mg-Ni-O,oxide,oxide,ABC2D3,unknown,unknown,0.35,False,True,True,Li;Mg;Ni;O,2,0.5,False,True,True,166,,5,False,158.0,-1.54423,-1.54423,0.053500000000000006,,stable_or_known,related formula/prototype/chemistry/family with different symmetry or variant metadata,6.5,305,known_synthesized
boundary_contrast,JVASP-142153,Li7Mn2Co3O12,JVASP-155414,KMnAg2O4,KMn(AgO2)2,bulk,dft_3d,Ag-K-Mn-O,oxide,oxide,ABCD2,unknown,unknown,0.35,False,True,True,Ag;K;Mn;O,2,0.5,False,True,True,121,,4,False,113.0,-1.16957,-1.16957,0.0912,,stable_or_known,related formula/prototype/chemistry/family with different symmetry or variant metadata,6.5,306,known_synthesized
boundary_contrast,JVASP-142153,Li7Mn2Co3O12,JVASP-1855,LiCrO2,LiCrO2,bulk,dft_3d,Cr-Li-O,oxide,oxide,ABC2,unknown,unknown,0.35,False,True,True,Cr;Li;O,2,0.5,False,True,True,166,,5,False,158.0,-2.2316,-2.2316,0.0,True,stable_or_known,related formula/prototype/chemistry/family with different symmetry or variant metadata,6.5,307,
boundary_contrast,JVASP-142153,Li7Mn2Co3O12,JVASP-46693,Mn5O3F5,Mn5O3F5,bulk,dft_3d,F-Mn-O,oxide,oxide,A3B5C5,unknown,unknown,0.35,False,True,True,F;Mn;O,2,0.5,False,True,True,160,,5,False,152.0,-1.95714,-1.95714,0.0,,stable_or_known,related formula/prototype/chemistry/family with different symmetry or variant metadata,6.5,308,known_synthesized
boundary_contrast,JVASP-142153,Li7Mn2Co3O12,JVASP-117258,Li2TiCr3O8,Li2TiCr3O8,bulk,dft_3d,Cr-Li-O-Ti,oxide,oxide,AB2C3D8,unknown,unknown,0.35,False,True,True,Cr;Li;O;Ti,2,0.5,False,True,True,166,,5,False,158.0,-2.46128,-2.46128,0.0,,stable_or_known,related formula/prototype/chemistry/family with different symmetry or variant metadata,6.5,309,known_synthesized
boundary_contrast,JVASP-142153,Li7Mn2Co3O12,JVASP-62993,Li3AuO3,Li3AuO3,bulk,dft_3d,Au-Li-O,oxide,oxide,AB3C3,unknown,unknown,0.35,False,True,True,Au;Li;O,2,0.5,False,True,True,136,,4,False,128.0,-1.55911,-1.55911,0.0,,stable_or_known,related formula/prototype/chemistry/family with different symmetry or variant metadata,6.5,310,known_synthesized
boundary_contrast,JVASP-142153,Li7Mn2Co3O12,JVASP-42988,Na3CoO3,Na3CoO3,bulk,dft_3d,Co-Na-O,oxide,oxide,AB3C3,unknown,unknown,0.35,False,True,True,Co;Na;O,2,0.5,False,True,True,136,,4,False,128.0,-1.45581,-1.45581,0.018600000000000002,,stable_or_known,related formula/prototype/chemistry/family with different symmetry or variant metadata,6.5,311,known_synthesized
boundary_contrast,JVASP-142153,Li7Mn2Co3O12,JVASP-121775,Mn3BiO8,Mn3BiO8,bulk,dft_3d,Bi-Mn-O,oxide,oxide,AB3C8,unknown,unknown,0.35,False,True,True,Bi;Mn;O,2,0.5,False,True,True,166,,5,False,158.0,-1.55046,-1.55046,0.0931,,stable_or_known,related formula/prototype/chemistry/family with different symmetry or variant metadata,6.5,312,known_synthesized
boundary_contrast,JVASP-142153,Li7Mn2Co3O12,JVASP-31192,LiTiO2,LiTiO2,bulk,dft_3d,Li-O-Ti,oxide,oxide,ABC2,unknown,unknown,0.35,False,True,True,Li;O;Ti,2,0.5,False,True,True,141,,4,False,133.0,-2.87515,-2.87515,0.0,True,stable_or_known,related formula/prototype/chemistry/family with different symmetry or variant metadata,6.5,313,
boundary_contrast,JVASP-142153,Li7Mn2Co3O12,JVASP-109336,LiLa2VO6,LiLa2VO6,bulk,dft_3d,La-Li-O-V,oxide,oxide,ABC2D6,unknown,unknown,0.35,False,True,True,La;Li;O;V,2,0.5,False,True,True,225,,7,False,217.0,-3.17037,-3.17037,0.0519,,stable_or_known,related formula/prototype/chemistry/family with different symmetry or variant metadata,6.5,314,known_synthesized
boundary_contrast,JVASP-142153,Li7Mn2Co3O12,JVASP-40982,Li3Cr3FeO8,Li3Cr3FeO8,bulk,dft_3d,Cr-Fe-Li-O,oxide,oxide,AB3C3D8,unknown,unknown,0.35,False,True,True,Cr;Fe;Li;O,2,0.5,False,True,True,166,,5,False,158.0,-2.07937,-2.07937,0.024,,stable_or_known,related formula/prototype/chemistry/family with different symmetry or variant metadata,6.5,315,known_synthesized
boundary_contrast,JVASP-142153,Li7Mn2Co3O12,JVASP-35163,Li14P2N6O3,Li14P2(N2O)3,bulk,dft_3d,Li-N-O-P,oxide,oxide,AB2C2D14,unknown,unknown,0.35,False,True,True,Li;N;O;P,2,0.5,False,True,True,147,,5,False,139.0,-1.30423,-1.30423,0.0,,stable_or_known,related formula/prototype/chemistry/family with different symmetry or variant metadata,6.5,316,known_synthesized
boundary_contrast,JVASP-142153,Li7Mn2Co3O12,JVASP-12649,Ba2MnMoO6,Ba2MnMoO6,bulk,dft_3d,Ba-Mn-Mo-O,oxide,oxide,ABC2D6,unknown,unknown,0.35,False,True,True,Ba;Mn;Mo;O,2,0.5,False,True,True,225,,7,False,217.0,-2.58615,-2.58615,0.0154,True,stable_or_known,related formula/prototype/chemistry/family with different symmetry or variant metadata,6.5,317,
boundary_contrast,JVASP-142153,Li7Mn2Co3O12,JVASP-57444,LiAlSiO4,LiAlSiO4,bulk,dft_3d,Al-Li-O-Si,oxide,oxide,ABCD4,unknown,unknown,0.35,False,True,True,Al;Li;O;Si,2,0.5,False,True,True,180,,6,False,172.0,-2.9624200000000003,-2.9624200000000003,0.0241,True,stable_or_known,related formula/prototype/chemistry/family with different symmetry or variant metadata,6.5,318,
boundary_contrast,JVASP-142153,Li7Mn2Co3O12,JVASP-98542,Li2B4O7,Li2B4O7,bulk,dft_3d,B-Li-O,oxide,oxide,A2B4C7,unknown,unknown,0.35,False,True,True,B;Li;O,2,0.5,False,True,True,110,,4,False,102.0,-2.60322,-2.60322,0.0,True,stable_or_known,related formula/prototype/chemistry/family with different symmetry or variant metadata,6.5,319,
boundary_contrast,JVASP-142153,Li7Mn2Co3O12,JVASP-146305,Mn7PbO12,Mn7PbO12,bulk,dft_3d,Mn-O-Pb,oxide,oxide,AB7C12,unknown,unknown,0.35,False,True,True,Mn;O;Pb,2,0.5,False,True,True,204,,7,False,196.0,-1.7553800000000002,-1.7553800000000002,0.0,,stable_or_known,related formula/prototype/chemistry/family with different symmetry or variant metadata,6.5,320,known_synthesized
boundary_contrast,JVASP-142153,Li7Mn2Co3O12,JVASP-54486,BaCo2P2O8,BaCo2(PO4)2,bulk,dft_3d,Ba-Co-O-P,oxide,oxide,ABC2D4,unknown,unknown,0.35,False,True,True,Ba;Co;O;P,2,0.5,False,True,True,148,,5,False,140.0,-2.14917,-2.14917,0.0,True,stable_or_known,related formula/prototype/chemistry/family with different symmetry or variant metadata,6.5,321,
boundary_contrast,JVASP-142153,Li7Mn2Co3O12,JVASP-11483,MnFe2O4,Mn(FeO2)2,bulk,dft_3d,Fe-Mn-O,oxide,oxide,ABC2,unknown,unknown,0.35,False,True,True,Fe;Mn;O,2,0.5,False,True,True,227,,7,False,219.0,-1.3127900000000001,-1.3127900000000001,0.0,True,stable_or_known,related formula/prototype/chemistry/family with different symmetry or variant metadata,6.5,322,
boundary_contrast,JVASP-142153,Li7Mn2Co3O12,JVASP-51355,LiNi2O4,Li(NiO2)2,bulk,dft_3d,Li-Ni-O,oxide,oxide,ABC2,unknown,unknown,0.35,False,True,True,Li;Ni;O,2,0.5,False,True,True,227,,7,False,219.0,-1.26678,-1.26678,0.0178,,stable_or_known,related formula/prototype/chemistry/family with different symmetry or variant metadata,6.5,323,known_synthesized
boundary_contrast,JVASP-142153,Li7Mn2Co3O12,JVASP-27487,Sr3LiRuO6,Sr3LiRuO6,bulk,dft_3d,Li-O-Ru-Sr,oxide,oxide,ABC3D6,unknown,unknown,0.35,False,True,True,Li;O;Ru;Sr,2,0.5,False,True,True,167,,5,False,159.0,-2.4624,-2.4624,0.0,True,stable_or_known,related formula/prototype/chemistry/family with different symmetry or variant metadata,6.5,324,
boundary_contrast,JVASP-142153,Li7Mn2Co3O12,JVASP-143992,Mn5O5F,Mn5O5F,bulk,dft_3d,F-Mn-O,oxide,oxide,AB5C5,unknown,unknown,0.35,False,True,True,F;Mn;O,2,0.5,False,True,True,156,,5,False,148.0,-1.54858,-1.54858,0.0,,stable_or_known,related formula/prototype/chemistry/family with different symmetry or variant metadata,6.5,325,known_synthesized
boundary_contrast,JVASP-142153,Li7Mn2Co3O12,JVASP-47054,Li2FeNiO4,Li2FeNiO4,bulk,dft_3d,Fe-Li-Ni-O,oxide,oxide,ABC2D4,unknown,unknown,0.35,False,True,True,Fe;Li;Ni;O,2,0.5,False,True,True,119,,4,False,111.0,-1.61261,-1.61261,0.0599,,stable_or_known,related formula/prototype/chemistry/family with different symmetry or variant metadata,6.5,326,known_synthesized
boundary_contrast,JVASP-142153,Li7Mn2Co3O12,JVASP-8630,NdMnAsO,NdMnAsO,bulk,dft_3d,As-Mn-Nd-O,oxide,oxide,ABCD,unknown,unknown,0.35,False,True,True,As;Mn;Nd;O,2,0.5,False,True,True,129,,4,False,121.0,-1.83139,-1.83139,0.0,True,stable_or_known,related formula/prototype/chemistry/family with different symmetry or variant metadata,6.5,327,
boundary_contrast,JVASP-142153,Li7Mn2Co3O12,JVASP-119453,SrLa2Mn3O9,SrLa2Mn3O9,bulk,dft_3d,La-Mn-O-Sr,oxide,oxide,AB2C3D9,unknown,unknown,0.35,False,True,True,La;Mn;O;Sr,2,0.5,False,True,True,164,,5,False,156.0,-2.79108,-2.79108,0.0029000000000000002,,stable_or_known,related formula/prototype/chemistry/family with different symmetry or variant metadata,6.5,328,known_synthesized
boundary_contrast,JVASP-142153,Li7Mn2Co3O12,JVASP-99977,La2GaCoO6,La2GaCoO6,bulk,dft_3d,Co-Ga-La-O,oxide,oxide,ABC2D6,unknown,unknown,0.35,False,True,True,Co;Ga;La;O,2,0.5,False,True,True,148,,5,False,140.0,-2.69433,-2.69433,0.0269,,stable_or_known,related formula/prototype/chemistry/family with different symmetry or variant metadata,6.5,329,known_synthesized
boundary_contrast,JVASP-142153,Li7Mn2Co3O12,JVASP-95309,Li2Ca2Ta3O10,Li2Ca2Ta3O10,bulk,dft_3d,Ca-Li-O-Ta,oxide,oxide,A2B2C3D10,unknown,unknown,0.35,False,True,True,Ca;Li;O;Ta,2,0.5,False,True,True,139,,4,False,131.0,-3.02679,-3.02679,0.0516,True,stable_or_known,related formula/prototype/chemistry/family with different symmetry or variant metadata,6.5,330,
boundary_contrast,JVASP-142153,Li7Mn2Co3O12,JVASP-26005,TiMnH12O6F6,TiMnH12(OF)6,bulk,dft_3d,F-H-Mn-O-Ti,oxide,oxide,ABCDE12,unknown,unknown,0.35,False,True,True,F;H;Mn;O;Ti,2,0.5,False,True,True,148,,5,False,140.0,-1.65631,-1.65631,0.0,True,stable_or_known,related formula/prototype/chemistry/family with different symmetry or variant metadata,6.5,331,
boundary_contrast,JVASP-142153,Li7Mn2Co3O12,JVASP-103126,Ba2TaMnO6,Ba2TaMnO6,bulk,dft_3d,Ba-Mn-O-Ta,oxide,oxide,ABC2D6,unknown,unknown,0.35,False,True,True,Ba;Mn;O;Ta,2,0.5,False,True,True,225,,7,False,217.0,-2.90434,-2.90434,0.0,,stable_or_known,related formula/prototype/chemistry/family with different symmetry or variant metadata,6.5,332,known_synthesized
boundary_contrast,JVASP-142153,Li7Mn2Co3O12,JVASP-57228,Sr2Mn3Bi2O2,Sr2Mn3(BiO)2,bulk,dft_3d,Bi-Mn-O-Sr,oxide,oxide,ABC2D3,unknown,unknown,0.35,False,True,True,Bi;Mn;O;Sr,2,0.5,False,True,True,139,,4,False,131.0,-1.03099,-1.03099,0.31370000000000003,True,stable_or_known,related formula/prototype/chemistry/family with different symmetry or variant metadata,6.5,333,
boundary_contrast,JVASP-142153,Li7Mn2Co3O12,JVASP-48472,Na6CoO4,Na6CoO4,bulk,dft_3d,Co-Na-O,oxide,oxide,AB4C6,unknown,unknown,0.35,False,True,True,Co;Na;O,2,0.5,False,True,True,186,,6,False,178.0,-1.32439,-1.32439,0.0816,,stable_or_known,related formula/prototype/chemistry/family with different symmetry or variant metadata,6.5,334,known_synthesized
boundary_contrast,JVASP-142153,Li7Mn2Co3O12,JVASP-116805,YbMn4Cu3O12,YbMn4(CuO4)3,bulk,dft_3d,Cu-Mn-O-Yb,oxide,oxide,ABC4D4,unknown,unknown,0.35,False,True,True,Cu;Mn;O;Yb,2,0.5,False,True,True,204,,7,False,196.0,-1.77058,-1.77058,0.0,,stable_or_known,related formula/prototype/chemistry/family with different symmetry or variant metadata,6.5,335,known_synthesized
boundary_contrast,JVASP-142153,Li7Mn2Co3O12,JVASP-143912,Sr2LaMn2O7,Sr2LaMn2O7,bulk,dft_3d,La-Mn-O-Sr,oxide,oxide,AB2C2D7,unknown,unknown,0.35,False,True,True,La;Mn;O;Sr,2,0.5,False,True,True,139,,4,False,131.0,-2.82335,-2.82335,0.00030000000000000003,,stable_or_known,related formula/prototype/chemistry/family with different symmetry or variant metadata,6.5,336,known_synthesized
boundary_contrast,JVASP-142153,Li7Mn2Co3O12,JVASP-112772,Sr2CoClO3,Sr2CoClO3,bulk,dft_3d,Cl-Co-O-Sr,oxide,oxide,ABC2D3,unknown,unknown,0.35,False,True,True,Cl;Co;O;Sr,2,0.5,False,True,True,129,,4,False,121.0,-2.34079,-2.34079,0.0,,stable_or_known,related formula/prototype/chemistry/family with different symmetry or variant metadata,6.5,337,known_synthesized
boundary_contrast,JVASP-142153,Li7Mn2Co3O12,JVASP-8827,Li3TaO4,Li3TaO4,bulk,dft_3d,Li-O-Ta,oxide,oxide,AB3C4,unknown,unknown,0.35,False,True,True,Li;O;Ta,2,0.5,False,True,True,139,,4,False,131.0,-2.66224,-2.66224,0.082,,stable_or_known,related formula/prototype/chemistry/family with different symmetry or variant metadata,6.5,338,known_synthesized
boundary_contrast,JVASP-142153,Li7Mn2Co3O12,JVASP-142486,Sr2YTlCo2O7,Sr2YTlCo2O7,bulk,dft_3d,Co-O-Sr-Tl-Y,oxide,oxide,ABC2D2E7,unknown,unknown,0.35,False,True,True,Co;O;Sr;Tl;Y,2,0.5,False,True,True,123,,4,False,115.0,-2.17512,-2.17512,0.0758,,stable_or_known,related formula/prototype/chemistry/family with different symmetry or variant metadata,6.5,339,known_synthesized
boundary_contrast,JVASP-142153,Li7Mn2Co3O12,JVASP-55303,Mn3TeO6,Mn3TeO6,bulk,dft_3d,Mn-O-Te,oxide,oxide,AB3C6,unknown,unknown,0.35,False,True,True,Mn;O;Te,2,0.5,False,True,True,148,,5,False,140.0,-1.33854,-1.33854,0.2859,True,stable_or_known,related formula/prototype/chemistry/family with different symmetry or variant metadata,6.5,340,
boundary_contrast,JVASP-142153,Li7Mn2Co3O12,JVASP-47768,LiCrO2,LiCrO2,bulk,dft_3d,Cr-Li-O,oxide,oxide,ABC2,unknown,unknown,0.35,False,True,True,Cr;Li;O,2,0.5,False,True,True,141,,4,False,133.0,-2.19139,-2.19139,0.0402,,stable_or_known,related formula/prototype/chemistry/family with different symmetry or variant metadata,6.5,341,known_synthesized
boundary_contrast,JVASP-142153,Li7Mn2Co3O12,JVASP-143924,Li2V3SnO8,Li2V3SnO8,bulk,dft_3d,Li-O-Sn-V,oxide,oxide,AB2C3D8,unknown,unknown,0.35,False,True,True,Li;O;Sn;V,2,0.5,False,True,True,160,,5,False,152.0,-2.32126,-2.32126,0.0761,,stable_or_known,related formula/prototype/chemistry/family with different symmetry or variant metadata,6.5,342,known_synthesized
boundary_contrast,JVASP-142153,Li7Mn2Co3O12,JVASP-146699,Ba3Mn2RuO9,Ba3Mn2RuO9,bulk,dft_3d,Ba-Mn-O-Ru,oxide,oxide,AB2C3D9,unknown,unknown,0.35,False,True,True,Ba;Mn;O;Ru,2,0.5,False,True,True,160,,5,False,152.0,-2.34987,-2.34987,0.0,,stable_or_known,related formula/prototype/chemistry/family with different symmetry or variant metadata,6.5,343,known_synthesized
boundary_contrast,JVASP-142153,Li7Mn2Co3O12,JVASP-102351,Ba2UCoO6,Ba2UCoO6,bulk,dft_3d,Ba-Co-O-U,oxide,oxide,ABC2D6,unknown,unknown,0.35,False,True,True,Ba;Co;O;U,2,0.5,False,True,True,225,,7,False,217.0,-2.87813,-2.87813,0.0,,stable_or_known,related formula/prototype/chemistry/family with different symmetry or variant metadata,6.5,344,known_synthesized
boundary_contrast,JVASP-142153,Li7Mn2Co3O12,JVASP-108109,LiTa2CuO6,LiTa2CuO6,bulk,dft_3d,Cu-Li-O-Ta,oxide,oxide,ABC2D6,unknown,unknown,0.35,False,True,True,Cu;Li;O;Ta,2,0.5,False,True,True,146,,5,False,138.0,-2.58229,-2.58229,0.024800000000000003,,stable_or_known,related formula/prototype/chemistry/family with different symmetry or variant metadata,6.5,345,known_synthesized
boundary_contrast,JVASP-142153,Li7Mn2Co3O12,JVASP-34735,Li2CaTa2O7,Li2CaTa2O7,bulk,dft_3d,Ca-Li-O-Ta,oxide,oxide,AB2C2D7,unknown,unknown,0.35,False,True,True,Ca;Li;O;Ta,2,0.5,False,True,True,139,,4,False,131.0,-2.99982,-2.99982,0.045200000000000004,True,stable_or_known,related formula/prototype/chemistry/family with different symmetry or variant metadata,6.5,346,
boundary_contrast,JVASP-142153,Li7Mn2Co3O12,JVASP-147109,CoSnH12O6F6,CoSnH12(OF)6,bulk,dft_3d,Co-F-H-O-Sn,oxide,oxide,ABCDE12,unknown,unknown,0.35,False,True,True,Co;F;H;O;Sn,2,0.5,False,True,True,148,,5,False,140.0,-1.41109,-1.41109,0.013600000000000001,,stable_or_known,related formula/prototype/chemistry/family with different symmetry or variant metadata,6.5,347,known_synthesized
boundary_contrast,JVASP-142153,Li7Mn2Co3O12,JVASP-109423,MnSnB2O6,MnSn(BO3)2,bulk,dft_3d,B-Mn-O-Sn,oxide,oxide,ABCD3,unknown,unknown,0.35,False,True,True,B;Mn;O;Sn,2,0.5,False,True,True,148,,5,False,140.0,-2.1476,-2.1476,0.0,,stable_or_known,related formula/prototype/chemistry/family with different symmetry or variant metadata,6.5,348,known_synthesized
boundary_contrast,JVASP-142153,Li7Mn2Co3O12,JVASP-140204,LiNi2O4,Li(NiO2)2,bulk,dft_3d,Li-Ni-O,oxide,oxide,ABC2,unknown,unknown,0.35,False,True,True,Li;Ni;O,2,0.5,False,True,True,227,,7,False,219.0,-1.2846,-1.2846,0.0,,stable_or_known,related formula/prototype/chemistry/family with different symmetry or variant metadata,6.5,349,known_synthesized
boundary_contrast,JVASP-142153,Li7Mn2Co3O12,JVASP-102682,Sr2CoRuO6,Sr2CoRuO6,bulk,dft_3d,Co-O-Ru-Sr,oxide,oxide,ABC2D6,unknown,unknown,0.35,False,True,True,Co;O;Ru;Sr,2,0.5,False,True,True,148,,5,False,140.0,-2.01066,-2.01066,0.0,,stable_or_known,related formula/prototype/chemistry/family with different symmetry or variant metadata,6.5,350,known_synthesized
boundary_contrast,JVASP-142153,Li7Mn2Co3O12,JVASP-24340,Li2U3P2O15,Li2U3P2O15,bulk,dft_3d,Li-O-P-U,oxide,oxide,A2B2C3D15,unknown,unknown,0.35,False,True,True,Li;O;P;U,2,0.5,False,True,True,141,,4,False,133.0,-2.87012,-2.87012,0.0,True,stable_or_known,related formula/prototype/chemistry/family with different symmetry or variant metadata,6.5,351,
boundary_contrast,JVASP-142153,Li7Mn2Co3O12,JVASP-58471,CaMn4O8,CaMn4O8,bulk,dft_3d,Ca-Mn-O,oxide,oxide,AB4C8,unknown,unknown,0.35,False,True,True,Ca;Mn;O,2,0.5,False,True,True,166,,5,False,158.0,-2.06195,-2.06195,0.036500000000000005,,stable_or_known,related formula/prototype/chemistry/family with different symmetry or variant metadata,6.5,352,known_synthesized
boundary_contrast,JVASP-142153,Li7Mn2Co3O12,JVASP-7887,CoO,CoO,bulk,dft_3d,Co-O,oxide,oxide,AB,unknown,unknown,0.35,False,True,True,Co;O,2,0.5,False,True,True,225,,7,False,217.0,-0.6606500000000001,-0.6606500000000001,0.3109,True,stable_or_known,related formula/prototype/chemistry/family with different symmetry or variant metadata,6.5,353,
boundary_contrast,JVASP-142153,Li7Mn2Co3O12,JVASP-78960,LiVO2,LiVO2,bulk,dft_3d,Li-O-V,oxide,oxide,ABC2,unknown,unknown,0.35,False,True,True,Li;O;V,2,0.5,False,True,True,166,,5,False,158.0,-2.42718,-2.42718,0.0784,,stable_or_known,related formula/prototype/chemistry/family with different symmetry or variant metadata,6.5,354,known_synthesized
boundary_contrast,JVASP-142153,Li7Mn2Co3O12,JVASP-57204,BaNdMn2O5,BaNdMn2O5,bulk,dft_3d,Ba-Mn-Nd-O,oxide,oxide,ABC2D5,unknown,unknown,0.35,False,True,True,Ba;Mn;Nd;O,2,0.5,False,True,True,123,,4,False,115.0,-2.57028,-2.57028,0.011,True,stable_or_known,related formula/prototype/chemistry/family with different symmetry or variant metadata,6.5,355,
boundary_contrast,JVASP-142153,Li7Mn2Co3O12,JVASP-52989,Sr3Mn4O12,Sr3Mn4O12,bulk,dft_3d,Mn-O-Sr,oxide,oxide,A3B4C12,unknown,unknown,0.35,False,True,True,Mn;O;Sr,2,0.5,False,True,True,164,,5,False,156.0,-2.1965500000000002,-2.1965500000000002,0.0813,,stable_or_known,related formula/prototype/chemistry/family with different symmetry or variant metadata,6.5,356,known_synthesized
boundary_contrast,JVASP-142153,Li7Mn2Co3O12,JVASP-24337,NaLiCO3,NaLiCO3,bulk,dft_3d,C-Li-Na-O,oxide,oxide,ABCD3,unknown,unknown,0.35,False,True,True,C;Li;Na;O,2,0.5,False,True,True,174,,6,False,166.0,-1.94567,-1.94567,0.0008,True,stable_or_known,related formula/prototype/chemistry/family with different symmetry or variant metadata,6.5,357,
boundary_contrast,JVASP-142153,Li7Mn2Co3O12,JVASP-150474,BaNdCo2O5,BaNdCo2O5,bulk,dft_3d,Ba-Co-Nd-O,oxide,oxide,ABC2D5,unknown,unknown,0.35,False,True,True,Ba;Co;Nd;O,2,0.5,False,True,True,123,,4,False,115.0,-2.20796,-2.20796,0.047400000000000005,,stable_or_known,related formula/prototype/chemistry/family with different symmetry or variant metadata,6.5,358,known_synthesized
boundary_contrast,JVASP-142153,Li7Mn2Co3O12,JVASP-144856,LiV3Zn2O8,LiV3Zn2O8,bulk,dft_3d,Li-O-V-Zn,oxide,oxide,AB2C3D8,unknown,unknown,0.35,False,True,True,Li;O;V;Zn,2,0.5,False,True,True,160,,5,False,152.0,-2.27112,-2.27112,0.0079,,stable_or_known,related formula/prototype/chemistry/family with different symmetry or variant metadata,6.5,359,known_synthesized
boundary_contrast,JVASP-142153,Li7Mn2Co3O12,JVASP-55439,Co4B6O13,Co4B6O13,bulk,dft_3d,B-Co-O,oxide,oxide,A4B6C13,unknown,unknown,0.35,False,True,True,B;Co;O,2,0.5,False,True,True,217,,7,False,209.0,-1.95428,-1.95428,0.038400000000000004,True,stable_or_known,related formula/prototype/chemistry/family with different symmetry or variant metadata,6.5,360,
boundary_contrast,JVASP-142153,Li7Mn2Co3O12,JVASP-50846,Sr2Li2Nb4O13,Sr2Li2Nb4O13,bulk,dft_3d,Li-Nb-O-Sr,oxide,oxide,A2B2C4D13,unknown,unknown,0.35,False,True,True,Li;Nb;O;Sr,2,0.5,False,True,True,139,,4,False,131.0,-2.8748,-2.8748,0.0308,,stable_or_known,related formula/prototype/chemistry/family with different symmetry or variant metadata,6.5,361,known_synthesized
boundary_contrast,JVASP-142153,Li7Mn2Co3O12,JVASP-27678,Mn4ZnCu3O12,Mn4Zn(CuO4)3,bulk,dft_3d,Cu-Mn-O-Zn,oxide,oxide,ABC4D4,unknown,unknown,0.35,False,True,True,Cu;Mn;O;Zn,2,0.5,False,True,True,204,,7,False,196.0,-1.41207,-1.41207,0.0665,,stable_or_known,related formula/prototype/chemistry/family with different symmetry or variant metadata,6.5,362,known_synthesized
boundary_contrast,JVASP-142153,Li7Mn2Co3O12,JVASP-141044,Li2Cr3NiO8,Li2Cr3NiO8,bulk,dft_3d,Cr-Li-Ni-O,oxide,oxide,AB2C3D8,unknown,unknown,0.35,False,True,True,Cr;Li;Ni;O,2,0.5,False,True,True,186,,6,False,178.0,-1.96214,-1.96214,0.0386,,stable_or_known,related formula/prototype/chemistry/family with different symmetry or variant metadata,6.5,363,known_synthesized
boundary_contrast,JVASP-142153,Li7Mn2Co3O12,JVASP-39034,Yb2Co2O5,Yb2Co2O5,bulk,dft_3d,Co-O-Yb,oxide,oxide,A2B2C5,unknown,unknown,0.35,False,True,True,Co;O;Yb,2,0.5,False,True,True,123,,4,False,115.0,-2.22245,-2.22245,0.0078000000000000005,,stable_or_known,related formula/prototype/chemistry/family with different symmetry or variant metadata,6.5,364,known_synthesized
boundary_contrast,JVASP-142153,Li7Mn2Co3O12,JVASP-99278,LiCu2O2,Li(CuO)2,bulk,dft_3d,Cu-Li-O,oxide,oxide,ABC,unknown,unknown,0.35,False,True,True,Cu;Li;O,2,0.5,False,True,True,137,,4,False,129.0,-1.0923100000000001,-1.0923100000000001,0.013900000000000001,True,stable_or_known,related formula/prototype/chemistry/family with different symmetry or variant metadata,6.5,365,
boundary_contrast,JVASP-142153,Li7Mn2Co3O12,JVASP-50976,LiTmO2,LiTmO2,bulk,dft_3d,Li-O-Tm,oxide,oxide,ABC2,unknown,unknown,0.35,False,True,True,Li;O;Tm,2,0.5,False,True,True,141,,4,False,133.0,-3.23039,-3.23039,0.0206,,stable_or_known,related formula/prototype/chemistry/family with different symmetry or variant metadata,6.5,366,known_synthesized
boundary_contrast,JVASP-142153,Li7Mn2Co3O12,JVASP-119554,TiCo3O8,TiCo3O8,bulk,dft_3d,Co-O-Ti,oxide,oxide,AB3C8,unknown,unknown,0.35,False,True,True,Co;O;Ti,2,0.5,False,True,True,186,,6,False,178.0,-1.53061,-1.53061,0.0854,,stable_or_known,related formula/prototype/chemistry/family with different symmetry or variant metadata,6.5,367,known_synthesized
boundary_contrast,JVASP-142153,Li7Mn2Co3O12,JVASP-110284,BaLaMnRuO6,BaLaMnRuO6,bulk,dft_3d,Ba-La-Mn-O-Ru,oxide,oxide,ABCDE6,unknown,unknown,0.35,False,True,True,Ba;La;Mn;O;Ru,2,0.5,False,True,True,216,,7,False,208.0,-2.37626,-2.37626,0.08650000000000001,,stable_or_known,related formula/prototype/chemistry/family with different symmetry or variant metadata,6.5,368,known_synthesized
boundary_contrast,JVASP-142153,Li7Mn2Co3O12,JVASP-44377,Li2Cr3SbO8,Li2Cr3SbO8,bulk,dft_3d,Cr-Li-O-Sb,oxide,oxide,AB2C3D8,unknown,unknown,0.35,False,True,True,Cr;Li;O;Sb,2,0.5,False,True,True,186,,6,False,178.0,-2.07367,-2.07367,0.0158,,stable_or_known,related formula/prototype/chemistry/family with different symmetry or variant metadata,6.5,369,known_synthesized
boundary_contrast,JVASP-142153,Li7Mn2Co3O12,JVASP-145652,Li2VCr3O8,Li2VCr3O8,bulk,dft_3d,Cr-Li-O-V,oxide,oxide,AB2C3D8,unknown,unknown,0.35,False,True,True,Cr;Li;O;V,2,0.5,False,True,True,186,,6,False,178.0,-2.3011,-2.3011,0.0122,,stable_or_known,related formula/prototype/chemistry/family with different symmetry or variant metadata,6.5,370,known_synthesized
boundary_contrast,JVASP-142153,Li7Mn2Co3O12,JVASP-18423,LiCuO2,LiCuO2,bulk,dft_3d,Cu-Li-O,oxide,oxide,ABC2,unknown,unknown,0.35,False,True,True,Cu;Li;O,2,0.5,False,True,True,166,,5,False,158.0,-1.19295,-1.19295,0.068,,stable_or_known,related formula/prototype/chemistry/family with different symmetry or variant metadata,6.5,371,known_synthesized
boundary_contrast,JVASP-142153,Li7Mn2Co3O12,JVASP-147710,LiFePO4,LiFePO4,bulk,dft_3d,Fe-Li-O-P,oxide,oxide,ABCD4,unknown,unknown,0.35,False,True,True,Fe;Li;O;P,2,0.5,False,True,True,198,,7,False,190.0,-1.9826700000000002,-1.9826700000000002,0.09330000000000001,,stable_or_known,related formula/prototype/chemistry/family with different symmetry or variant metadata,6.5,372,known_synthesized
boundary_contrast,JVASP-142153,Li7Mn2Co3O12,JVASP-10259,Li6UO6,Li6UO6,bulk,dft_3d,Li-O-U,oxide,oxide,AB6C6,unknown,unknown,0.35,False,True,True,Li;O;U,2,0.5,False,True,True,148,,5,False,140.0,-2.6139900000000003,-2.6139900000000003,0.0345,True,stable_or_known,related formula/prototype/chemistry/family with different symmetry or variant metadata,6.5,373,
boundary_contrast,JVASP-142153,Li7Mn2Co3O12,JVASP-116288,LiNiO2,LiNiO2,bulk,dft_3d,Li-Ni-O,oxide,oxide,ABC2,unknown,unknown,0.35,False,True,True,Li;Ni;O,2,0.5,False,True,True,166,,5,False,158.0,-1.46188,-1.46188,0.0183,,stable_or_known,related formula/prototype/chemistry/family with different symmetry or variant metadata,6.5,374,known_synthesized
boundary_contrast,JVASP-142153,Li7Mn2Co3O12,JVASP-91645,LaCoAsO,LaCoAsO,bulk,dft_3d,As-Co-La-O,oxide,oxide,ABCD,unknown,unknown,0.35,False,True,True,As;Co;La;O,2,0.5,False,True,True,129,,4,False,121.0,-1.9833500000000002,-1.9833500000000002,0.0,,stable_or_known,related formula/prototype/chemistry/family with different symmetry or variant metadata,6.5,375,known_synthesized
boundary_contrast,JVASP-142153,Li7Mn2Co3O12,JVASP-43470,Na3CoO3,Na3CoO3,bulk,dft_3d,Co-Na-O,oxide,oxide,AB3C3,unknown,unknown,0.35,False,True,True,Co;Na;O,2,0.5,False,True,True,198,,7,False,190.0,-1.37992,-1.37992,0.0945,,stable_or_known,related formula/prototype/chemistry/family with different symmetry or variant metadata,6.5,376,known_synthesized
boundary_contrast,JVASP-142153,Li7Mn2Co3O12,JVASP-142672,Li2Cr3SnO8,Li2Cr3SnO8,bulk,dft_3d,Cr-Li-O-Sn,oxide,oxide,AB2C3D8,unknown,unknown,0.35,False,True,True,Cr;Li;O;Sn,2,0.5,False,True,True,166,,5,False,158.0,-2.11378,-2.11378,0.0354,,stable_or_known,related formula/prototype/chemistry/family with different symmetry or variant metadata,6.5,377,known_synthesized
boundary_contrast,JVASP-142153,Li7Mn2Co3O12,JVASP-90350,BaNdCo2O5,BaNdCo2O5,bulk,dft_3d,Ba-Co-Nd-O,oxide,oxide,ABC2D5,unknown,unknown,0.35,False,True,True,Ba;Co;Nd;O,2,0.5,False,True,True,123,,4,False,115.0,-2.19235,-2.19235,0.063,,stable_or_known,related formula/prototype/chemistry/family with different symmetry or variant metadata,6.5,378,known_synthesized
boundary_contrast,JVASP-142153,Li7Mn2Co3O12,JVASP-141297,RbLi2CdC2O6F,RbLi2CdC2O6F,bulk,dft_3d,C-Cd-F-Li-O-Rb,oxide,oxide,ABCD2E2F6,unknown,unknown,0.35,False,True,True,C;Cd;F;Li;O;Rb,2,0.5,False,True,True,176,,6,False,168.0,-1.9727000000000001,-1.9727000000000001,0.0,,stable_or_known,related formula/prototype/chemistry/family with different symmetry or variant metadata,6.5,379,known_synthesized
boundary_contrast,JVASP-142153,Li7Mn2Co3O12,JVASP-106872,Mn2O3,Mn2O3,bulk,dft_3d,Mn-O,oxide,oxide,A2B3,unknown,unknown,0.35,False,True,True,Mn;O,2,0.5,False,True,True,167,,5,False,159.0,-1.7536800000000001,-1.7536800000000001,0.013800000000000002,,stable_or_known,related formula/prototype/chemistry/family with different symmetry or variant metadata,6.5,380,known_synthesized
boundary_contrast,JVASP-142153,Li7Mn2Co3O12,JVASP-43466,Li2Fe3SbO8,Li2Fe3SbO8,bulk,dft_3d,Fe-Li-O-Sb,oxide,oxide,AB2C3D8,unknown,unknown,0.35,False,True,True,Fe;Li;O;Sb,2,0.5,False,True,True,166,,5,False,158.0,-1.65317,-1.65317,0.040600000000000004,,stable_or_known,related formula/prototype/chemistry/family with different symmetry or variant metadata,6.5,381,known_synthesized
boundary_contrast,JVASP-142153,Li7Mn2Co3O12,JVASP-109131,YbGaCoO4,YbGaCoO4,bulk,dft_3d,Co-Ga-O-Yb,oxide,oxide,ABCD4,unknown,unknown,0.35,False,True,True,Co;Ga;O;Yb,2,0.5,False,True,True,160,,5,False,152.0,-2.09242,-2.09242,0.0562,,stable_or_known,related formula/prototype/chemistry/family with different symmetry or variant metadata,6.5,382,known_synthesized
boundary_contrast,JVASP-142153,Li7Mn2Co3O12,JVASP-42519,Mn3O4F2,Mn3(O2F)2,bulk,dft_3d,F-Mn-O,oxide,oxide,AB2C3,unknown,unknown,0.35,False,True,True,F;Mn;O,2,0.5,False,True,True,136,,4,False,128.0,-1.9841,-1.9841,0.0,,stable_or_known,related formula/prototype/chemistry/family with different symmetry or variant metadata,6.5,383,known_synthesized
boundary_contrast,JVASP-142153,Li7Mn2Co3O12,JVASP-49855,Li8BiO6,Li8BiO6,bulk,dft_3d,Bi-Li-O,oxide,oxide,AB6C8,unknown,unknown,0.35,False,True,True,Bi;Li;O,2,0.5,False,True,True,148,,5,False,140.0,-1.89144,-1.89144,0.0439,,stable_or_known,related formula/prototype/chemistry/family with different symmetry or variant metadata,6.5,384,known_synthesized
boundary_contrast,JVASP-142153,Li7Mn2Co3O12,JVASP-47182,LiCrO2,LiCrO2,bulk,dft_3d,Cr-Li-O,oxide,oxide,ABC2,unknown,unknown,0.35,False,True,True,Cr;Li;O,2,0.5,False,True,True,186,,6,False,178.0,-2.19584,-2.19584,0.0358,,stable_or_known,related formula/prototype/chemistry/family with different symmetry or variant metadata,6.5,385,known_synthesized
boundary_contrast,JVASP-142153,Li7Mn2Co3O12,JVASP-48177,Nb2CoO6,Nb2CoO6,bulk,dft_3d,Co-Nb-O,oxide,oxide,AB2C6,unknown,unknown,0.35,False,True,True,Co;Nb;O,2,0.5,False,True,True,136,,4,False,128.0,-2.28982,-2.28982,0.0398,,stable_or_known,related formula/prototype/chemistry/family with different symmetry or variant metadata,6.5,386,known_synthesized
boundary_contrast,JVASP-142153,Li7Mn2Co3O12,JVASP-144375,Ba2LaMn2O7,Ba2LaMn2O7,bulk,dft_3d,Ba-La-Mn-O,oxide,oxide,AB2C2D7,unknown,unknown,0.35,False,True,True,Ba;La;Mn;O,2,0.5,False,True,True,139,,4,False,131.0,-2.7502,-2.7502,0.0004,,stable_or_known,related formula/prototype/chemistry/family with different symmetry or variant metadata,6.5,387,known_synthesized
boundary_contrast,JVASP-142153,Li7Mn2Co3O12,JVASP-141433,Mn2V3NiO8,Mn2V3NiO8,bulk,dft_3d,Mn-Ni-O-V,oxide,oxide,AB2C3D8,unknown,unknown,0.35,False,True,True,Mn;Ni;O;V,2,0.5,False,True,True,166,,5,False,158.0,-1.99008,-1.99008,0.09670000000000001,,stable_or_known,related formula/prototype/chemistry/family with different symmetry or variant metadata,6.5,388,known_synthesized
boundary_contrast,JVASP-142153,Li7Mn2Co3O12,JVASP-145812,LiSmS2O8,LiSm(SO4)2,bulk,dft_3d,Li-O-S-Sm,oxide,oxide,ABCD4,unknown,unknown,0.35,False,True,True,Li;O;S;Sm,2,0.5,False,True,True,118,,4,False,110.0,-2.00762,-2.00762,0.0,,stable_or_known,related formula/prototype/chemistry/family with different symmetry or variant metadata,6.5,389,known_synthesized
boundary_contrast,JVASP-142153,Li7Mn2Co3O12,JVASP-48483,Li2Ni3TeO8,Li2Ni3TeO8,bulk,dft_3d,Li-Ni-O-Te,oxide,oxide,AB2C3D8,unknown,unknown,0.35,False,True,True,Li;Ni;O;Te,2,0.5,False,True,True,166,,5,False,158.0,-1.29725,-1.29725,0.012,,stable_or_known,related formula/prototype/chemistry/family with different symmetry or variant metadata,6.5,390,known_synthesized
boundary_contrast,JVASP-142153,Li7Mn2Co3O12,JVASP-55412,Ca3MnZnO6,Ca3MnZnO6,bulk,dft_3d,Ca-Mn-O-Zn,oxide,oxide,ABC3D6,unknown,unknown,0.35,False,True,True,Ca;Mn;O;Zn,2,0.5,False,True,True,167,,5,False,159.0,-2.63574,-2.63574,0.0,True,stable_or_known,related formula/prototype/chemistry/family with different symmetry or variant metadata,6.5,391,
boundary_contrast,JVASP-142153,Li7Mn2Co3O12,JVASP-147344,BaYCoCuO5,BaYCoCuO5,bulk,dft_3d,Ba-Co-Cu-O-Y,oxide,oxide,ABCDE5,unknown,unknown,0.35,False,True,True,Ba;Co;Cu;O;Y,2,0.5,False,True,True,129,,4,False,121.0,-2.23019,-2.23019,0.06720000000000001,,stable_or_known,related formula/prototype/chemistry/family with different symmetry or variant metadata,6.5,392,known_synthesized
boundary_contrast,JVASP-142153,Li7Mn2Co3O12,JVASP-133652,Li2TiVO4,Li2TiVO4,bulk,dft_3d,Li-O-Ti-V,oxide,oxide,ABC2D4,unknown,unknown,0.35,False,True,True,Li;O;Ti;V,2,0.5,False,True,True,119,,4,False,111.0,-2.65807,-2.65807,0.0323,,stable_or_known,related formula/prototype/chemistry/family with different symmetry or variant metadata,6.5,393,known_synthesized
boundary_contrast,JVASP-142153,Li7Mn2Co3O12,JVASP-42698,LiVPO4,LiVPO4,bulk,dft_3d,Li-O-P-V,oxide,oxide,ABCD4,unknown,unknown,0.35,False,True,True,Li;O;P;V,2,0.5,False,True,True,148,,5,False,140.0,-2.25829,-2.25829,0.0,,stable_or_known,related formula/prototype/chemistry/family with different symmetry or variant metadata,6.5,394,known_synthesized
boundary_contrast,JVASP-142153,Li7Mn2Co3O12,JVASP-57313,Mn4Bi3NO15,Mn4Bi3NO15,bulk,dft_3d,Bi-Mn-N-O,oxide,oxide,AB3C4D15,unknown,unknown,0.35,False,True,True,Bi;Mn;N;O,2,0.5,False,True,True,149,,5,False,141.0,-1.48926,-1.48926,0.0,True,stable_or_known,related formula/prototype/chemistry/family with different symmetry or variant metadata,6.5,395,
boundary_contrast,JVASP-142153,Li7Mn2Co3O12,JVASP-122375,Mn3TeO8,Mn3TeO8,bulk,dft_3d,Mn-O-Te,oxide,oxide,AB3C8,unknown,unknown,0.35,False,True,True,Mn;O;Te,2,0.5,False,True,True,186,,6,False,178.0,-1.55758,-1.55758,0.0756,,stable_or_known,related formula/prototype/chemistry/family with different symmetry or variant metadata,6.5,396,known_synthesized
boundary_contrast,JVASP-142153,Li7Mn2Co3O12,JVASP-86916,LiScO2,LiScO2,bulk,dft_3d,Li-O-Sc,oxide,oxide,ABC2,unknown,unknown,0.35,False,True,True,Li;O;Sc,2,0.5,False,True,True,141,,4,False,133.0,-3.2446,-3.2446,0.0,True,stable_or_known,related formula/prototype/chemistry/family with different symmetry or variant metadata,6.5,397,
boundary_contrast,JVASP-142153,Li7Mn2Co3O12,JVASP-119290,Sr2MnCuSO3,Sr2MnCuSO3,bulk,dft_3d,Cu-Mn-O-S-Sr,oxide,oxide,ABCD2E3,unknown,unknown,0.35,False,True,True,Cu;Mn;O;S;Sr,2,0.5,False,True,True,129,,4,False,121.0,-2.14614,-2.14614,0.0219,,stable_or_known,related formula/prototype/chemistry/family with different symmetry or variant metadata,6.5,398,known_synthesized
boundary_contrast,JVASP-142153,Li7Mn2Co3O12,JVASP-11672,Li2VGeO5,Li2VGeO5,bulk,dft_3d,Ge-Li-O-V,oxide,oxide,ABC2D5,unknown,unknown,0.35,False,True,True,Ge;Li;O;V,2,0.5,False,True,True,129,,4,False,121.0,-2.2515,-2.2515,0.043300000000000005,True,stable_or_known,related formula/prototype/chemistry/family with different symmetry or variant metadata,6.5,399,
boundary_contrast,JVASP-142153,Li7Mn2Co3O12,JVASP-45913,LiV3Zn2O8,LiV3Zn2O8,bulk,dft_3d,Li-O-V-Zn,oxide,oxide,AB2C3D8,unknown,unknown,0.35,False,True,True,Li;O;V;Zn,2,0.5,False,True,True,166,,5,False,158.0,-2.25605,-2.25605,0.023,,stable_or_known,related formula/prototype/chemistry/family with different symmetry or variant metadata,6.5,400,known_synthesized
boundary_contrast,JVASP-142153,Li7Mn2Co3O12,JVASP-146686,Sm4Fe3CoAs4O4,Sm4Fe3Co(AsO)4,bulk,dft_3d,As-Co-Fe-O-Sm,oxide,oxide,ABCD3E4,unknown,unknown,0.35,False,True,True,As;Co;Fe;O;Sm,2,0.5,False,True,True,111,,4,False,103.0,-1.92568,-1.92568,0.0,,stable_or_known,related formula/prototype/chemistry/family with different symmetry or variant metadata,6.5,401,known_synthesized
boundary_contrast,JVASP-142153,Li7Mn2Co3O12,JVASP-147666,Li7FeO6,Li7FeO6,bulk,dft_3d,Fe-Li-O,oxide,oxide,AB6C7,unknown,unknown,0.35,False,True,True,Fe;Li;O,2,0.5,False,True,True,146,,5,False,138.0,-1.94394,-1.94394,0.0217,,stable_or_known,related formula/prototype/chemistry/family with different symmetry or variant metadata,6.5,402,known_synthesized
boundary_contrast,JVASP-142153,Li7Mn2Co3O12,JVASP-1870,LiVO2,LiVO2,bulk,dft_3d,Li-O-V,oxide,oxide,ABC2,unknown,unknown,0.35,False,True,True,Li;O;V,2,0.5,False,True,True,166,,5,False,158.0,-2.42721,-2.42721,0.07830000000000001,True,stable_or_known,related formula/prototype/chemistry/family with different symmetry or variant metadata,6.5,403,
boundary_contrast,JVASP-142153,Li7Mn2Co3O12,JVASP-44623,Mn3FeO8,Mn3FeO8,bulk,dft_3d,Fe-Mn-O,oxide,oxide,AB3C8,unknown,unknown,0.35,False,True,True,Fe;Mn;O,2,0.5,False,True,True,186,,6,False,178.0,-1.66456,-1.66456,0.0,,stable_or_known,related formula/prototype/chemistry/family with different symmetry or variant metadata,6.5,404,known_synthesized
boundary_contrast,JVASP-142153,Li7Mn2Co3O12,JVASP-42958,Li4V2SiGeO10,Li4V2SiGeO10,bulk,dft_3d,Ge-Li-O-Si-V,oxide,oxide,ABC2D4E10,unknown,unknown,0.35,False,True,True,Ge;Li;O;Si;V,2,0.5,False,True,True,115,,4,False,107.0,-2.45133,-2.45133,0.0307,,stable_or_known,related formula/prototype/chemistry/family with different symmetry or variant metadata,6.5,405,known_synthesized
boundary_contrast,JVASP-142153,Li7Mn2Co3O12,JVASP-10933,CaCo2O4,Ca(CoO2)2,bulk,dft_3d,Ca-Co-O,oxide,oxide,ABC2,unknown,unknown,0.35,False,True,True,Ca;Co;O,2,0.5,False,True,True,227,,7,False,219.0,-1.74421,-1.74421,0.08950000000000001,,stable_or_known,related formula/prototype/chemistry/family with different symmetry or variant metadata,6.5,406,known_synthesized
boundary_contrast,JVASP-142153,Li7Mn2Co3O12,JVASP-108193,LiFe2O3,LiFe2O3,bulk,dft_3d,Fe-Li-O,oxide,oxide,AB2C3,unknown,unknown,0.35,False,True,True,Fe;Li;O,2,0.5,False,True,True,164,,5,False,156.0,-1.49512,-1.49512,0.0999,,stable_or_known,related formula/prototype/chemistry/family with different symmetry or variant metadata,6.5,407,known_synthesized
boundary_contrast,JVASP-142153,Li7Mn2Co3O12,JVASP-94989,Sr2CoBr2O2,Sr2Co(BrO)2,bulk,dft_3d,Br-Co-O-Sr,oxide,oxide,ABCD2,unknown,unknown,0.35,False,True,True,Br;Co;O;Sr,2,0.5,False,True,True,139,,4,False,131.0,-2.11461,-2.11461,0.047900000000000005,,stable_or_known,related formula/prototype/chemistry/family with different symmetry or variant metadata,6.5,408,known_synthesized
boundary_contrast,JVASP-142153,Li7Mn2Co3O12,JVASP-48362,Li4Fe3CuO8,Li4Fe3CuO8,bulk,dft_3d,Cu-Fe-Li-O,oxide,oxide,AB3C4D8,unknown,unknown,0.35,False,True,True,Cu;Fe;Li;O,2,0.5,False,True,True,166,,5,False,158.0,-1.6593900000000001,-1.6593900000000001,0.0913,,stable_or_known,related formula/prototype/chemistry/family with different symmetry or variant metadata,6.5,409,known_synthesized
boundary_contrast,JVASP-142153,Li7Mn2Co3O12,JVASP-85753,NaLiCO3,NaLiCO3,bulk,dft_3d,C-Li-Na-O,oxide,oxide,ABCD3,unknown,unknown,0.35,False,True,True,C;Li;Na;O,2,0.5,False,True,True,187,,6,False,179.0,0.25905,0.25905,2.2055,True,stable_or_known,related formula/prototype/chemistry/family with different symmetry or variant metadata,6.5,410,
boundary_contrast,JVASP-142153,Li7Mn2Co3O12,JVASP-145871,Li2Cr3SnO8,Li2Cr3SnO8,bulk,dft_3d,Cr-Li-O-Sn,oxide,oxide,AB2C3D8,unknown,unknown,0.35,False,True,True,Cr;Li;O;Sn,2,0.5,False,True,True,160,,5,False,152.0,-2.08197,-2.08197,0.06720000000000001,,stable_or_known,related formula/prototype/chemistry/family with different symmetry or variant metadata,6.5,411,known_synthesized
boundary_contrast,JVASP-142153,Li7Mn2Co3O12,JVASP-90178,Pr2Mn2Se2O3,Pr2Mn2Se2O3,bulk,dft_3d,Mn-O-Pr-Se,oxide,oxide,A2B2C2D3,unknown,unknown,0.35,False,True,True,Mn;O;Pr;Se,2,0.5,False,True,True,139,,4,False,131.0,-2.1156800000000002,-2.1156800000000002,0.0755,,stable_or_known,related formula/prototype/chemistry/family with different symmetry or variant metadata,6.5,412,known_synthesized
boundary_contrast,JVASP-142153,Li7Mn2Co3O12,JVASP-97685,Ca3Mn2Si3O12,Ca3Mn2(SiO4)3,bulk,dft_3d,Ca-Mn-O-Si,oxide,oxide,AB2C3D4,unknown,unknown,0.35,False,True,True,Ca;Mn;O;Si,2,0.5,False,True,True,230,,7,False,222.0,-2.85815,-2.85815,0.0,True,stable_or_known,related formula/prototype/chemistry/family with different symmetry or variant metadata,6.5,413,
boundary_contrast,JVASP-142153,Li7Mn2Co3O12,JVASP-78014,FeCo3O8,FeCo3O8,2d,dft_2d,Co-Fe-O,oxide,oxide,AB3C8,unknown,unknown,0.35,False,True,True,Co;Fe;O,2,0.5,False,True,True,164,,5,False,156.0,-1.00965,-1.00965,0.0,,stable_or_known,related formula/prototype/chemistry/family with different symmetry or variant metadata,6.5,414,known_synthesized
boundary_contrast,JVASP-142153,Li7Mn2Co3O12,JVASP-55342,Ba2MnB6O12,Ba2Mn(BO2)6,bulk,dft_3d,B-Ba-Mn-O,oxide,oxide,ABC2D2,unknown,unknown,0.35,False,True,True,B;Ba;Mn;O,2,0.5,False,True,True,148,,5,False,140.0,-2.68289,-2.68289,0.0,True,stable_or_known,related formula/prototype/chemistry/family with different symmetry or variant metadata,6.5,415,
boundary_contrast,JVASP-142153,Li7Mn2Co3O12,JVASP-155549,CoNiNO,CoNiNO,bulk,dft_3d,Co-N-Ni-O,oxide,oxide,ABCD,unknown,unknown,0.35,False,True,True,Co;N;Ni;O,2,0.5,False,True,True,129,,4,False,121.0,-0.09694000000000001,-0.09694000000000001,0.0,,stable_or_known,related formula/prototype/chemistry/family with different symmetry or variant metadata,6.5,416,known_synthesized
boundary_contrast,JVASP-142153,Li7Mn2Co3O12,JVASP-52502,Li6CuO4,Li6CuO4,bulk,dft_3d,Cu-Li-O,oxide,oxide,AB4C6,unknown,unknown,0.35,False,True,True,Cu;Li;O,2,0.5,False,True,True,137,,4,False,129.0,-1.77338,-1.77338,0.0792,,stable_or_known,related formula/prototype/chemistry/family with different symmetry or variant metadata,6.5,417,known_synthesized
boundary_contrast,JVASP-142153,Li7Mn2Co3O12,JVASP-143952,Sr3Co2Cl2O5,Sr3Co2Cl2O5,bulk,dft_3d,Cl-Co-O-Sr,oxide,oxide,A2B2C3D5,unknown,unknown,0.35,False,True,True,Cl;Co;O;Sr,2,0.5,False,True,True,139,,4,False,131.0,-2.20449,-2.20449,0.0,,stable_or_known,related formula/prototype/chemistry/family with different symmetry or variant metadata,6.5,418,known_synthesized
boundary_contrast,JVASP-142153,Li7Mn2Co3O12,JVASP-140428,La3Co2CuO9,La3Co2CuO9,bulk,dft_3d,Co-Cu-La-O,oxide,oxide,AB2C3D9,unknown,unknown,0.35,False,True,True,Co;Cu;La;O,2,0.5,False,True,True,165,,5,False,157.0,-2.44702,-2.44702,0.0,,stable_or_known,related formula/prototype/chemistry/family with different symmetry or variant metadata,6.5,419,known_synthesized
boundary_contrast,JVASP-142153,Li7Mn2Co3O12,JVASP-100459,BaNdMn2O6,BaNdMn2O6,bulk,dft_3d,Ba-Mn-Nd-O,oxide,oxide,ABC2D6,unknown,unknown,0.35,False,True,True,Ba;Mn;Nd;O,2,0.5,False,True,True,123,,4,False,115.0,-2.64103,-2.64103,0.0106,,stable_or_known,related formula/prototype/chemistry/family with different symmetry or variant metadata,6.5,420,known_synthesized
boundary_contrast,JVASP-142153,Li7Mn2Co3O12,JVASP-137377,Li2NiOF2,Li2NiOF2,bulk,dft_3d,F-Li-Ni-O,oxide,oxide,ABC2D2,unknown,unknown,0.35,False,True,True,F;Li;Ni;O,2,0.5,False,True,True,129,,4,False,121.0,-2.2825,-2.2825,0.09860000000000001,,stable_or_known,related formula/prototype/chemistry/family with different symmetry or variant metadata,6.5,421,known_synthesized
boundary_contrast,JVASP-142153,Li7Mn2Co3O12,JVASP-139966,Co3TeO8,Co3TeO8,bulk,dft_3d,Co-O-Te,oxide,oxide,AB3C8,unknown,unknown,0.35,False,True,True,Co;O;Te,2,0.5,False,True,True,166,,5,False,158.0,-1.03782,-1.03782,0.041800000000000004,,stable_or_known,related formula/prototype/chemistry/family with different symmetry or variant metadata,6.5,422,known_synthesized
boundary_contrast,JVASP-142153,Li7Mn2Co3O12,JVASP-8642,MnO2,MnO2,bulk,dft_3d,Mn-O,oxide,oxide,AO2,unknown,unknown,0.35,False,True,True,Mn;O,2,0.5,False,True,True,166,,5,False,158.0,-1.74005,-1.74005,0.0649,,stable_or_known,related formula/prototype/chemistry/family with different symmetry or variant metadata,6.5,423,known_synthesized
boundary_contrast,JVASP-142153,Li7Mn2Co3O12,JVASP-146311,NaMn3V4O12,NaMn3V4O12,bulk,dft_3d,Mn-Na-O-V,oxide,oxide,AB3C4D12,unknown,unknown,0.35,False,True,True,Mn;Na;O;V,2,0.5,False,True,True,204,,7,False,196.0,-2.26375,-2.26375,0.0,,stable_or_known,related formula/prototype/chemistry/family with different symmetry or variant metadata,6.5,424,known_synthesized
boundary_contrast,JVASP-142153,Li7Mn2Co3O12,JVASP-111140,BaNdCo2O6,BaNd(CoO3)2,bulk,dft_3d,Ba-Co-Nd-O,oxide,oxide,ABCD3,unknown,unknown,0.35,False,True,True,Ba;Co;Nd;O,2,0.5,False,True,True,123,,4,False,115.0,-2.16729,-2.16729,0.08,,stable_or_known,related formula/prototype/chemistry/family with different symmetry or variant metadata,6.5,425,known_synthesized
boundary_contrast,JVASP-142153,Li7Mn2Co3O12,JVASP-133409,Sr2TiMnO6,Sr2TiMnO6,bulk,dft_3d,Mn-O-Sr-Ti,oxide,oxide,ABC2D6,unknown,unknown,0.35,False,True,True,Mn;O;Sr;Ti,2,0.5,False,True,True,123,,4,False,115.0,-2.95267,-2.95267,0.0391,,stable_or_known,related formula/prototype/chemistry/family with different symmetry or variant metadata,6.5,426,known_synthesized
boundary_contrast,JVASP-142153,Li7Mn2Co3O12,JVASP-106856,LiTiO2,LiTiO2,bulk,dft_3d,Li-O-Ti,oxide,oxide,ABC2,unknown,unknown,0.35,False,True,True,Li;O;Ti,2,0.5,False,True,True,160,,5,False,152.0,-2.78988,-2.78988,0.0853,,stable_or_known,related formula/prototype/chemistry/family with different symmetry or variant metadata,6.5,427,known_synthesized
boundary_contrast,JVASP-142153,Li7Mn2Co3O12,JVASP-142610,Li4Cr3NiO8,Li4Cr3NiO8,bulk,dft_3d,Cr-Li-Ni-O,oxide,oxide,AB3C4D8,unknown,unknown,0.35,False,True,True,Cr;Li;Ni;O,2,0.5,False,True,True,166,,5,False,158.0,-2.08296,-2.08296,0.0173,,stable_or_known,related formula/prototype/chemistry/family with different symmetry or variant metadata,6.5,428,known_synthesized
boundary_contrast,JVASP-142153,Li7Mn2Co3O12,JVASP-43193,Li2V3CuO8,Li2V3CuO8,bulk,dft_3d,Cu-Li-O-V,oxide,oxide,AB2C3D8,unknown,unknown,0.35,False,True,True,Cu;Li;O;V,2,0.5,False,True,True,160,,5,False,152.0,-2.26367,-2.26367,0.0823,,stable_or_known,related formula/prototype/chemistry/family with different symmetry or variant metadata,6.5,429,known_synthesized
boundary_contrast,JVASP-142153,Li7Mn2Co3O12,JVASP-43175,Li4Fe3O8,Li4Fe3O8,bulk,dft_3d,Fe-Li-O,oxide,oxide,A3B4C8,unknown,unknown,0.35,False,True,True,Fe;Li;O,2,0.5,False,True,True,160,,5,False,152.0,-1.78882,-1.78882,0.0604,,stable_or_known,related formula/prototype/chemistry/family with different symmetry or variant metadata,6.5,430,known_synthesized
boundary_contrast,JVASP-142153,Li7Mn2Co3O12,JVASP-145563,Ba3ErMn2O9,Ba3ErMn2O9,bulk,dft_3d,Ba-Er-Mn-O,oxide,oxide,AB2C3D9,unknown,unknown,0.35,False,True,True,Ba;Er;Mn;O,2,0.5,False,True,True,194,,6,False,186.0,-2.77474,-2.77474,0.0002,,stable_or_known,related formula/prototype/chemistry/family with different symmetry or variant metadata,6.5,431,known_synthesized
boundary_contrast,JVASP-142153,Li7Mn2Co3O12,JVASP-27065,K3Mn2O8,K3Mn2O8,bulk,dft_3d,K-Mn-O,oxide,oxide,A2B3C8,unknown,unknown,0.35,False,True,True,K;Mn;O,2,0.5,False,True,True,166,,5,False,158.0,-1.82386,-1.82386,0.0,True,stable_or_known,related formula/prototype/chemistry/family with different symmetry or variant metadata,6.5,432,
boundary_contrast,JVASP-142153,Li7Mn2Co3O12,JVASP-137300,Li3VCr3O8,Li3VCr3O8,bulk,dft_3d,Cr-Li-O-V,oxide,oxide,AB3C3D8,unknown,unknown,0.35,False,True,True,Cr;Li;O;V,2,0.5,False,True,True,166,,5,False,158.0,-2.25616,-2.25616,0.0636,,stable_or_known,related formula/prototype/chemistry/family with different symmetry or variant metadata,6.5,433,known_synthesized
boundary_contrast,JVASP-142153,Li7Mn2Co3O12,JVASP-116898,LiV2OF5,LiV2OF5,bulk,dft_3d,F-Li-O-V,oxide,oxide,ABC2D5,unknown,unknown,0.35,False,True,True,F;Li;O;V,2,0.5,False,True,True,145,,5,False,137.0,-2.9351700000000003,-2.9351700000000003,0.0371,,stable_or_known,related formula/prototype/chemistry/family with different symmetry or variant metadata,6.5,434,known_synthesized
boundary_contrast,JVASP-142153,Li7Mn2Co3O12,JVASP-47038,Li2Cr3CuO8,Li2Cr3CuO8,bulk,dft_3d,Cr-Cu-Li-O,oxide,oxide,AB2C3D8,unknown,unknown,0.35,False,True,True,Cr;Cu;Li;O,2,0.5,False,True,True,160,,5,False,152.0,-1.9362300000000001,-1.9362300000000001,0.0645,,stable_or_known,related formula/prototype/chemistry/family with different symmetry or variant metadata,6.5,435,known_synthesized
boundary_contrast,JVASP-142153,Li7Mn2Co3O12,JVASP-3369,K3MnO4,K3MnO4,bulk,dft_3d,K-Mn-O,oxide,oxide,AB3C4,unknown,unknown,0.35,False,True,True,K;Mn;O,2,0.5,False,True,True,121,,4,False,113.0,-1.8509900000000001,-1.8509900000000001,0.0,True,stable_or_known,related formula/prototype/chemistry/family with different symmetry or variant metadata,6.5,436,
boundary_contrast,JVASP-142153,Li7Mn2Co3O12,JVASP-146451,Na3Co4O8,Na3(CoO2)4,bulk,dft_3d,Co-Na-O,oxide,oxide,AB2C3,unknown,unknown,0.35,False,True,True,Co;Na;O,2,0.5,False,True,True,166,,5,False,158.0,-1.48194,-1.48194,0.0073,,stable_or_known,related formula/prototype/chemistry/family with different symmetry or variant metadata,6.5,437,known_synthesized
boundary_contrast,JVASP-142153,Li7Mn2Co3O12,JVASP-10001,Li2ZrTeO6,Li2ZrTeO6,bulk,dft_3d,Li-O-Te-Zr,oxide,oxide,ABC2D6,unknown,unknown,0.35,False,True,True,Li;O;Te;Zr,2,0.5,False,True,True,146,,5,False,138.0,-2.28283,-2.28283,0.004,True,stable_or_known,related formula/prototype/chemistry/family with different symmetry or variant metadata,6.5,438,
boundary_contrast,JVASP-142153,Li7Mn2Co3O12,JVASP-111143,MnH2O2,Mn(HO)2,bulk,dft_3d,H-Mn-O,oxide,oxide,ABC,unknown,unknown,0.35,False,True,True,H;Mn;O,2,0.5,False,True,True,164,,5,False,156.0,-1.13698,-1.13698,0.0522,,stable_or_known,related formula/prototype/chemistry/family with different symmetry or variant metadata,6.5,439,known_synthesized
boundary_contrast,JVASP-142153,Li7Mn2Co3O12,JVASP-47326,Mn5O7F,Mn5O7F,bulk,dft_3d,F-Mn-O,oxide,oxide,AB5C7,unknown,unknown,0.35,False,True,True,F;Mn;O,2,0.5,False,True,True,160,,5,False,152.0,-1.76868,-1.76868,0.0,,stable_or_known,related formula/prototype/chemistry/family with different symmetry or variant metadata,6.5,440,known_synthesized
boundary_contrast,JVASP-142153,Li7Mn2Co3O12,JVASP-44801,Mn2O3,Mn2O3,bulk,dft_3d,Mn-O,oxide,oxide,A2B3,unknown,unknown,0.35,False,True,True,Mn;O,2,0.5,False,True,True,167,,5,False,159.0,-1.74308,-1.74308,0.0244,,stable_or_known,related formula/prototype/chemistry/family with different symmetry or variant metadata,6.5,441,known_synthesized
boundary_contrast,JVASP-142153,Li7Mn2Co3O12,JVASP-50722,Li2CuSiO4,Li2CuSiO4,bulk,dft_3d,Cu-Li-O-Si,oxide,oxide,ABC2D4,unknown,unknown,0.35,False,True,True,Cu;Li;O;Si,2,0.5,False,True,True,152,,5,False,144.0,-2.14071,-2.14071,0.0767,,stable_or_known,related formula/prototype/chemistry/family with different symmetry or variant metadata,6.5,442,known_synthesized
boundary_contrast,JVASP-142153,Li7Mn2Co3O12,JVASP-140612,TiMn3O8,TiMn3O8,bulk,dft_3d,Mn-O-Ti,oxide,oxide,AB3C8,unknown,unknown,0.35,False,True,True,Mn;O;Ti,2,0.5,False,True,True,186,,6,False,178.0,-2.12715,-2.12715,0.042300000000000004,,stable_or_known,related formula/prototype/chemistry/family with different symmetry or variant metadata,6.5,443,known_synthesized
boundary_contrast,JVASP-142153,Li7Mn2Co3O12,JVASP-140539,Li2Ni3SbO8,Li2Ni3SbO8,bulk,dft_3d,Li-Ni-O-Sb,oxide,oxide,AB2C3D8,unknown,unknown,0.35,False,True,True,Li;Ni;O;Sb,2,0.5,False,True,True,148,,5,False,140.0,-1.41833,-1.41833,0.0005,,stable_or_known,related formula/prototype/chemistry/family with different symmetry or variant metadata,6.5,444,known_synthesized
boundary_contrast,JVASP-142153,Li7Mn2Co3O12,JVASP-42660,Li2TiFe3O8,Li2TiFe3O8,bulk,dft_3d,Fe-Li-O-Ti,oxide,oxide,AB2C3D8,unknown,unknown,0.35,False,True,True,Fe;Li;O;Ti,2,0.5,False,True,True,166,,5,False,158.0,-2.03054,-2.03054,0.041600000000000005,,stable_or_known,related formula/prototype/chemistry/family with different symmetry or variant metadata,6.5,445,known_synthesized
boundary_contrast,JVASP-142153,Li7Mn2Co3O12,JVASP-93457,MnO2,MnO2,bulk,dft_3d,Mn-O,oxide,oxide,AO2,unknown,unknown,0.35,False,True,True,Mn;O,2,0.5,False,True,True,136,,4,False,128.0,-1.80021,-1.80021,0.0047,,stable_or_known,related formula/prototype/chemistry/family with different symmetry or variant metadata,6.5,446,known_synthesized
boundary_contrast,JVASP-142153,Li7Mn2Co3O12,JVASP-110727,LiCu3O3,Li(CuO)3,bulk,dft_3d,Cu-Li-O,oxide,oxide,ABC,unknown,unknown,0.35,False,True,True,Cu;Li;O,2,0.5,False,True,True,221,,7,False,213.0,-0.9776100000000001,-0.9776100000000001,0.0217,,stable_or_known,related formula/prototype/chemistry/family with different symmetry or variant metadata,6.5,447,known_synthesized
boundary_contrast,JVASP-142153,Li7Mn2Co3O12,JVASP-43011,Li2TiV3O8,Li2TiV3O8,bulk,dft_3d,Li-O-Ti-V,oxide,oxide,AB2C3D8,unknown,unknown,0.35,False,True,True,Li;O;Ti;V,2,0.5,False,True,True,166,,5,False,158.0,-2.66054,-2.66054,0.0246,,stable_or_known,related formula/prototype/chemistry/family with different symmetry or variant metadata,6.5,448,known_synthesized
boundary_contrast,JVASP-142153,Li7Mn2Co3O12,JVASP-102247,MnO2,MnO2,bulk,dft_3d,Mn-O,oxide,oxide,AO2,unknown,unknown,0.35,False,True,True,Mn;O,2,0.5,False,True,True,164,,5,False,156.0,-1.73944,-1.73944,0.0655,,stable_or_known,related formula/prototype/chemistry/family with different symmetry or variant metadata,6.5,449,known_synthesized
boundary_contrast,JVASP-142153,Li7Mn2Co3O12,JVASP-50965,Li2ZrCuO4,Li2ZrCuO4,bulk,dft_3d,Cu-Li-O-Zr,oxide,oxide,ABC2D4,unknown,unknown,0.35,False,True,True,Cu;Li;O;Zr,2,0.5,False,True,True,119,,4,False,111.0,-2.3496,-2.3496,0.0813,,stable_or_known,related formula/prototype/chemistry/family with different symmetry or variant metadata,6.5,450,known_synthesized
boundary_contrast,JVASP-142153,Li7Mn2Co3O12,JVASP-9777,SrLi2Ta2O7,SrLi2Ta2O7,bulk,dft_3d,Li-O-Sr-Ta,oxide,oxide,AB2C2D7,unknown,unknown,0.35,False,True,True,Li;O;Sr;Ta,2,0.5,False,True,True,139,,4,False,131.0,-3.03149,-3.03149,0.0095,True,stable_or_known,related formula/prototype/chemistry/family with different symmetry or variant metadata,6.5,451,
boundary_contrast,JVASP-142153,Li7Mn2Co3O12,JVASP-48896,Li3VCr3O8,Li3VCr3O8,bulk,dft_3d,Cr-Li-O-V,oxide,oxide,AB3C3D8,unknown,unknown,0.35,False,True,True,Cr;Li;O;V,2,0.5,False,True,True,166,,5,False,158.0,-2.2606,-2.2606,0.0591,,stable_or_known,related formula/prototype/chemistry/family with different symmetry or variant metadata,6.5,452,known_synthesized
boundary_contrast,JVASP-142153,Li7Mn2Co3O12,JVASP-140604,Li2VFeO5,Li2VFeO5,bulk,dft_3d,Fe-Li-O-V,oxide,oxide,ABC2D5,unknown,unknown,0.35,False,True,True,Fe;Li;O;V,2,0.5,False,True,True,129,,4,False,121.0,-2.16159,-2.16159,0.0726,,stable_or_known,related formula/prototype/chemistry/family with different symmetry or variant metadata,6.5,453,known_synthesized
boundary_contrast,JVASP-142153,Li7Mn2Co3O12,JVASP-7895,LiMoO2,LiMoO2,bulk,dft_3d,Li-Mo-O,oxide,oxide,ABC2,unknown,unknown,0.35,False,True,True,Li;Mo;O,2,0.5,False,True,True,166,,5,False,158.0,-2.06244,-2.06244,0.08270000000000001,True,stable_or_known,related formula/prototype/chemistry/family with different symmetry or variant metadata,6.5,454,
boundary_contrast,JVASP-142153,Li7Mn2Co3O12,JVASP-44654,LiZnFe10O16,LiZn(Fe5O8)2,bulk,dft_3d,Fe-Li-O-Zn,oxide,oxide,ABC5D8,unknown,unknown,0.35,False,True,True,Fe;Li;O;Zn,2,0.5,False,True,True,160,,5,False,152.0,-1.4092500000000001,-1.4092500000000001,0.08170000000000001,,stable_or_known,related formula/prototype/chemistry/family with different symmetry or variant metadata,6.5,455,known_synthesized
boundary_contrast,JVASP-142153,Li7Mn2Co3O12,JVASP-45915,LiNiPO4,LiNiPO4,bulk,dft_3d,Li-Ni-O-P,oxide,oxide,ABCD4,unknown,unknown,0.35,False,True,True,Li;Ni;O;P,2,0.5,False,True,True,148,,5,False,140.0,-1.9053900000000001,-1.9053900000000001,0.07730000000000001,,stable_or_known,related formula/prototype/chemistry/family with different symmetry or variant metadata,6.5,456,known_synthesized
boundary_contrast,JVASP-142153,Li7Mn2Co3O12,JVASP-100700,LiLaSO,LiLaSO,bulk,dft_3d,La-Li-O-S,oxide,oxide,ABCD,unknown,unknown,0.35,False,True,True,La;Li;O;S,2,0.5,False,True,True,129,,4,False,121.0,-2.68525,-2.68525,0.0154,,stable_or_known,related formula/prototype/chemistry/family with different symmetry or variant metadata,6.5,457,known_synthesized
boundary_contrast,JVASP-142153,Li7Mn2Co3O12,JVASP-43305,Li2Ni3SbO8,Li2Ni3SbO8,bulk,dft_3d,Li-Ni-O-Sb,oxide,oxide,AB2C3D8,unknown,unknown,0.35,False,True,True,Li;Ni;O;Sb,2,0.5,False,True,True,166,,5,False,158.0,-1.39052,-1.39052,0.028300000000000002,,stable_or_known,related formula/prototype/chemistry/family with different symmetry or variant metadata,6.5,458,known_synthesized
boundary_contrast,JVASP-142153,Li7Mn2Co3O12,JVASP-87910,Mg3Mn2Si3O12,Mg3Mn2(SiO4)3,bulk,dft_3d,Mg-Mn-O-Si,oxide,oxide,AB2C3D4,unknown,unknown,0.35,False,True,True,Mg;Mn;O;Si,2,0.5,False,True,True,230,,7,False,222.0,-2.61371,-2.61371,0.0984,True,stable_or_known,related formula/prototype/chemistry/family with different symmetry or variant metadata,6.5,459,
boundary_contrast,JVASP-142153,Li7Mn2Co3O12,JVASP-58405,Li8IrO6,Li8IrO6,bulk,dft_3d,Ir-Li-O,oxide,oxide,AB6C8,unknown,unknown,0.35,False,True,True,Ir;Li;O,2,0.5,False,True,True,148,,5,False,140.0,-1.8562500000000002,-1.8562500000000002,0.0041,True,stable_or_known,related formula/prototype/chemistry/family with different symmetry or variant metadata,6.5,460,
boundary_contrast,JVASP-142153,Li7Mn2Co3O12,JVASP-17469,CoPtO2,CoPtO2,bulk,dft_3d,Co-O-Pt,oxide,oxide,ABC2,unknown,unknown,0.35,False,True,True,Co;O;Pt,2,0.5,False,True,True,166,,5,False,158.0,-0.9967100000000001,-0.9967100000000001,0.0,True,stable_or_known,related formula/prototype/chemistry/family with different symmetry or variant metadata,6.5,461,
boundary_contrast,JVASP-142153,Li7Mn2Co3O12,JVASP-43066,CoSbO4,CoSbO4,bulk,dft_3d,Co-O-Sb,oxide,oxide,ABC4,unknown,unknown,0.35,False,True,True,Co;O;Sb,2,0.5,False,True,True,119,,4,False,111.0,-1.22434,-1.22434,0.0597,,stable_or_known,related formula/prototype/chemistry/family with different symmetry or variant metadata,6.5,462,known_synthesized
boundary_contrast,JVASP-142153,Li7Mn2Co3O12,JVASP-18880,TaMn2O3,TaMn2O3,bulk,dft_3d,Mn-O-Ta,oxide,oxide,AB2C3,unknown,unknown,0.35,False,True,True,Mn;O;Ta,2,0.5,False,True,True,191,,6,False,183.0,-1.1215,-1.1215,0.8993,True,stable_or_known,related formula/prototype/chemistry/family with different symmetry or variant metadata,6.5,463,
boundary_contrast,JVASP-142153,Li7Mn2Co3O12,JVASP-14441,CoO2,CoO2,2d,dft_2d,Co-O,oxide,oxide,AO2,unknown,unknown,0.35,False,True,True,Co;O,2,0.5,False,True,True,164,,5,False,156.0,-0.9247400000000001,-0.9247400000000001,0.0,,stable_or_known,related formula/prototype/chemistry/family with different symmetry or variant metadata,6.5,464,known_synthesized
boundary_contrast,JVASP-142153,Li7Mn2Co3O12,JVASP-141043,Li2Cr3NiO8,Li2Cr3NiO8,bulk,dft_3d,Cr-Li-Ni-O,oxide,oxide,AB2C3D8,unknown,unknown,0.35,False,True,True,Cr;Li;Ni;O,2,0.5,False,True,True,166,,5,False,158.0,-1.98682,-1.98682,0.014,,stable_or_known,related formula/prototype/chemistry/family with different symmetry or variant metadata,6.5,465,known_synthesized
boundary_contrast,JVASP-142153,Li7Mn2Co3O12,JVASP-95206,NaLiSO4,NaLiSO4,bulk,dft_3d,Li-Na-O-S,oxide,oxide,ABCD4,unknown,unknown,0.35,False,True,True,Li;Na;O;S,2,0.5,False,True,True,159,,5,False,151.0,-1.96753,-1.96753,0.0,True,stable_or_known,related formula/prototype/chemistry/family with different symmetry or variant metadata,6.5,466,
boundary_contrast,JVASP-142153,Li7Mn2Co3O12,JVASP-50077,Li5CuSO2,Li5CuSO2,bulk,dft_3d,Cu-Li-O-S,oxide,oxide,ABC2D5,unknown,unknown,0.35,False,True,True,Cu;Li;O;S,2,0.5,False,True,True,123,,4,False,115.0,-1.6027900000000002,-1.6027900000000002,0.0805,,stable_or_known,related formula/prototype/chemistry/family with different symmetry or variant metadata,6.5,467,known_synthesized
boundary_contrast,JVASP-142153,Li7Mn2Co3O12,JVASP-136951,RbLiO,RbLiO,bulk,dft_3d,Li-O-Rb,oxide,oxide,ABC,unknown,unknown,0.35,False,True,True,Li;O;Rb,2,0.5,False,True,True,129,,4,False,121.0,-1.6193600000000001,-1.6193600000000001,0.0131,,stable_or_known,related formula/prototype/chemistry/family with different symmetry or variant metadata,6.5,468,known_synthesized
boundary_contrast,JVASP-142153,Li7Mn2Co3O12,JVASP-106886,NaMnO2,NaMnO2,bulk,dft_3d,Mn-Na-O,oxide,oxide,ABC2,unknown,unknown,0.35,False,True,True,Mn;Na;O,2,0.5,False,True,True,166,,5,False,158.0,-1.81514,-1.81514,0.0579,,stable_or_known,related formula/prototype/chemistry/family with different symmetry or variant metadata,6.5,469,known_synthesized
boundary_contrast,JVASP-142153,Li7Mn2Co3O12,JVASP-112347,Sr3PrMn4O12,Sr3PrMn4O12,bulk,dft_3d,Mn-O-Pr-Sr,oxide,oxide,AB3C4D12,unknown,unknown,0.35,False,True,True,Mn;O;Pr;Sr,2,0.5,False,True,True,229,,7,False,221.0,-2.6066700000000003,-2.6066700000000003,0.0045000000000000005,,stable_or_known,related formula/prototype/chemistry/family with different symmetry or variant metadata,6.5,470,known_synthesized
boundary_contrast,JVASP-142153,Li7Mn2Co3O12,JVASP-50886,LiBi3O6,Li(BiO2)3,bulk,dft_3d,Bi-Li-O,oxide,oxide,ABC2,unknown,unknown,0.35,False,True,True,Bi;Li;O,2,0.5,False,True,True,148,,5,False,140.0,-1.29322,-1.29322,0.08850000000000001,,stable_or_known,related formula/prototype/chemistry/family with different symmetry or variant metadata,6.5,471,known_synthesized
boundary_contrast,JVASP-142153,Li7Mn2Co3O12,JVASP-31290,CoCuO2,CoCuO2,bulk,dft_3d,Co-Cu-O,oxide,oxide,ABC2,unknown,unknown,0.35,False,True,True,Co;Cu;O,2,0.5,False,True,True,166,,5,False,158.0,-1.03632,-1.03632,0.0,True,stable_or_known,related formula/prototype/chemistry/family with different symmetry or variant metadata,6.5,472,
boundary_contrast,JVASP-142153,Li7Mn2Co3O12,JVASP-110618,CoO2,CoO2,bulk,dft_3d,Co-O,oxide,oxide,AO2,unknown,unknown,0.35,False,True,True,Co;O,2,0.5,False,True,True,166,,5,False,158.0,-0.9754600000000001,-0.9754600000000001,0.09140000000000001,,stable_or_known,related formula/prototype/chemistry/family with different symmetry or variant metadata,6.5,473,known_synthesized
boundary_contrast,JVASP-142153,Li7Mn2Co3O12,JVASP-27075,LiAl5O8,LiAl5O8,bulk,dft_3d,Al-Li-O,oxide,oxide,AB5C8,unknown,unknown,0.35,False,True,True,Al;Li;O,2,0.5,False,True,True,212,,7,False,204.0,-3.24554,-3.24554,0.0,,stable_or_known,related formula/prototype/chemistry/family with different symmetry or variant metadata,6.5,474,known_synthesized
boundary_contrast,JVASP-142153,Li7Mn2Co3O12,JVASP-51611,YbMn4Cu3O12,YbMn4(CuO4)3,bulk,dft_3d,Cu-Mn-O-Yb,oxide,oxide,ABC4D4,unknown,unknown,0.35,False,True,True,Cu;Mn;O;Yb,2,0.5,False,True,True,204,,7,False,196.0,-1.75865,-1.75865,0.0119,True,stable_or_known,related formula/prototype/chemistry/family with different symmetry or variant metadata,6.5,475,
boundary_contrast,JVASP-142153,Li7Mn2Co3O12,JVASP-57430,Ba2Mn2Bi2O,Ba2Mn2Bi2O,bulk,dft_3d,Ba-Bi-Mn-O,oxide,oxide,AB2C2D2,unknown,unknown,0.35,False,True,True,Ba;Bi;Mn;O,2,0.5,False,True,True,194,,6,False,186.0,-0.8861700000000001,-0.8861700000000001,0.2066,True,stable_or_known,related formula/prototype/chemistry/family with different symmetry or variant metadata,6.5,476,
boundary_contrast,JVASP-142153,Li7Mn2Co3O12,JVASP-11481,RbLiCrO4,RbLiCrO4,bulk,dft_3d,Cr-Li-O-Rb,oxide,oxide,ABCD4,unknown,unknown,0.35,False,True,True,Cr;Li;O;Rb,2,0.5,False,True,True,159,,5,False,151.0,-2.20867,-2.20867,0.020200000000000003,True,stable_or_known,related formula/prototype/chemistry/family with different symmetry or variant metadata,6.5,477,
boundary_contrast,JVASP-142153,Li7Mn2Co3O12,JVASP-50394,Sr3LiTa4O12F2,Sr3LiTa4(O6F)2,bulk,dft_3d,F-Li-O-Sr-Ta,oxide,oxide,ABC3D4E6,unknown,unknown,0.35,False,True,True,F;Li;O;Sr;Ta,2,0.5,False,True,True,166,,5,False,158.0,-3.25746,-3.25746,0.0368,,stable_or_known,related formula/prototype/chemistry/family with different symmetry or variant metadata,6.5,478,known_synthesized
boundary_contrast,JVASP-142153,Li7Mn2Co3O12,JVASP-87985,Li7TaO6,Li7TaO6,bulk,dft_3d,Li-O-Ta,oxide,oxide,AB6C7,unknown,unknown,0.35,False,True,True,Li;O;Ta,2,0.5,False,True,True,146,,5,False,138.0,-2.41258,-2.41258,0.0505,True,stable_or_known,related formula/prototype/chemistry/family with different symmetry or variant metadata,6.5,479,
boundary_contrast,JVASP-142153,Li7Mn2Co3O12,JVASP-133635,Mn5O3F5,Mn5O3F5,bulk,dft_3d,F-Mn-O,oxide,oxide,A3B5C5,unknown,unknown,0.35,False,True,True,F;Mn;O,2,0.5,False,True,True,160,,5,False,152.0,-1.95713,-1.95713,0.0,,stable_or_known,related formula/prototype/chemistry/family with different symmetry or variant metadata,6.5,480,known_synthesized
boundary_contrast,JVASP-142153,Li7Mn2Co3O12,JVASP-140415,LiAlSiO4,LiAlSiO4,bulk,dft_3d,Al-Li-O-Si,oxide,oxide,ABCD4,unknown,unknown,0.35,False,True,True,Al;Li;O;Si,2,0.5,False,True,True,180,,6,False,172.0,-2.98619,-2.98619,0.00030000000000000003,,stable_or_known,related formula/prototype/chemistry/family with different symmetry or variant metadata,6.5,481,known_synthesized
boundary_contrast,JVASP-142153,Li7Mn2Co3O12,JVASP-44631,MnO2,MnO2,bulk,dft_3d,Mn-O,oxide,oxide,AO2,unknown,unknown,0.35,False,True,True,Mn;O,2,0.5,False,True,True,186,,6,False,178.0,-1.76425,-1.76425,0.0407,,stable_or_known,related formula/prototype/chemistry/family with different symmetry or variant metadata,6.5,482,known_synthesized
boundary_contrast,JVASP-142153,Li7Mn2Co3O12,JVASP-151380,Ba2CoReO6,Ba2CoReO6,bulk,dft_3d,Ba-Co-O-Re,oxide,oxide,ABC2D6,unknown,unknown,0.35,False,True,True,Ba;Co;O;Re,2,0.5,False,True,True,225,,7,False,217.0,-2.18284,-2.18284,0.0,,stable_or_known,related formula/prototype/chemistry/family with different symmetry or variant metadata,6.5,483,known_synthesized
boundary_contrast,JVASP-142153,Li7Mn2Co3O12,JVASP-109413,CaLaCo2O6,CaLa(CoO3)2,bulk,dft_3d,Ca-Co-La-O,oxide,oxide,ABCD3,unknown,unknown,0.35,False,True,True,Ca;Co;La;O,2,0.5,False,True,True,225,,7,False,217.0,-2.22036,-2.22036,0.0415,,stable_or_known,related formula/prototype/chemistry/family with different symmetry or variant metadata,6.5,484,known_synthesized
boundary_contrast,JVASP-142153,Li7Mn2Co3O12,JVASP-101260,MnO2,MnO2,bulk,dft_3d,Mn-O,oxide,oxide,AO2,unknown,unknown,0.35,False,True,True,Mn;O,2,0.5,False,True,True,166,,5,False,158.0,-1.75296,-1.75296,0.052000000000000005,,stable_or_known,related formula/prototype/chemistry/family with different symmetry or variant metadata,6.5,485,known_synthesized
boundary_contrast,JVASP-142153,Li7Mn2Co3O12,JVASP-99870,BaSrCo2O6,BaSr(CoO3)2,bulk,dft_3d,Ba-Co-O-Sr,oxide,oxide,ABCD3,unknown,unknown,0.35,False,True,True,Ba;Co;O;Sr,2,0.5,False,True,True,187,,6,False,179.0,-2.01627,-2.01627,0.029500000000000002,,stable_or_known,related formula/prototype/chemistry/family with different symmetry or variant metadata,6.5,486,known_synthesized
boundary_contrast,JVASP-142153,Li7Mn2Co3O12,JVASP-119654,LiFe2Rh3O8,LiFe2Rh3O8,bulk,dft_3d,Fe-Li-O-Rh,oxide,oxide,AB2C3D8,unknown,unknown,0.35,False,True,True,Fe;Li;O;Rh,2,0.5,False,True,True,160,,5,False,152.0,-1.22694,-1.22694,0.0449,,stable_or_known,related formula/prototype/chemistry/family with different symmetry or variant metadata,6.5,487,known_synthesized
boundary_contrast,JVASP-142153,Li7Mn2Co3O12,JVASP-75320,Co3TeO8,Co3TeO8,2d,dft_2d,Co-O-Te,oxide,oxide,AB3C8,unknown,unknown,0.35,False,True,True,Co;O;Te,2,0.5,False,True,True,164,,5,False,156.0,-0.97591,-0.97591,0.0,,stable_or_known,related formula/prototype/chemistry/family with different symmetry or variant metadata,6.5,488,known_synthesized
boundary_contrast,JVASP-142153,Li7Mn2Co3O12,JVASP-142692,TiMnH12O6F6,TiMnH12(OF)6,bulk,dft_3d,F-H-Mn-O-Ti,oxide,oxide,ABCDE12,unknown,unknown,0.35,False,True,True,F;H;Mn;O;Ti,2,0.5,False,True,True,148,,5,False,140.0,-1.6575600000000001,-1.6575600000000001,0.0,,stable_or_known,related formula/prototype/chemistry/family with different symmetry or variant metadata,6.5,489,known_synthesized
boundary_contrast,JVASP-142153,Li7Mn2Co3O12,JVASP-144087,Mn3O4F2,Mn3(O2F)2,bulk,dft_3d,F-Mn-O,oxide,oxide,AB2C3,unknown,unknown,0.35,False,True,True,F;Mn;O,2,0.5,False,True,True,136,,4,False,128.0,-1.99469,-1.99469,0.0,,stable_or_known,related formula/prototype/chemistry/family with different symmetry or variant metadata,6.5,490,known_synthesized
boundary_contrast,JVASP-142153,Li7Mn2Co3O12,JVASP-108157,BaLaMn2O6,BaLaMn2O6,bulk,dft_3d,Ba-La-Mn-O,oxide,oxide,ABC2D6,unknown,unknown,0.35,False,True,True,Ba;La;Mn;O,2,0.5,False,True,True,225,,7,False,217.0,-2.66299,-2.66299,0.0245,,stable_or_known,related formula/prototype/chemistry/family with different symmetry or variant metadata,6.5,491,known_synthesized
boundary_contrast,JVASP-142153,Li7Mn2Co3O12,JVASP-60812,LiAlGeO4,LiAlGeO4,bulk,dft_3d,Al-Ge-Li-O,oxide,oxide,ABCD4,unknown,unknown,0.35,False,True,True,Al;Ge;Li;O,2,0.5,False,True,True,148,,5,False,140.0,-2.45983,-2.45983,0.0,,stable_or_known,related formula/prototype/chemistry/family with different symmetry or variant metadata,6.5,492,known_synthesized
boundary_contrast,JVASP-142153,Li7Mn2Co3O12,JVASP-75426,Sr2MnSO3,Sr2MnSO3,2d,dft_2d,Mn-O-S-Sr,oxide,oxide,ABC2D3,unknown,unknown,0.35,False,True,True,Mn;O;S;Sr,2,0.5,False,True,True,129,,4,False,121.0,-2.3371,-2.3371,0.0,,stable_or_known,related formula/prototype/chemistry/family with different symmetry or variant metadata,6.5,493,known_synthesized
boundary_contrast,JVASP-142153,Li7Mn2Co3O12,JVASP-34829,LiCu2O4,Li(CuO2)2,bulk,dft_3d,Cu-Li-O,oxide,oxide,ABC2,unknown,unknown,0.35,False,True,True,Cu;Li;O,2,0.5,False,True,True,227,,7,False,219.0,-0.83633,-0.83633,0.095,,stable_or_known,related formula/prototype/chemistry/family with different symmetry or variant metadata,6.5,494,known_synthesized
boundary_contrast,JVASP-142153,Li7Mn2Co3O12,JVASP-87948,Ba5Co5O14,Ba5Co5O14,bulk,dft_3d,Ba-Co-O,oxide,oxide,A5B5C14,unknown,unknown,0.35,False,True,True,Ba;Co;O,2,0.5,False,True,True,164,,5,False,156.0,-2.0,-2.0,0.0357,True,stable_or_known,related formula/prototype/chemistry/family with different symmetry or variant metadata,6.5,495,
boundary_contrast,JVASP-142153,Li7Mn2Co3O12,JVASP-55459,Nd4MnSe6O,Nd4MnSe6O,bulk,dft_3d,Mn-Nd-O-Se,oxide,oxide,ABC4D6,unknown,unknown,0.35,False,True,True,Mn;Nd;O;Se,2,0.5,False,True,True,186,,6,False,178.0,-1.85033,-1.85033,0.08170000000000001,True,stable_or_known,related formula/prototype/chemistry/family with different symmetry or variant metadata,6.5,496,
boundary_contrast,JVASP-142153,Li7Mn2Co3O12,JVASP-88369,Li3AuO3,Li3AuO3,bulk,dft_3d,Au-Li-O,oxide,oxide,AB3C3,unknown,unknown,0.35,False,True,True,Au;Li;O,2,0.5,False,True,True,136,,4,False,128.0,-1.55898,-1.55898,0.0001,True,stable_or_known,related formula/prototype/chemistry/family with different symmetry or variant metadata,6.5,497,
boundary_contrast,JVASP-142153,Li7Mn2Co3O12,JVASP-86607,Ba2CoMoO6,Ba2CoMoO6,bulk,dft_3d,Ba-Co-Mo-O,oxide,oxide,ABC2D6,unknown,unknown,0.35,False,True,True,Ba;Co;Mo;O,2,0.5,False,True,True,225,,7,False,217.0,-2.43878,-2.43878,0.0164,True,stable_or_known,related formula/prototype/chemistry/family with different symmetry or variant metadata,6.5,498,
boundary_contrast,JVASP-142153,Li7Mn2Co3O12,JVASP-122496,Ba2YCo3O8,Ba2YCo3O8,bulk,dft_3d,Ba-Co-O-Y,oxide,oxide,AB2C3D8,unknown,unknown,0.35,False,True,True,Ba;Co;O;Y,2,0.5,False,True,True,123,,4,False,115.0,-2.13947,-2.13947,0.0877,,stable_or_known,related formula/prototype/chemistry/family with different symmetry or variant metadata,6.5,499,known_synthesized
boundary_contrast,JVASP-142153,Li7Mn2Co3O12,JVASP-122466,Sr3Ti2Mn2BiO12,Sr3Ti2Mn2BiO12,bulk,dft_3d,Bi-Mn-O-Sr-Ti,oxide,oxide,AB2C2D3E12,unknown,unknown,0.35,False,True,True,Bi;Mn;O;Sr;Ti,2,0.5,False,True,True,166,,5,False,158.0,-2.72632,-2.72632,0.0264,,stable_or_known,related formula/prototype/chemistry/family with different symmetry or variant metadata,6.5,500,known_synthesized
